keyword,title,price,likes,views,brand,country,url
Crocs femme,Crocs,30.0,50,0,Crocs,,https://www.vinted.fr/items/8860166901
Crocs femme,Lot de 10 pins pour crocs,20.0,12,0,Crocs,,https://www.vinted.fr/items/8860834636
Crocs femme,Sabot crocs gris foncé - taille 39/40,34.0,30,0,Crocs,,https://www.vinted.fr/items/8830277494
Crocs femme,Crocs bae clog,23.0,9,0,Crocs,,https://www.vinted.fr/items/8860943549
Crocs femme,Crocs Rose,35.0,23,0,Crocs,,https://www.vinted.fr/items/8859859013
Crocs femme,Chaussures Crocs édition limitée T 40/41,45.0,70,0,Crocs,,https://www.vinted.fr/items/8830049450
Crocs femme,Crocs woman black,29.99,8,0,Crocs,,https://www.vinted.fr/items/8861024001
Crocs femme,Original crocs Oyster size 36,25.0,71,0,Crocs,,https://www.vinted.fr/items/8348360676
Crocs femme,superbes sandales CROCS,25.0,69,0,Crocs,,https://www.vinted.fr/items/8830666681
Crocs femme,Crocs green lightweight size M6 W8,30.0,109,0,Crocs,,https://www.vinted.fr/items/8838063316
Crocs femme,Crocs femme,30.0,19,0,Crocs,,https://www.vinted.fr/items/8860723797
Crocs femme,Crocs ballerinas,23.0,73,0,Crocs,,https://www.vinted.fr/items/8842328733
Crocs femme,Platform Crocs,25.0,33,0,Crocs,,https://www.vinted.fr/items/8856991100
Crocs femme,Crocs size 41,30.0,32,0,Crocs x Beams,,https://www.vinted.fr/items/8772316824
Crocs femme,Crocs beige crème- très bon état- confort au top,20.0,11,0,Crocs,,https://www.vinted.fr/items/8861001082
Crocs femme,crocs 36/37 noir jamais utilisé neuf,25.0,28,0,Crocs,,https://www.vinted.fr/items/8859866345
Crocs femme,Crocs crush clog,40.0,143,0,Crocs,,https://www.vinted.fr/items/8575122600
Crocs femme,Crocs neuves avec son sac,40.0,66,0,Crocs,,https://www.vinted.fr/items/7371955146
Crocs femme,Crocs femme,30.0,88,0,Crocs,,https://www.vinted.fr/items/8854646245
Crocs femme,"Infradito con paillettes molto comode, eleganti e di alta qualità",57.0,58,0,Crocs,,https://www.vinted.fr/items/8715984320
Crocs femme,Crocs platform,25.0,39,0,Crocs,,https://www.vinted.fr/items/8820566289
Crocs femme,Sandali platform Crocs grigi con charms oro Jibbitz,26.5,83,0,Crocs,,https://www.vinted.fr/items/8427636776
Crocs femme,"Infradito con paillettes molto comode, eleganti e di alta qualità",39.0,90,0,Crocs,,https://www.vinted.fr/items/8715966243
Crocs femme,Crocs blanches Bayaband,45.0,19,0,Crocs,,https://www.vinted.fr/items/8816445949
Crocs femme,Crocs taupe,30.0,49,0,Crocs,,https://www.vinted.fr/items/8856992245
Crocs femme,"Cosci comodi, di alta qualità e leggeri",49.0,59,0,Crocs,,https://www.vinted.fr/items/8789529027
Crocs femme,Charmes crocs,6.0,31,0,Crocs,,https://www.vinted.fr/items/8838732821
Crocs femme,💙 Crocs bleues – taille 41/42 (9–11),35.0,12,0,Crocs,,https://www.vinted.fr/items/8817539051
Crocs femme,Crocs Black Ballet Flats – Lightweight & Comfortable,14.5,22,0,Crocs,,https://www.vinted.fr/items/8762416929
Crocs femme,Crocs noir,30.0,53,0,Crocs,,https://www.vinted.fr/items/8859577250
Crocs femme,Crocs Classic (38/39),45.0,9,0,Crocs,,https://www.vinted.fr/items/8839561310
Crocs femme,Crocs sandals W10 size40,38.0,25,0,Crocs,,https://www.vinted.fr/items/8832250650
Crocs femme,Crocs blanches plate-forme pims fantaisie,65.0,7,0,Crocs,,https://www.vinted.fr/items/8770674197
Crocs femme,Aura clog plate-forme,30.0,84,0,Crocs,,https://www.vinted.fr/items/8657460812
Crocs femme,Aura clogs,25.0,8,0,Crocs,,https://www.vinted.fr/items/8661530570
Crocs femme,Crocs Bride,35.0,5,0,Crocs,,https://www.vinted.fr/items/8861157675
Crocs femme,Crocs Bubble Crush Clog Triple Black,60.0,39,0,Crocs,,https://www.vinted.fr/items/8571371623
Crocs femme,Crocs ECHO,55.0,42,0,Crocs,,https://www.vinted.fr/items/8560858420
Crocs femme,Pins crocs,8.0,73,0,Crocs,,https://www.vinted.fr/items/8849839663
Crocs femme,Crocs Classic clogs Bone white Maat 38/39 EU - Nieuw met kaartjes,25.0,9,0,Crocs,,https://www.vinted.fr/items/8861078029
Crocs femme,"Sandali Crocs usati poche volte, come nuovi",50.0,10,0,Crocs,,https://www.vinted.fr/items/8815929496
Crocs femme,Crocs noir mode,35.0,29,0,Crocs,,https://www.vinted.fr/items/8854554727
Crocs femme,Pins crocs,5.0,31,0,Crocs,,https://www.vinted.fr/items/8848549312
Crocs femme,Crocs rose d’été,25.0,8,0,Crocs,,https://www.vinted.fr/items/8861069185
Crocs femme,Cros Soho two strap sandals,55.0,92,0,Crocs,,https://www.vinted.fr/items/8794166660
Crocs femme,"Infradito eleganti, di alta qualità e leggere",55.0,48,0,Crocs,,https://www.vinted.fr/items/8716072619
Crocs femme,Crocs,9.0,17,0,Crocs,,https://www.vinted.fr/items/8858527708
Crocs femme,CROCS compensée noires,40.0,12,0,Crocs,,https://www.vinted.fr/items/7957922656
Crocs femme,Sabots crocs noirs,28.0,35,0,Crocs,,https://www.vinted.fr/items/8859458324
Crocs femme,Crocs Classic Clogs zwart nieuw 36/37,25.0,33,0,Crocs,,https://www.vinted.fr/items/8860878685
Crocs femme,Crocs neuf 37,30.0,25,0,Crocs,,https://www.vinted.fr/items/8858521995
Crocs femme,Crocs X Bape roses 43 neufs,69.0,23,0,A Bathing Ape (BAPE),,https://www.vinted.fr/items/8851409445
Crocs femme,Chaussures d’eau homme crocs,15.0,23,0,Crocs,,https://www.vinted.fr/items/8833496756
Crocs femme,Crocs rosa,10.0,28,0,Crocs,,https://www.vinted.fr/items/8861185040
Crocs femme,Crocs,25.0,4,0,Crocs,,https://www.vinted.fr/items/8861132133
Crocs femme,Mules et sabots noir,25.0,0,0,Crocs,,https://www.vinted.fr/items/8858148743
Crocs femme,Crocs rose | 36-37,29.0,20,0,Crocs,,https://www.vinted.fr/items/8860751206
Crocs femme,Crocs noir,25.0,39,0,Crocs,,https://www.vinted.fr/items/8860476848
Crocs femme,Crocs,13.0,4,0,Crocs,,https://www.vinted.fr/items/8859699575
Crocs femme,Crocs blanche grosse semelle,25.2,63,0,Crocs,,https://www.vinted.fr/items/8854569038
Crocs femme,Crocs taille 11 (45),18.0,14,0,Crocs,,https://www.vinted.fr/items/8789407532
Crocs femme,Crocs femme,25.0,20,0,Crocs,,https://www.vinted.fr/items/8859355045
Crocs femme,Neue Crocs Mega Crush für Damen Plateau Gr 41,31.0,21,0,Crocs,,https://www.vinted.fr/items/8860098091
Crocs femme,Crocs,29.99,31,0,Crocs,,https://www.vinted.fr/items/8855241536
Crocs femme,Crocs noir,40.0,21,0,Crocs,,https://www.vinted.fr/items/8859292601
Crocs femme,Tonton daoud pins crocs,1.5,6,0,,,https://www.vinted.fr/items/8853985879
Crocs femme,Crocs jibbitz charms,1.0,20,0,Crocs,,https://www.vinted.fr/items/8856368373
Crocs femme,Crocs 38.39,35.0,23,0,Crocs,,https://www.vinted.fr/items/8857117694
Crocs femme,Crocs rose,26.0,33,0,Crocs,,https://www.vinted.fr/items/8858487331
Crocs femme,Crocs 37-38,35.0,25,0,Crocs,,https://www.vinted.fr/items/8857067564
Crocs femme,Crocs femme,30.0,45,0,Crocs,,https://www.vinted.fr/items/8858533727
Crocs femme,sabot mule crocs rose pale 37-38,28.0,47,0,Crocs,,https://www.vinted.fr/items/8860254795
Crocs femme,Sandalen Crocs,50.0,36,0,Crocs,,https://www.vinted.fr/items/8839224022
Crocs femme,Crocs Classic latte,30.0,56,0,Crocs,,https://www.vinted.fr/items/8859872762
Crocs femme,Classic white Crocs size 39-40 M7 W9,26.0,11,0,Crocs,,https://www.vinted.fr/items/8860222636
Crocs femme,Crocs violet,26.0,27,0,Crocs,,https://www.vinted.fr/items/8858463756
Crocs femme,Crocs originales grises à paillettes,12.0,24,0,Crocs,,https://www.vinted.fr/items/8847311563
Crocs femme,Crocs Classic Marbled Sandal blue bolt/multi,25.0,6,0,Crocs,,https://www.vinted.fr/items/8831415252
Crocs femme,Crocs à plate-forme,35.0,19,0,Crocs,,https://www.vinted.fr/items/8859686853
Crocs femme,Crocs blancs classiques – prix attractif – vente rapide-37,26.98,7,0,Crocs,,https://www.vinted.fr/items/8860614429
Crocs femme,Crocs noires,35.0,39,0,Crocs,,https://www.vinted.fr/items/8844381978
Crocs femme,Lot de 10 pins pour crocs,20.0,7,0,Crocs,,https://www.vinted.fr/items/8860746399
Crocs femme,Crocs compensées femme,40.0,18,0,Crocs,,https://www.vinted.fr/items/8860442533
Crocs femme,Crocs plateforme beige,40.0,23,0,Crocs,,https://www.vinted.fr/items/8857508520
Crocs femme,Crocs,13.0,9,0,Crocs,,https://www.vinted.fr/items/8859509875
Crocs femme,5 pins pour crocs,8.0,55,0,Crocs,,https://www.vinted.fr/items/8814650594
Crocs femme,Crocs blanche,30.0,33,0,Crocs,,https://www.vinted.fr/items/8856973523
Crocs femme,Crocs,30.0,10,0,Crocs,,https://www.vinted.fr/items/8860162518
Crocs femme,Crocs blanches classiques adulte – confortables et légères 38-39,30.0,7,0,Crocs,,https://www.vinted.fr/items/8860040985
Crocs femme,Passeport algerie pins crocs,2.5,11,0,,,https://www.vinted.fr/items/8854353858
Crocs femme,Crocs,15.0,19,0,boutique indépendante,,https://www.vinted.fr/items/8852984193
Crocs femme,Crocs kitchen shoes,48.0,45,0,Crocs,,https://www.vinted.fr/items/8776638317
Crocs femme,Crocs rose,25.0,82,0,Crocs,,https://www.vinted.fr/items/8836700103
Crocs femme,Lot de 10 pins pour crocs,20.0,5,0,Crocs,,https://www.vinted.fr/items/8860804247
Crocs femme,Crocs beige mixte neuf original pt 40,32.0,60,0,Crocs,,https://www.vinted.fr/items/8807118403
Crocs femme,"Crocs à motif floral t38/38,5",15.0,62,0,Crocs,,https://www.vinted.fr/items/8858007686
Crocs femme,Crocs jibbitz charms,1.0,20,0,Crocs,,https://www.vinted.fr/items/8856368373
Crocs femme,Crocs femme,25.0,20,0,Crocs,,https://www.vinted.fr/items/8859355045
Crocs femme,"Sandales d'été Crocs, taille 37",22.0,54,0,Crocs,,https://www.vinted.fr/items/8833251249
Crocs femme,Chaussons pour femmes Crocs,27.0,57,0,Crocs,,https://www.vinted.fr/items/8843428999
Crocs femme,Crocs noir,23.0,32,0,Crocs,,https://www.vinted.fr/items/8809520121
Crocs femme,Clips Jibbitz crocs,7.0,39,0,Crocs,,https://www.vinted.fr/items/8756682427
Crocs femme,Crocs  clásicos rosa pálido. Talla 36-37,29.0,1,0,Crocs,,https://www.vinted.fr/items/8861197939
Crocs femme,Crocs 37-38,35.0,25,0,Crocs,,https://www.vinted.fr/items/8857067564
Crocs femme,Pink crocs,22.0,13,0,Crocs,,https://www.vinted.fr/items/8850554855
Crocs femme,Crocs marron,25.0,0,0,Crocs,,https://www.vinted.fr/items/8861133830
Crocs femme,Crocs Lila,30.0,22,0,Crocs,,https://www.vinted.fr/items/8853648974
Crocs femme,Crocs 38.39,35.0,23,0,Crocs,,https://www.vinted.fr/items/8857117694
Crocs femme,"Crocs à motif floral t38/38,5",15.0,62,0,Crocs,,https://www.vinted.fr/items/8858007686
Crocs femme,Crocs CARS taille 38/39 -> M6/W8,40.0,11,0,Crocs,,https://www.vinted.fr/items/8859696807
Crocs femme,Ballerines crocs marron pointure 40 (w9),8.0,6,0,Crocs,,https://www.vinted.fr/items/8858534957
Crocs femme,Crocs Clog/Sandalen /Hausschuhe Gr. 37 Neu w.,33.0,38,0,Crocs,,https://www.vinted.fr/items/8860047582
Crocs femme,Crocs plateforme,35.0,50,0,Crocs,,https://www.vinted.fr/items/8846396790
Crocs femme,Crocs moumoute noir,15.0,16,0,Crocs,,https://www.vinted.fr/items/8837276684
Crocs femme,Crocs gris pailleté,45.0,13,0,Crocs,,https://www.vinted.fr/items/8859675584
Crocs femme,Pins pour crocs,1.0,26,0,Crocs,,https://www.vinted.fr/items/8810129301
Crocs femme,Crocs beige anti-dérapant,15.0,6,0,Crocs,,https://www.vinted.fr/items/8849581339
Crocs femme,Crocs Iconic Confort,20.0,5,0,Crocs,,https://www.vinted.fr/items/8856715642
Crocs femme,crocs,28.0,11,0,Crocs,,https://www.vinted.fr/items/8854334887
Crocs femme,Crocs,25.0,22,0,Crocs,,https://www.vinted.fr/items/8854498057
Crocs femme,crocs bella clog noire 36-37,35.0,29,0,Crocs,,https://www.vinted.fr/items/8851966820
Crocs femme,Sabots léopard,45.0,40,0,Crocs,,https://www.vinted.fr/items/8856739855
Crocs femme,Crocs Damen Platform Classic Crog~ W7~ 37/38~ Dunkelrot~ Violett,29.0,13,0,Crocs,,https://www.vinted.fr/items/8860889236
Crocs femme,Crocs Mixte pointure 41/42,20.0,6,0,Crocs,,https://www.vinted.fr/items/8860105747
Crocs femme,Crocs vermelhas,15.0,41,0,Crocs,,https://www.vinted.fr/items/8859662771
Crocs femme,Crocs baya neuf,26.0,29,0,Crocs,,https://www.vinted.fr/items/8839234796
Crocs femme,Ballerina Crocs Adrina III Flat tg 40 - W 9 grigio nuove,30.0,18,0,Crocs,,https://www.vinted.fr/items/8860889631
Crocs femme,Cross,25.0,53,0,Crocs,,https://www.vinted.fr/items/8851783545
Crocs femme,Crocs,20.0,18,0,Crocs,,https://www.vinted.fr/items/8859645906
Crocs femme,Crocs Plateau Platform Leopard Leo Print Leopardenmuster W6 36/37,35.0,21,0,Crocs,,https://www.vinted.fr/items/8860030387
Crocs femme,"Crocs Classique Taille 38-39 Jamais porté, Étiquette",33.0,16,0,Crocs,,https://www.vinted.fr/items/8852891865
Crocs femme,Tong Crocs,12.0,6,0,Crocs,,https://www.vinted.fr/items/8854530408
Crocs femme,Crocs compensés,25.0,42,0,Crocs,,https://www.vinted.fr/items/8833514051
Crocs femme,Crocs Iconic Comfort,19.0,3,0,Crocs,,https://www.vinted.fr/items/8860405482
Crocs femme,Crocs baya bleu ciel,30.0,3,0,Crocs,,https://www.vinted.fr/items/8860810367
Crocs femme,1 Pins crocs Algerie,2.5,10,0,,,https://www.vinted.fr/items/8844510893
Crocs femme,Pins crocs palestine,2.5,13,0,,,https://www.vinted.fr/items/8853960503
Crocs femme,Crocs baya clog,40.0,22,0,Crocs,,https://www.vinted.fr/items/8855646035
Crocs femme,Chaussure crocs,10.0,18,0,Shein,,https://www.vinted.fr/items/8857669255
Crocs femme,Pins breloque pour crocs,2.5,112,0,Crocs,,https://www.vinted.fr/items/8778259598
Crocs femme,Crocs plateforme noir,20.0,16,0,Crocs,,https://www.vinted.fr/items/8857284124
Crocs femme,Crocs Dammen Sandalen,15.0,27,0,Crocs,,https://www.vinted.fr/items/8860134853
Crocs femme,Lot de 10 pins pour crocs,20.0,68,0,Crocs,,https://www.vinted.fr/items/8827602287
Crocs femme,#Crocs plateau iconic confort 37/38 nuovo senza cartellino,27.0,34,0,Crocs,,https://www.vinted.fr/items/8857579529
Crocs femme,Crocs noires,13.0,4,0,Crocs,,https://www.vinted.fr/items/8860257830
Crocs femme,Crocs,10.0,14,0,Crocs,,https://www.vinted.fr/items/8782910708
Crocs femme,crocs rose,15.0,19,0,Crocs,,https://www.vinted.fr/items/8848810726
Crocs femme,Crush Clog crocs,40.0,24,0,Crocs,,https://www.vinted.fr/items/8852299745
Crocs femme,Crocs prix FERME,33.13,29,0,Crocs,,https://www.vinted.fr/items/8852217392
Crocs femme,Crocs à plate-forme,15.0,22,0,Crocs,,https://www.vinted.fr/items/8854152586
Crocs femme,Crocs compensées,20.0,26,0,Crocs,,https://www.vinted.fr/items/8848461054
Crocs femme,Zuecos Crocs,17.0,18,0,Crocs,,https://www.vinted.fr/items/8845802533
Crocs femme,Jibbitz crocs,1.0,6,0,Crocs,,https://www.vinted.fr/items/8850292039
Crocs femme,Crocs toddler,2.5,10,0,Crocs,,https://www.vinted.fr/items/8852158639
Crocs femme,Crocs taille 40,14.0,6,0,Crocs,,https://www.vinted.fr/items/8858310849
Crocs femme,Petale fleur pins crocs jibbitz charmes perles,6.0,33,0,Flower,,https://www.vinted.fr/items/8854353214
Crocs femme,Crocs jamais porté taille 38/39,39.0,71,0,Crocs,,https://www.vinted.fr/items/8842194222
Crocs femme,Crocs Classic Platform,29.0,29,0,Crocs,,https://www.vinted.fr/items/8857408695
Crocs femme,Crocs avec pins taille 38,10.0,61,0,sans marque,,https://www.vinted.fr/items/8842280374
Crocs femme,Crocs Sassari W9,14.5,11,0,Crocs,,https://www.vinted.fr/items/8860911380
Crocs femme,Banana print crocs like new,30.0,6,0,Crocs,,https://www.vinted.fr/items/8860793299
Crocs femme,Crocs,7.0,17,0,Crocs,,https://www.vinted.fr/items/8699853939
Crocs femme,Pins crocs decoratif,10.0,46,0,Crocs,,https://www.vinted.fr/items/8822309204
Crocs femme,CROCS,10.0,5,0,Crocs,,https://www.vinted.fr/items/8856442382
Crocs femme,Crocs noire neuve 38/39,30.0,11,0,Crocs,,https://www.vinted.fr/items/8859350736
Crocs femme,Charms crocs Maroc,10.0,3,0,Crocs,,https://www.vinted.fr/items/8857252560
Crocs femme,Crocs fourrées Rose T.6,10.0,38,0,Crocs,,https://www.vinted.fr/items/8459145338
Crocs femme,Crocs plateforme,35.0,21,0,Crocs,,https://www.vinted.fr/items/8845726089
Crocs femme,Crocs ballerines fleurs bleues,11.0,18,0,Crocs,,https://www.vinted.fr/items/8812251811
Crocs femme,Ballerines crocs,25.0,45,0,Crocs,,https://www.vinted.fr/items/8857475813
Crocs femme,Crocs flip Flops,15.0,35,0,Crocs,,https://www.vinted.fr/items/8859784576
Crocs femme,Crocs neuve lilas 37/38,30.0,6,0,Crocs,,https://www.vinted.fr/items/8860479546
Crocs femme,Crocs taille 38,35.0,23,0,Crocs,,https://www.vinted.fr/items/8853222251
Crocs femme,Crocs tulum open flat w5 n34-35,25.0,3,0,Crocs,,https://www.vinted.fr/items/8860674521
Crocs femme,white crocs,15.0,31,0,Crocs,,https://www.vinted.fr/items/8773031093
Crocs femme,Zueco mocasin crocs de charol,29.0,23,0,Crocs,,https://www.vinted.fr/items/8860090389
Crocs femme,Crocs neuve blanche 38/39,30.0,9,0,Crocs,,https://www.vinted.fr/items/8859386103
Crocs femme,Crocs femmes,35.0,25,0,Crocs,,https://www.vinted.fr/items/8853628479
Crocs femme,Sandale Crocs 35 neuve,35.0,26,0,Crocs,,https://www.vinted.fr/items/8855399087
Crocs femme,Crocs,20.0,27,0,Crocs,,https://www.vinted.fr/items/8854288484
Crocs femme,"Crocs  Classic Cheetah Micro Tote, Neu mit Etikett",29.99,71,0,Crocs,,https://www.vinted.fr/items/8847114685
Crocs femme,crocs classic t38-39,33.5,17,0,Crocs,,https://www.vinted.fr/items/8858520436
Crocs femme,Crocs pointure 41-42,18.0,25,0,Crocs,,https://www.vinted.fr/items/8856437818
Crocs femme,Crocs,30.0,80,0,Crocs,,https://www.vinted.fr/items/8842112468
Crocs femme,Claquette crocs,20.0,16,0,Crocs,,https://www.vinted.fr/items/8798417640
Crocs femme,Crocs Femmes Fleurs/ 36-37,35.0,12,0,Crocs,,https://www.vinted.fr/items/8859225592
Crocs femme,Crocs simpson,25.0,17,0,Crocs,,https://www.vinted.fr/items/8815163023
Crocs femme,Lot Charms pour crocs Michael Jackson,4.0,6,0,Crocs,,https://www.vinted.fr/items/8845869340
Crocs femme,Crocs tong,15.0,15,0,Crocs,,https://www.vinted.fr/items/8848759122
Crocs femme,Sabot Crocs,4.0,12,0,Crocs,,https://www.vinted.fr/items/8121584977
Crocs femme,Je vendre crocs,25.0,34,0,Crocs,,https://www.vinted.fr/items/8847593616
Crocs femme,Lot de 10 pins pour crocs,20.0,2,0,Crocs,,https://www.vinted.fr/items/8860740990
Crocs femme,Crocs simpson,25.0,17,0,Crocs,,https://www.vinted.fr/items/8815163023
Crocs femme,Crocs baya  noir,32.0,26,0,Crocs,,https://www.vinted.fr/items/8836637338
Crocs femme,Crocs neuve lilas 37/38,30.0,6,0,Crocs,,https://www.vinted.fr/items/8860479546
Crocs femme,Crocs compensées,20.0,26,0,Crocs,,https://www.vinted.fr/items/8848461054
Crocs femme,Sabot Crocs,4.0,12,0,Crocs,,https://www.vinted.fr/items/8121584977
Crocs femme,Crocs neuve blanche 38/39,30.0,9,0,Crocs,,https://www.vinted.fr/items/8859386103
Crocs femme,Claquette crocs,20.0,16,0,Crocs,,https://www.vinted.fr/items/8798417640
Crocs femme,Crocs femme taille M (37/38),23.0,16,0,Crocs,,https://www.vinted.fr/items/8858254363
Crocs femme,Crocs,8.0,18,0,Crocs,,https://www.vinted.fr/items/8859102427
Crocs femme,Crocs,30.0,47,0,Crocs,,https://www.vinted.fr/items/8841979838
Crocs femme,Je vendre crocs,25.0,34,0,Crocs,,https://www.vinted.fr/items/8847593616
Crocs femme,Crocs pointure 41-42,18.0,25,0,Crocs,,https://www.vinted.fr/items/8856437818
Crocs femme,Crocs (fausse) taille haute,8.0,9,0,Crocs,,https://www.vinted.fr/items/8757320720
Crocs femme,Crush Clog crocs,40.0,24,0,Crocs,,https://www.vinted.fr/items/8852299745
Crocs femme,"zoccoli leggeri, di alta qualità ed eleganti",49.0,4,0,Crocs,,https://www.vinted.fr/items/8860128797
Crocs femme,crocs plateforme,30.0,64,0,Crocs,,https://www.vinted.fr/items/8806672147
Crocs femme,crocs cars 37-38,34.0,8,0,Crocs,,https://www.vinted.fr/items/8860612434
Crocs femme,crocs classic t38-39,33.5,17,0,Crocs,,https://www.vinted.fr/items/8858520436
Crocs femme,Crocs Baya Lined Clog Navy SANS Jibbitz,15.0,49,0,Crocs,,https://www.vinted.fr/items/8726056074
Crocs femme,Crocs Batman,45.0,33,0,Crocs,,https://www.vinted.fr/items/8845879827
Crocs femme,Chanclas Crocs Bayaband size 39-40 M6 W8,26.0,6,0,Crocs,,https://www.vinted.fr/items/8853788752
Crocs femme,Crocs enfant/ femme,10.0,24,0,Crocs,,https://www.vinted.fr/items/8798819187
Crocs femme,Crocs rose,22.0,21,0,Crocs,,https://www.vinted.fr/items/8756700467
Crocs femme,Zapato crocs stom Mary Jane,40.0,4,0,Crocs,,https://www.vinted.fr/items/8858536246
Crocs femme,Tongs CROCS,15.0,28,0,Crocs,,https://www.vinted.fr/items/8815203235
Crocs femme,Crocs,15.0,25,0,Crocs,,https://www.vinted.fr/items/8826820854
Crocs femme,Pins crocs,7.0,10,0,,,https://www.vinted.fr/items/8849794638
Crocs femme,crocs noir,10.0,19,0,,,https://www.vinted.fr/items/8850126309
Crocs femme,glitzernde Crocs Clogs # glitzernde Crocs Clogs,25.0,4,0,Crocs,,https://www.vinted.fr/items/8857391023
Crocs femme,Crocs Cars,32.0,43,0,Crocs,,https://www.vinted.fr/items/8801259120
Crocs femme,Crocs alte,20.0,12,0,Crocs,,https://www.vinted.fr/items/8856666461
Crocs femme,Crocs,7.0,7,0,Crocs,,https://www.vinted.fr/items/8854101902
Crocs femme,Crocs,29.9,69,0,Crocs,,https://www.vinted.fr/items/8856503786
Crocs femme,Claquettes,12.5,14,0,Crocs,,https://www.vinted.fr/items/8801454227
Crocs femme,Crocs neuves taille 39-40,15.0,53,0,Crocs,,https://www.vinted.fr/items/8763909100
Crocs femme,Crocs nuevas,27.0,6,0,Crocs,,https://www.vinted.fr/items/8859077105
Crocs femme,Nagelneue Crocs,22.0,14,0,Crocs,,https://www.vinted.fr/items/8858136068
Crocs femme,Crocs,14.0,38,0,Crocs,,https://www.vinted.fr/items/8850689968
Crocs femme,Crocs blanche,35.0,6,0,Crocs,,https://www.vinted.fr/items/8859662131
Crocs femme,Sabot style crocs baya plateform,9.0,47,0,Crocs,,https://www.vinted.fr/items/8729496607
Crocs femme,Crocs plataforma negras,22.0,33,0,Crocs,,https://www.vinted.fr/items/8851967428
Crocs femme,Pantofole Crocs donna taglia 37-38,20.0,12,0,Crocs,,https://www.vinted.fr/items/8737383554
Crocs femme,Crocs Lila,30.0,10,0,Crocs,,https://www.vinted.fr/items/8857687553
Crocs femme,Crocs pailletées argenté,38.0,7,0,Crocs,,https://www.vinted.fr/items/8856653127
Crocs femme,Mahrez pins crocs,1.5,2,0,,,https://www.vinted.fr/items/8860246328
Crocs femme,Crocs violette,6.0,21,0,Crocs,,https://www.vinted.fr/items/7802898476
Crocs femme,crocs,6.0,16,0,Crocs,,https://www.vinted.fr/items/7983953120
Crocs femme,pins crocs,3.0,5,0,Crocs,,https://www.vinted.fr/items/8859839694
Crocs femme,Sac banane bandoulières Crocs,45.0,38,0,Crocs,,https://www.vinted.fr/items/8805451113
Crocs femme,Original Crocs Platform Sandals,17.0,26,0,Crocs,,https://www.vinted.fr/items/8856906338
Crocs femme,Crocs met print,35.0,56,0,Crocs,,https://www.vinted.fr/items/8855138526
Crocs femme,Crocs crush clog paillettes argentées,20.0,16,0,Crocs,,https://www.vinted.fr/items/8806755071
Crocs femme,Crocs gris pailleté,45.0,13,0,Crocs,,https://www.vinted.fr/items/8859675584
Crocs femme,Jibbitz hello kitty,10.0,19,0,Crocs,,https://www.vinted.fr/items/8784695299
Crocs femme,"Crocs Gr 37,  5/7 blaugrau",13.0,29,0,Crocs,,https://www.vinted.fr/items/8780622358
Crocs femme,Crocs Noir fourré  taille 39/40 W9,3.0,6,0,Crocs,,https://www.vinted.fr/items/8802870499
Crocs femme,"Sandales blanches pour femme, pointure 36",19.9,49,0,Crocs,,https://www.vinted.fr/items/8838324493
Crocs femme,Crocs femme,15.0,21,0,Crocs,,https://www.vinted.fr/items/8800116328
Crocs femme,Lot Charms pour crocs Michael Jackson,4.0,6,0,Crocs,,https://www.vinted.fr/items/8845869340
Crocs femme,Crocs plate-forme,28.0,48,0,Crocs,,https://www.vinted.fr/items/8823233564
Crocs femme,Crocs compensées noires neuves,40.0,12,0,Crocs,,https://www.vinted.fr/items/8856045754
Crocs femme,Crocs kaki,5.0,17,0,Crocs,,https://www.vinted.fr/items/7464683538
Crocs femme,Crocs Sandalen,12.0,17,0,Crocs,,https://www.vinted.fr/items/8842279662
Crocs femme,Crocs crema plataforma,20.0,45,0,Crocs,,https://www.vinted.fr/items/8761424526
Crocs femme,Sandales Crocs brooklyn woven buckle,30.0,69,0,Crocs,,https://www.vinted.fr/items/8839477733
Crocs femme,Crocs,20.0,43,0,Crocs,,https://www.vinted.fr/items/8804136555
Crocs femme,Kinder Crocs gr.34,10.0,14,0,Crocs,,https://www.vinted.fr/items/8859285453
Crocs femme,Crocs BKBK w10 n41-42,25.0,3,0,Crocs,,https://www.vinted.fr/items/8860704401
Crocs femme,Crocs Miami toe loop  Milk Chocolate 38/39,35.0,38,0,Crocs,,https://www.vinted.fr/items/8853691195
Crocs femme,Drapeau kabylie pins crocs,2.5,6,0,,,https://www.vinted.fr/items/8841729130
Crocs femme,Crocs rose avec bijoux,10.0,16,0,Crocs,,https://www.vinted.fr/items/8281829270
Crocs femme,Crocs - tongs à plate-forme - pointure 38,25.0,8,0,Crocs,,https://www.vinted.fr/items/8856841469
Crocs femme,Jibbitz pack Crocs,10.0,31,0,Crocs,,https://www.vinted.fr/items/8769812209
Crocs femme,Black Crocs,7.0,7,0,Crocs,,https://www.vinted.fr/items/8795373450
Crocs femme,"Women's white sandals, size 36",22.0,18,0,Crocs,,https://www.vinted.fr/items/8848515546
Crocs femme,Sacoche crocs,16.0,59,0,Crocs,,https://www.vinted.fr/items/8809345569
Crocs femme,Jibbitz,1.0,27,0,Crocs,,https://www.vinted.fr/items/8808889089
Crocs femme,Crocs - très bon état,15.0,14,0,Crocs,,https://www.vinted.fr/items/8816592006
Crocs femme,Baya Clog Barely Pink,30.0,32,0,Crocs,,https://www.vinted.fr/items/8852955203
Crocs femme,Crocs,20.0,10,0,Crocs,,https://www.vinted.fr/items/8858620529
Crocs femme,Crocs siren rose,59.0,47,0,Crocs,,https://www.vinted.fr/items/8850153196
Crocs femme,Crocs,16.0,17,0,Crocs,,https://www.vinted.fr/items/8837059984
Crocs femme,Crocs rose paillette,30.0,19,0,Crocs,,https://www.vinted.fr/items/8839989148
Crocs femme,Crocs Stecker/Sticker,5.0,15,0,Crocs,,https://www.vinted.fr/items/8295742193
Crocs femme,Crocs Gefüttert Flieder/Lila Gr. 37 Cozy 💜,7.0,8,0,Crocs,,https://www.vinted.fr/items/8852791632
Crocs femme,Crocs neuve,30.0,29,0,Crocs,,https://www.vinted.fr/items/8810731674
Crocs femme,Crocs,27.0,47,0,Crocs,,https://www.vinted.fr/items/8771065958
Crocs femme,Crocs Rosa Talla 39-40,15.0,23,0,Crocs,,https://www.vinted.fr/items/8857443820
Crocs femme,Mules crocs M4W6,8.0,16,0,Crocs,,https://www.vinted.fr/items/8731699223
Crocs femme,Jibbitz Mario kart,10.0,30,0,Crocs,,https://www.vinted.fr/items/8741945260
Crocs femme,Crocs,28.0,17,0,Crocs,,https://www.vinted.fr/items/8853938705
Crocs femme,Crocs Damen Sandalen mit Absatz,25.0,26,0,Crocs,,https://www.vinted.fr/items/8850233024
Crocs femme,Blue platform crocs,10.0,43,0,Crocs,,https://www.vinted.fr/items/8614780870
Crocs femme,Sandales Crocs,20.0,24,0,Crocs,,https://www.vinted.fr/items/8805062193
Crocs femme,Crocs,20.0,16,0,Crocs,,https://www.vinted.fr/items/8839036781
Crocs femme,Crocs orange,32.0,47,0,Crocs,,https://www.vinted.fr/items/8844027952
Crocs femme,Crocs,20.0,11,0,Crocs,,https://www.vinted.fr/items/8849824071
Crocs femme,Crocs,15.0,208,0,Crocs,,https://www.vinted.fr/items/7951756369
Crocs femme,Crocs,20.0,16,0,Crocs,,https://www.vinted.fr/items/8839036781
Crocs femme,Crocs,13.0,8,0,Crocs,,https://www.vinted.fr/items/8801194426
Crocs femme,Crocs talla 39,24.0,4,0,Crocs,,https://www.vinted.fr/items/8859448182
Crocs femme,Crocs noir iconic confort,35.0,35,0,Crocs,,https://www.vinted.fr/items/8837374669
Crocs femme,Crocs W6,13.0,12,0,Crocs,,https://www.vinted.fr/items/8855504694
Crocs femme,💘 Crocs Classic Platform Buckle Clog 37-38 New 💝,46.0,25,0,Crocs,,https://www.vinted.fr/items/8859598780
Crocs femme,Crocs Cars,32.0,43,0,Crocs,,https://www.vinted.fr/items/8801259120
Crocs femme,Crocs,35.0,42,0,Crocs,,https://www.vinted.fr/items/8826664564
Crocs femme,Crocs Rosa Talla 39-40,15.0,23,0,Crocs,,https://www.vinted.fr/items/8857443820
Crocs femme,Crocs 37-38,35.0,74,0,Crocs,,https://www.vinted.fr/items/8808492615
Crocs femme,Crocs,25.0,9,0,Crocs,,https://www.vinted.fr/items/8855465222
Crocs femme,Crocs Damen Sandalen mit Absatz,25.0,26,0,Crocs,,https://www.vinted.fr/items/8850233024
Crocs femme,Crocs noires,13.0,10,0,Crocs,,https://www.vinted.fr/items/8770980258
Crocs femme,Crocs ballerines original kaki 39,15.0,21,0,Crocs,,https://www.vinted.fr/items/8839817789
Crocs femme,Style Crocs,7.0,52,0,Crocs,,https://www.vinted.fr/items/8469916427
Crocs femme,crocs bleu,25.0,34,0,Crocs,,https://www.vinted.fr/items/8763985684
Crocs femme,Crocs bleu clair,18.0,49,0,Crocs,,https://www.vinted.fr/items/8701031594
Crocs femme,Crocs,32.0,32,0,Crocs,,https://www.vinted.fr/items/8831755715
Crocs femme,Zeppe Crocs nere 35,17.0,0,0,Crocs,,https://www.vinted.fr/items/8861006797
Crocs femme,Crocs,12.0,52,0,Crocs,,https://www.vinted.fr/items/8499514477
Crocs femme,CROCS - Crocs Classic Lined Clog,25.0,7,0,Crocs,,https://www.vinted.fr/items/8793524142
Crocs femme,Crocs rose,40.0,25,0,Crocs,,https://www.vinted.fr/items/8853383657
Crocs femme,Crocs Mega Crush Sandal 37/38,35.0,52,0,Crocs,,https://www.vinted.fr/items/8756188605
Crocs femme,Crocs Marine taille 36,10.0,7,0,Crocs,,https://www.vinted.fr/items/8797970954
Crocs femme,"Vends une paire de claquette""Crocs"", noire entièrement en caoutchouc, hyper confortable Pt39.",22.0,6,0,Crocs,,https://www.vinted.fr/items/8860352255
Crocs femme,Crocs,32.0,11,0,Crocs,,https://www.vinted.fr/items/8858464682
Crocs femme,Crocs platform,20.0,24,0,Crocs,,https://www.vinted.fr/items/8761813533
Crocs femme,Crocs alte nuove tg 38/39,35.0,51,0,Crocs,,https://www.vinted.fr/items/8860203854
Crocs femme,Baskets Crocs,20.0,6,0,Crocs,,https://www.vinted.fr/items/8839940507
Crocs femme,Crocs noir,20.0,54,0,Crocs,,https://www.vinted.fr/items/8860003138
Crocs femme,Crocs à plate-forme,8.0,35,0,Crocs,,https://www.vinted.fr/items/8330024247
Crocs femme,Yeezy foam Crocs couleur blanc taille 37,25.0,14,0,Crocs,,https://www.vinted.fr/items/8858904935
Crocs femme,lot pins crocs,5.0,5,0,Crocs,,https://www.vinted.fr/items/8854188363
Crocs femme,Crocs pailletées argenté,38.0,7,0,Crocs,,https://www.vinted.fr/items/8856653127
Crocs femme,Sandales crocs,15.0,43,0,Crocs,,https://www.vinted.fr/items/8767206772
Crocs femme,Crocs mit Absatz,10.0,30,0,Crocs,,https://www.vinted.fr/items/7518908264
Crocs femme,crocs blancs t 36,6.0,21,0,Crocs,,https://www.vinted.fr/items/8651100986
Crocs femme,Crocs,30.0,2,0,Crocs,,https://www.vinted.fr/items/8860189203
Crocs femme,Crocs,30.0,27,0,Crocs,,https://www.vinted.fr/items/8798040743
Crocs femme,Claquette,7.0,26,0,Crocs,,https://www.vinted.fr/items/8415151526
Crocs femme,crocs,40.0,42,0,Crocs,,https://www.vinted.fr/items/8810178773
Crocs femme,Crocs,1.5,20,0,Crocs,,https://www.vinted.fr/items/7398283933
Crocs femme,Crocs platform rosa,28.0,6,0,Crocs,,https://www.vinted.fr/items/8853922532
Crocs femme,Carte algerie pins crocs,2.5,3,0,,,https://www.vinted.fr/items/8858712723
Crocs femme,Crocs léopard,45.0,22,0,Crocs,,https://www.vinted.fr/items/8823423892
Crocs femme,Crocs pantoffels,27.0,16,0,Crocs,,https://www.vinted.fr/items/8647362593
Crocs femme,Sabots en plastiques style crocs 39,4.0,23,0,,,https://www.vinted.fr/items/8856465524
Crocs femme,Sandales compensées Crocs - Marron & Crème - Style Espadrilles,15.0,13,0,Crocs,,https://www.vinted.fr/items/8833418850
Crocs femme,Crocs Flip Flops Größe 41,15.0,12,0,Crocs,,https://www.vinted.fr/items/8846824896
Crocs femme,Crocs beige,25.0,6,0,Crocs,,https://www.vinted.fr/items/8860291365
Crocs femme,Crocs Classic Kaki,40.0,45,0,Crocs,,https://www.vinted.fr/items/8809792468
Crocs femme,Crocs Schuhe Gr 39 -40 (M7 W9 ) NEU!,20.0,39,0,Crocs,,https://www.vinted.fr/items/8849530085
Crocs femme,Crocs crocskin 37/38,27.0,27,0,Crocs,,https://www.vinted.fr/items/8814214257
Crocs femme,Lot pims crocs,6.0,50,0,Crocs,,https://www.vinted.fr/items/8743358772
Crocs femme,Sandales crocs brooklyn buckle low,35.0,31,0,Crocs,,https://www.vinted.fr/items/8853952387
Crocs femme,Crocs avec plateforme taille 39 40 noires,40.0,46,0,Crocs,,https://www.vinted.fr/items/8824664464
Crocs femme,Crocs baskets,30.0,1,0,Crocs,,https://www.vinted.fr/items/8857579492
Crocs femme,Crocs à plateforme,35.0,84,0,Crocs,,https://www.vinted.fr/items/8840423364
Crocs femme,crocs taille 36/37 rose,25.0,5,0,Crocs,,https://www.vinted.fr/items/8850657642
Crocs femme,Crocs Spiderman,39.99,24,0,Crocs,,https://www.vinted.fr/items/8856600550
Crocs femme,Purple crocs,15.0,13,0,Crocs,,https://www.vinted.fr/items/8832893691
Crocs femme,Sandali originali Crocs in gomma,18.0,16,0,Crocs,,https://www.vinted.fr/items/8857551407
Crocs femme,Crocs nieuwe sneakers,36.0,4,0,Crocs,,https://www.vinted.fr/items/8856217810
Crocs femme,Crocs beige,30.0,9,0,Crocs,,https://www.vinted.fr/items/8807627759
Crocs femme,Crocs compensées taille 38,22.0,29,0,Crocs,,https://www.vinted.fr/items/8842104395
Crocs femme,Crocs sandales pointure 37 tbe,12.0,20,0,Crocs,,https://www.vinted.fr/items/8742223017
Crocs femme,Crocs Salehe Bembury,85.0,34,0,Crocs,,https://www.vinted.fr/items/8849847428
Crocs femme,Crocs sabots crocband bleu marine et blanc p 38/39,35.0,16,0,Crocs,,https://www.vinted.fr/items/8855817420
Crocs femme,Crocs Brooklyn buckle summer sandals new in box,24.0,35,0,Crocs,,https://www.vinted.fr/items/8856166430
Crocs femme,Crocs Classic Large Tote Bag in Pink Milk + Pouch in weiß,70.0,166,0,Crocs,,https://www.vinted.fr/items/8823996562
Crocs femme,Crocs Clogs mit Glitzern New,35.0,16,0,Crocs,,https://www.vinted.fr/items/8857978908
Crocs femme,Crocs sabot plat lilas,15.0,8,0,Crocs,,https://www.vinted.fr/items/8800104250
Crocs femme,Crocs double  semelle noir 38,30.0,64,0,Crocs,,https://www.vinted.fr/items/8759598563
Crocs femme,Crocs M7W9 39-40 Pink,20.0,27,0,Crocs,,https://www.vinted.fr/items/8843622975
Crocs femme,Super bequeme Crocs,10.0,61,0,Crocs,,https://www.vinted.fr/items/8424288312
Crocs femme,Crocs Damen,25.0,13,0,Crocs,,https://www.vinted.fr/items/8837451707
Crocs femme,Crocs Mega crush sandal,15.0,4,0,Crocs,,https://www.vinted.fr/items/8859745679
Crocs femme,Crocs,35.0,16,0,Crocs,,https://www.vinted.fr/items/8854533796
Crocs femme,"décorations pour lacets, il y en a 6 en tout",2.0,24,0,Crocs,,https://www.vinted.fr/items/8771022110
Crocs femme,Crocs,14.0,17,0,Crocs,,https://www.vinted.fr/items/8754426123
Crocs femme,Croque,1.0,1,0,Crocs,,https://www.vinted.fr/items/8784274801
Crocs femme,Zwarte crocs,17.0,29,0,Crocs,,https://www.vinted.fr/items/8799625019
Crocs femme,Crocs neuve.,30.0,36,0,Crocs,,https://www.vinted.fr/items/8799387192
Crocs femme,Crocs,10.0,34,0,Crocs,,https://www.vinted.fr/items/8747363653
Crocs femme,Crocs Bae Burberry,35.0,43,0,Crocs,,https://www.vinted.fr/items/8836659496
Crocs femme,Crocs écho clog,45.0,12,0,Crocs,,https://www.vinted.fr/items/8849395227
Crocs femme,Lot de bijoux pour Crocs,4.0,35,0,Crocs,,https://www.vinted.fr/items/6729984255
Crocs femme,Lot de 10 pins pour crocs,20.0,1,0,Crocs,,https://www.vinted.fr/items/8860752362
Crocs femme,Jibbitz charms Crocs,2.0,15,0,Crocs,,https://www.vinted.fr/items/8228170922
Crocs femme,Crocs Glogs grau/grün,15.0,17,0,Crocs,,https://www.vinted.fr/items/8808997430
Crocs femme,Crocs,34.99,54,0,Crocs,,https://www.vinted.fr/items/8854305434
Crocs femme,Light pink crocs size 39-40 EU,35.0,17,0,Crocs,,https://www.vinted.fr/items/8858869033
Crocs femme,Crocs comfort rembourrées,20.0,15,0,Crocs,,https://www.vinted.fr/items/8824370964
Crocs femme,Crocs beige blanc,40.0,4,0,Crocs,,https://www.vinted.fr/items/8859180776
Crocs femme,Croque,1.0,1,0,Crocs,,https://www.vinted.fr/items/8784274801
Crocs femme,Crocs,38.0,46,0,Crocs,,https://www.vinted.fr/items/8801307588
Crocs femme,2 paires ballerines crocs,6.0,12,0,Crocs,,https://www.vinted.fr/items/1161221025
Crocs femme,Jibbitz charms Crocs,2.0,15,0,Crocs,,https://www.vinted.fr/items/8228170922
Crocs femme,crocs noire,32.0,18,0,Crocs,,https://www.vinted.fr/items/8817043590
Crocs femme,Crocs Classic Large Tote Bag in Pink Milk + Pouch in weiß,70.0,166,0,Crocs,,https://www.vinted.fr/items/8823996562
Crocs femme,Crocs neuve.,30.0,36,0,Crocs,,https://www.vinted.fr/items/8799387192
Crocs femme,Crocs 37/38 💕,35.0,18,0,Crocs,,https://www.vinted.fr/items/8796533399
Crocs femme,Sabots Crocs plateforme,10.0,12,0,Crocs,,https://www.vinted.fr/items/8066113492
Crocs femme,Lot de bijoux pour Crocs,4.0,35,0,Crocs,,https://www.vinted.fr/items/6729984255
Crocs femme,crocs 30-31,13.0,4,0,Crocs,,https://www.vinted.fr/items/8841671222
Crocs femme,Crocs platform rosa,28.0,6,0,Crocs,,https://www.vinted.fr/items/8853922532
Crocs femme,Crocs compensées taille 38,22.0,29,0,Crocs,,https://www.vinted.fr/items/8842104395
Crocs femme,"Lot de 3 Jibbitz charms pour Crocs, strass irisés + ours doré",6.0,21,0,Crocs,,https://www.vinted.fr/items/8720466719
Crocs femme,Zehentrenner / Flip Flops weiß,12.0,34,0,Crocs,,https://www.vinted.fr/items/8835874010
Crocs femme,Crocs Bayaband Clog,30.0,56,0,Crocs,,https://www.vinted.fr/items/8849842483
Crocs femme,Crocs,14.0,9,0,Crocs,,https://www.vinted.fr/items/8848746906
Crocs femme,Crocs plate-forme blanche avec pins,35.0,24,0,Crocs,,https://www.vinted.fr/items/8852361246
Crocs femme,Bailarina goma crocs,10.0,32,0,Crocs,,https://www.vinted.fr/items/8768589914
Crocs femme,Sandale crocs noir en tres bon etat,35.0,17,0,Crocs,,https://www.vinted.fr/items/8849853130
Crocs femme,Sandale noir crocs,25.0,15,0,Crocs,,https://www.vinted.fr/items/8860134269
Crocs femme,Crocs,35.0,16,0,Crocs,,https://www.vinted.fr/items/8854533796
Crocs femme,Crocs Schuhe Gr. 36 / 37 M4 W6 Glitzer + jibbitz Anstecker,13.99,22,0,Crocs,,https://www.vinted.fr/items/8787178672
Crocs femme,Crocs mujer,4.0,9,0,Crocs,,https://www.vinted.fr/items/8147320263
Crocs femme,"Nieuwe, zwarte Crocs Patricia",11.0,21,0,Crocs,,https://www.vinted.fr/items/8860618369
Crocs femme,Crocs,34.99,54,0,Crocs,,https://www.vinted.fr/items/8854305434
Crocs femme,Crocs 36/37,14.0,4,0,Crocs,,https://www.vinted.fr/items/8855711008
Crocs femme,Crocs,30.0,9,0,Crocs,,https://www.vinted.fr/items/8842641640
Crocs femme,Crocs,20.0,21,0,Crocs,,https://www.vinted.fr/items/8818366895
Crocs femme,Mules femme,12.0,40,0,Crocs,,https://www.vinted.fr/items/8762581578
Crocs femme,Crocs plateforme,35.0,31,0,Crocs,,https://www.vinted.fr/items/8856344578
Crocs femme,Crocs verde 38/39,29.99,20,0,Crocs,,https://www.vinted.fr/items/8860108401
Crocs femme,Jibbitz diamant crocs,5.0,13,0,Crocs,,https://www.vinted.fr/items/8755017527
Crocs femme,Crocs,20.0,16,0,Crocs,,https://www.vinted.fr/items/8839036781
Crocs femme,Chaussures style crocs.,10.0,30,0,Crocs,,https://www.vinted.fr/items/8720972541
Crocs femme,Crocs,32.0,28,0,Crocs,,https://www.vinted.fr/items/8843631184
Crocs femme,Sandales crocs,15.0,26,0,Crocs,,https://www.vinted.fr/items/8797778805
Crocs femme,Crocs taille 36/37,26.0,22,0,Crocs,,https://www.vinted.fr/items/8850478797
Crocs femme,Crocs écho clog,45.0,12,0,Crocs,,https://www.vinted.fr/items/8849395227
Crocs femme,Tote Bag,15.0,18,0,Crocs,,https://www.vinted.fr/items/8833943627
Crocs femme,Crocs,35.0,60,0,Crocs,,https://www.vinted.fr/items/8816187683
Crocs femme,Crocs,3.0,19,0,Crocs,,https://www.vinted.fr/items/8830614999
Crocs femme,Crocs iconic comfort taille 40,20.0,0,0,Crocs,,https://www.vinted.fr/items/8859586615
Crocs femme,Crocs,18.0,16,0,Crocs,,https://www.vinted.fr/items/8754420226
Crocs femme,Crocs 37-38,35.0,21,0,Crocs,,https://www.vinted.fr/items/8834541201
Crocs femme,crocs personnalisé,75.0,105,0,Crocs,,https://www.vinted.fr/items/8818137888
Crocs femme,Crocs,33.0,34,0,Crocs,,https://www.vinted.fr/items/8849087161
Crocs femme,Chaussures crocs,30.0,6,0,Crocs,,https://www.vinted.fr/items/8851893523
Crocs femme,Sac crocs,54.0,15,0,Crocs,,https://www.vinted.fr/items/8832661253
Crocs femme,Crocs Super Crunch in Lilac,25.0,33,0,Crocs,,https://www.vinted.fr/items/8777627803
Crocs femme,Crocs rose,40.0,25,0,Crocs,,https://www.vinted.fr/items/8853383657
Crocs femme,Ciabatte crocs nere,20.0,31,0,Crocs,,https://www.vinted.fr/items/8785309903
Crocs femme,Crocs,13.0,9,0,Crocs,,https://www.vinted.fr/items/8855251148
Crocs femme,Charms crocs,10.0,1,0,Crocs,,https://www.vinted.fr/items/8854658809
Crocs femme,Crocs compensées beige,35.0,16,0,Crocs,,https://www.vinted.fr/items/8832245339
Crocs femme,pantofole crocs,9.0,8,0,Crocs,,https://www.vinted.fr/items/8758880965
Crocs femme,Lot de 10 pins pour crocs,20.0,1,0,Crocs,,https://www.vinted.fr/items/8860752362
Crocs femme,Crocs Flip Flops Größe 41,15.0,12,0,Crocs,,https://www.vinted.fr/items/8846824896
Crocs femme,Crocs,12.0,35,0,Crocs,,https://www.vinted.fr/items/8515753727
Crocs femme,Ballerine crocs,50.0,7,0,Crocs,,https://www.vinted.fr/items/8855961481
Crocs femme,Jibbitzs crocs neuf,2.0,11,0,Crocs,,https://www.vinted.fr/items/8528180744
Crocs femme,Spooky,3.0,3,0,Crocs,,https://www.vinted.fr/items/8794592050
Crocs femme,Crocs,25.0,6,0,Crocs,,https://www.vinted.fr/items/8809590663
Crocs femme,Crocs classic platform cloq Aubergine/deep purple,40.0,13,0,Crocs,,https://www.vinted.fr/items/8853556650
Crocs femme,Crocs rose,35.0,22,0,Crocs,,https://www.vinted.fr/items/8860627912
Crocs femme,Ciabatte infradito nere con plantare sagomato e grip crocs,5.0,4,0,Crocs,,https://www.vinted.fr/items/8860222547
Crocs femme,Crocs - sandales Brooklyn 4u roses (pointure 38-39),28.0,120,0,Crocs,,https://www.vinted.fr/items/8842708082
Crocs femme,Crocs Getaway Strappy 39-40,17.5,42,0,Crocs,,https://www.vinted.fr/items/8860092170
Crocs femme,"Chaussures, crocs",20.0,15,0,Crocs,,https://www.vinted.fr/items/8752649731
Crocs femme,Tongs crocs,12.0,13,0,Crocs,,https://www.vinted.fr/items/8811041537
Crocs femme,Crocs getaway platform,20.0,19,0,Crocs,,https://www.vinted.fr/items/8818880130
Crocs femme,Crocs Fushia,30.0,207,0,Crocs,,https://www.vinted.fr/items/8555319965
Crocs femme,Crocs noir,10.0,30,0,Crocs,,https://www.vinted.fr/items/8635825937
Crocs femme,Lot pin’s crocs,10.0,3,0,Crocs,,https://www.vinted.fr/items/8843896689
Crocs femme,Crocs,13.0,45,0,Crocs,,https://www.vinted.fr/items/6918094439
Crocs femme,Crocs Glitter à plateforme dorée Ultra tendance pour cet été,50.0,5,0,Crocs,,https://www.vinted.fr/items/8859405882
Crocs femme,Crocs 37/38,10.0,12,0,Crocs,,https://www.vinted.fr/items/8827133556
Crocs femme,Crocs echo,35.0,13,0,Crocs,,https://www.vinted.fr/items/8853280273
Crocs femme,Crocs 36-37 gris clarito,27.0,4,0,Crocs,,https://www.vinted.fr/items/8858272447
Crocs femme,nieuwe Crocs Miami sandalen 41/42,30.0,28,0,Crocs,,https://www.vinted.fr/items/8853983539
Crocs femme,Sandales Crocs argent,15.0,10,0,Crocs,,https://www.vinted.fr/items/8795851921
Crocs femme,Crocs classic plate form glitter clogw,37.0,7,0,Crocs,,https://www.vinted.fr/items/8848877021
Crocs femme,Crocs baskets,30.0,1,0,Crocs,,https://www.vinted.fr/items/8857579492
Crocs femme,Très jolies tongs Crocs,13.0,18,0,Crocs,,https://www.vinted.fr/items/8860376475
Crocs femme,Crocs plateform,35.0,90,0,Crocs,,https://www.vinted.fr/items/8769755129
Crocs femme,Crocs Ballerina W 10 41/42 / Leo Crocs,20.0,25,0,Crocs,,https://www.vinted.fr/items/8823767338
Crocs femme,Crocs Lite Ride Gr 39-40 blau,18.0,12,0,Crocs,,https://www.vinted.fr/items/8859639141
Crocs femme,1 pins crocs maroc,2.5,3,0,,,https://www.vinted.fr/items/8854419200
Crocs femme,Sandales Crocs,20.0,66,0,Crocs,,https://www.vinted.fr/items/8823802926
Crocs femme,Literide by crocs,25.0,13,0,Crocs,,https://www.vinted.fr/items/8756534948
Crocs femme,Sandalias negras / Talla: 36,20.67,36,0,Crocs,,https://www.vinted.fr/items/8840269333
Crocs femme,Ladies crocs,13.0,4,0,Crocs,,https://www.vinted.fr/items/8854921547
Crocs femme,Crocs crush clog couleur bone - beige,35.0,18,0,Crocs,,https://www.vinted.fr/items/8830643573
Crocs femme,Crocs,35.99,24,0,Crocs,,https://www.vinted.fr/items/8787325934
Crocs femme,Crocs gr 34/35 dunkelblau,12.0,28,0,Crocs,,https://www.vinted.fr/items/8367101216
Crocs femme,Crocs femme T 40/41,40.0,6,0,Crocs,,https://www.vinted.fr/items/8839432123
Crocs femme,Charms Pokémon crocs,15.0,0,0,Crocs,,https://www.vinted.fr/items/8854669809
Crocs femme,Crocs,25.0,6,0,Crocs,,https://www.vinted.fr/items/8809590663
Crocs femme,Crocs classic plate form glitter clogw,37.0,7,0,Crocs,,https://www.vinted.fr/items/8848877021
Crocs femme,Sandali originali Crocs in gomma,18.0,16,0,Crocs,,https://www.vinted.fr/items/8857551407
Crocs femme,Crocs blanches,30.6,8,0,Crocs,,https://www.vinted.fr/items/8805606564
Crocs femme,Croc sandals,20.0,27,0,Crocs,,https://www.vinted.fr/items/8857003746
Crocs femme,1 pins crocs maroc,2.5,3,0,,,https://www.vinted.fr/items/8854419200
Crocs femme,Crocs platform rosa,28.0,6,0,Crocs,,https://www.vinted.fr/items/8853922532
Crocs femme,Sabots blancs,8.0,19,0,Crocs,,https://www.vinted.fr/items/8726370673
Crocs femme,Crocs Größe 37,11.0,4,0,Crocs,,https://www.vinted.fr/items/8857610486
Crocs femme,Sabot crocs,38.0,11,0,Crocs,,https://www.vinted.fr/items/8838093687
Crocs femme,Crocs Badeschlapfen,10.0,36,0,Crocs,,https://www.vinted.fr/items/8760414540
Crocs femme,Crocs 37/38,32.0,33,0,Crocs,,https://www.vinted.fr/items/8826742068
Crocs femme,Crocs Getaway Strappy,20.0,32,0,Crocs,,https://www.vinted.fr/items/8787307671
Crocs femme,Sandales Crocs,20.0,66,0,Crocs,,https://www.vinted.fr/items/8823802926
Crocs femme,Crocs schwarz Grösse 41 / 42 M8 W10,23.0,20,0,Crocs,,https://www.vinted.fr/items/8813405073
Crocs femme,Charms crocs,10.0,1,0,Crocs,,https://www.vinted.fr/items/8854658809
Crocs femme,Pin’s crocs,5.0,8,0,Crocs,,https://www.vinted.fr/items/8455266906
Crocs femme,Crocs,11.0,14,0,Crocs,,https://www.vinted.fr/items/8809156052
Crocs femme,Très joli Lot de 4 Jibbitzs Patrick Bob l'éponge croc's Sandales sabot,4.0,15,0,Crocs,,https://www.vinted.fr/items/8845914594
Crocs femme,Sandales Crocs excellent état 41,20.0,18,0,Crocs,,https://www.vinted.fr/items/8833677386
Crocs femme,Tongs Ctocs Baya plate-forme Flip,22.0,30,0,Crocs,,https://www.vinted.fr/items/8740692971
Crocs femme,Crocs 39,4.0,3,0,Crocs,,https://www.vinted.fr/items/8756355876
Crocs femme,crocs ballerines marron motif ecaille taille 40,7.0,10,0,Crocs,,https://www.vinted.fr/items/8694504043
Crocs femme,Crocs noir et blanche stylé 38,20.0,33,0,Crocs,,https://www.vinted.fr/items/8852491143
Crocs femme,Sabot Crocs n.35,18.0,7,0,Crocs,,https://www.vinted.fr/items/8856498122
Crocs femme,Crocs,40.0,16,0,Crocs,,https://www.vinted.fr/items/8787901025
Crocs femme,Crocs Schuhe,10.0,6,0,Crocs,,https://www.vinted.fr/items/8860683858
Crocs femme,Crocs classic platform cloq Aubergine/deep purple,40.0,13,0,Crocs,,https://www.vinted.fr/items/8853556650
Crocs femme,Crocs Dylan Platform wheat 41/42,30.0,26,0,Crocs,,https://www.vinted.fr/items/8810778808
Crocs femme,Croscs,5.0,5,0,Crocs,,https://www.vinted.fr/items/8750385524
Crocs femme,Crocs sabots mega crush beige,40.0,25,0,Crocs,,https://www.vinted.fr/items/8787152269
Crocs femme,Vends pantoufles Crocs taille 38,1.0,8,0,Crocs,,https://www.vinted.fr/items/8662356334
Crocs femme,Ciabatte infradito nere con plantare sagomato e grip crocs,5.0,4,0,Crocs,,https://www.vinted.fr/items/8860222547
Crocs femme,Crocs mixte,40.0,19,0,Crocs,,https://www.vinted.fr/items/8842047726
Crocs femme,Sandalias negras / Talla: 36,20.67,36,0,Crocs,,https://www.vinted.fr/items/8840269333
Crocs femme,Vends crocs,20.0,16,0,Crocs,,https://www.vinted.fr/items/8760303855
Crocs femme,Sandals Crocs,15.0,17,0,Crocs,,https://www.vinted.fr/items/8801364249
Crocs femme,Crocs beige,40.0,3,0,Crocs,,https://www.vinted.fr/items/8859263379
Crocs femme,Crocs accessoires,3.0,11,0,Crocs,,https://www.vinted.fr/items/7241240102
Crocs femme,Jibbitz crocs,3.0,35,0,Crocs,,https://www.vinted.fr/items/8844123025
Crocs femme,Accessoires crocs gothique,2.0,5,0,Crocs,,https://www.vinted.fr/items/8219190520
Crocs femme,Crocs plate-forme blanche avec pins,35.0,24,0,Crocs,,https://www.vinted.fr/items/8852361246
Crocs femme,Crocs,35.0,38,0,Crocs,,https://www.vinted.fr/items/8859515262
Crocs femme,Crocs plateform femme,30.0,9,0,Crocs,,https://www.vinted.fr/items/8828182880
Crocs femme,Baskets Crocs LiteRide 206705 - Noir - Pointure W7 (37),15.0,4,0,Crocs,,https://www.vinted.fr/items/8829407016
Crocs femme,Crocs Platform Clog blancs,40.0,22,0,Crocs,,https://www.vinted.fr/items/8849150174
Crocs femme,Crocs Gr. 38 schwarz innen Plüsch,18.0,30,0,Crocs,,https://www.vinted.fr/items/8757316697
Crocs femme,Crocs Cars - Flash McQueen,35.0,38,0,Crocs,,https://www.vinted.fr/items/8778455708
Crocs femme,Pins pour crocs stitch jibbitz,8.0,18,0,Crocs,,https://www.vinted.fr/items/8773979464
Crocs femme,Crocs,35.0,60,0,Crocs,,https://www.vinted.fr/items/8816187683
Crocs femme,Crocs P39/40,18.0,18,0,Crocs,,https://www.vinted.fr/items/8777287396
Crocs femme,Sandalias Crocs,17.0,41,0,Crocs,,https://www.vinted.fr/items/8836079431
Crocs femme,Pins crocs argenté,8.0,57,0,Crocs,,https://www.vinted.fr/items/8082797098
Crocs femme,Crocs,18.0,59,0,Crocs,,https://www.vinted.fr/items/8844845160
Crocs femme,Croc Charms,1.0,29,0,Crocs,,https://www.vinted.fr/items/8473207444
Crocs femme,Crocs taille 7,10.0,18,0,Crocs,,https://www.vinted.fr/items/8858784897
Crocs femme,pantoufles,28.0,8,0,Crocs,,https://www.vinted.fr/items/8837193785
Crocs femme,Crocs roses,25.0,14,0,Crocs,,https://www.vinted.fr/items/8781056014
Crocs femme,Damen Crocs Gr.9,23.0,23,0,Crocs,,https://www.vinted.fr/items/8830042009
Crocs femme,Talon Crocs Noir,14.0,23,0,Crocs,,https://www.vinted.fr/items/8746897082
Crocs femme,Crocs w11 42-43,19.0,11,0,Crocs,,https://www.vinted.fr/items/8856330341
Crocs femme,Crocs 37-38,35.0,6,0,Crocs,,https://www.vinted.fr/items/8857032174
Crocs femme,Sabots  blancs décorés perles – jamais portés,15.0,11,0,Crocs,,https://www.vinted.fr/items/8806670601
Crocs femme,Crocs,9.0,16,0,Crocs,,https://www.vinted.fr/items/8851564769
Crocs femme,Crocs pour femme,15.0,8,0,Crocs,,https://www.vinted.fr/items/8821175432
Crocs femme,Crocs beige,20.0,0,0,Crocs,,https://www.vinted.fr/items/8833563955
Crocs femme,Jibbitz clips crocs,3.0,11,0,Crocs,,https://www.vinted.fr/items/7024058969
Crocs femme,Crocs ballerines,15.0,40,0,Crocs,,https://www.vinted.fr/items/8696227560
Crocs femme,Crocs alte,20.0,12,0,Crocs,,https://www.vinted.fr/items/8856666461
Crocs femme,Crocs bleu marine,13.0,11,0,Crocs,,https://www.vinted.fr/items/8838201706
Crocs femme,Crocs sabot a plateforme,30.0,15,0,Crocs,,https://www.vinted.fr/items/8773351912
Crocs femme,Crocs,30.0,25,0,Crocs,,https://www.vinted.fr/items/8816263906
Crocs femme,L'autre paire de chaussettes crocs taille S/M neuf avec étiquette,4.0,31,0,Crocs,,https://www.vinted.fr/items/7813308438
Crocs femme,Crocs,10.0,5,0,Crocs,,https://www.vinted.fr/items/8792063244
Crocs femme,Zapatillas Sneakers Crocs Mujer Verano,15.0,4,0,Crocs,,https://www.vinted.fr/items/8858907163
Crocs femme,Crocs sandales serena,15.0,13,0,Crocs,,https://www.vinted.fr/items/8808194044
Crocs femme,Crocs,70.0,35,0,Crocs,,https://www.vinted.fr/items/8857132348
Crocs femme,Crocs sandales Mega crush,25.0,31,0,Crocs,,https://www.vinted.fr/items/8770399896
Crocs femme,Chausseurs en fourrure 41,13.0,16,0,Crocs,,https://www.vinted.fr/items/8675024010
Crocs femme,Crocs Classic platform,35.0,60,0,Crocs,,https://www.vinted.fr/items/8767755501
Crocs femme,Sandales compensées Crocs,15.0,14,0,Crocs,,https://www.vinted.fr/items/8803026256
Crocs femme,crocs à plate-forme,15.0,49,0,Crocs,,https://www.vinted.fr/items/8788258767
Crocs femme,Fischerman Stomp crocs maat 42,37.5,48,0,Crocs,,https://www.vinted.fr/items/8860217417
Crocs femme,Pink Crocs size 5 (38),35.0,6,0,Crocs,,https://www.vinted.fr/items/8857164239
Crocs femme,Crocs Hello Kitty,35.0,88,0,Crocs,,https://www.vinted.fr/items/8778479470
Crocs femme,Crocs Classic Dual Comfort Gr. 45/46 NEU statt 60€ Unisex,18.95,3,0,Crocs,,https://www.vinted.fr/items/8857981185
Crocs femme,Croque Sneaker sind komplett aus Gummi und abwaschbar,8.0,14,0,Crocs,,https://www.vinted.fr/items/8825165326
Crocs femme,Crocs in weiß in Größe 10,13.0,7,0,Crocs,,https://www.vinted.fr/items/8800238066
Crocs femme,M 0 3 cœur pour crocs,4.0,19,0,Crocs,,https://www.vinted.fr/items/8671854777
Crocs femme,Crocks lemon,30.0,11,0,Crocs,,https://www.vinted.fr/items/8848342168
Crocs femme,Crocs pointue w7 (37-38),15.0,2,0,Crocs,,https://www.vinted.fr/items/8860278295
Crocs femme,Crocs dual confort,20.0,33,0,Crocs,,https://www.vinted.fr/items/8736223783
Crocs femme,"Pins boutons thème équitation, cheval et ranch pour crocs",6.9,14,0,Crocs,,https://www.vinted.fr/items/8858869618
Crocs femme,Crocs neu,29.0,8,0,Crocs,,https://www.vinted.fr/items/8856179124
Crocs femme,Crocs 36/37,50.0,24,0,Crocs,,https://www.vinted.fr/items/8848922884
Crocs femme,CROCS limited edition Teddy 40,61.0,12,0,Crocs,,https://www.vinted.fr/items/8856851791
Crocs femme,Sabots Crocs neuf 38-39,35.0,37,0,Crocs,,https://www.vinted.fr/items/8757937542
Crocs femme,Crocs Hello Kitty,35.0,88,0,Crocs,,https://www.vinted.fr/items/8778479470
Crocs femme,Crocs slippers,20.0,4,0,Crocs,,https://www.vinted.fr/items/8857505105
Crocs femme,Jibbitz crocs,3.0,35,0,Crocs,,https://www.vinted.fr/items/8844123025
Crocs femme,Crocs Plateau,13.0,22,0,Crocs,,https://www.vinted.fr/items/8833403732
Crocs femme,"Pins boutons thème équitation, cheval et ranch pour crocs",6.9,14,0,Crocs,,https://www.vinted.fr/items/8858869618
Crocs femme,L'autre paire de chaussettes crocs taille S/M neuf avec étiquette,4.0,31,0,Crocs,,https://www.vinted.fr/items/7813308438
Crocs femme,Chaussons crocs,20.0,5,0,Crocs,,https://www.vinted.fr/items/8854569201
Crocs femme,Crocs Classic platform,35.0,60,0,Crocs,,https://www.vinted.fr/items/8767755501
Crocs femme,M 0 3 cœur pour crocs,4.0,19,0,Crocs,,https://www.vinted.fr/items/8671854777
Crocs femme,Crocs - Plateau Slide - Beige - mit Jibbitz Charms - 16 Anstecker inklusive - Damen - Gr.41,20.0,13,0,Crocs,,https://www.vinted.fr/items/8802047756
Crocs femme,Bottes Crocs 38,13.0,12,0,Crocs,,https://www.vinted.fr/items/8845653977
Crocs femme,Crocs or,45.0,58,0,Crocs,,https://www.vinted.fr/items/8788086959
Crocs femme,Sabot crocs,12.0,7,0,Crocs,,https://www.vinted.fr/items/8774714060
Crocs femme,Crocs donna azzurre. Numero 38,23.0,13,0,Crocs,,https://www.vinted.fr/items/8852513388
Crocs femme,Crochet Floral Charms,9.0,28,0,Crocs,,https://www.vinted.fr/items/8853747502
Crocs femme,Crocs compensées,30.0,11,0,Crocs,,https://www.vinted.fr/items/8796926372
Crocs femme,Crocs mega crush,45.0,91,0,Crocs,,https://www.vinted.fr/items/8741328299
Crocs femme,Tongs Crocs,24.0,4,0,Crocs,,https://www.vinted.fr/items/8855487702
Crocs femme,Crocs,70.0,35,0,Crocs,,https://www.vinted.fr/items/8857132348
Crocs femme,Crocs sandales serena,15.0,13,0,Crocs,,https://www.vinted.fr/items/8808194044
Crocs femme,Crocs,20.0,13,0,Crocs,,https://www.vinted.fr/items/8765583349
Crocs femme,Crocs Classic Dual Comfort Gr. 45/46 NEU statt 60€ Unisex,18.95,3,0,Crocs,,https://www.vinted.fr/items/8857981185
Crocs femme,Crocs sandales plateforme,30.0,44,0,Crocs,,https://www.vinted.fr/items/8787585010
Crocs femme,Crocs Sandals,17.0,1,0,Crocs,,https://www.vinted.fr/items/8859300722
Crocs femme,Crocs Pro 39-40,25.0,8,0,Crocs,,https://www.vinted.fr/items/8850515747
Crocs femme,Crocs Wednesday,62.0,77,0,Crocs,,https://www.vinted.fr/items/8805111499
Crocs femme,Baskets Crocs LiteRide 206705 - Noir - Pointure W7 (37),15.0,4,0,Crocs,,https://www.vinted.fr/items/8829407016
Crocs femme,Stomp lined clog Taille 37,45.0,19,0,Crocs,,https://www.vinted.fr/items/8849736087
Crocs femme,Crocs ballerine couleur lilas,6.0,18,0,Crocs,,https://www.vinted.fr/items/6598432437
Crocs femme,Crocs neu,29.0,8,0,Crocs,,https://www.vinted.fr/items/8856179124
Crocs femme,Crocs 37-38,35.0,6,0,Crocs,,https://www.vinted.fr/items/8857032174
Crocs femme,Infradito Crocs Nere - Come Nuove,17.0,18,0,Crocs,,https://www.vinted.fr/items/8800795976
Crocs femme,Crocs Swiftwater Sandals - Donna/Women - Taglia/Size W9 (39-40),18.0,9,0,Crocs,,https://www.vinted.fr/items/8800115722
Crocs femme,Crocs 36/37,50.0,24,0,Crocs,,https://www.vinted.fr/items/8848922884
Crocs femme,Crocs,38.0,21,0,Crocs,,https://www.vinted.fr/items/8846434462
Crocs femme,Crocs tongs compensées,30.0,65,0,Crocs,,https://www.vinted.fr/items/8850779779
Crocs femme,NEUF - crocs baya T37/38 bleu,35.0,15,0,Crocs,,https://www.vinted.fr/items/8811691926
Crocs femme,Crocs baya,1.0,1,0,Crocs,,https://www.vinted.fr/items/8836604219
Crocs femme,Crocs w6 n.35,8.0,17,0,Crocs,,https://www.vinted.fr/items/8846830615
Crocs femme,Claquettes crocs m6 w8,10.0,26,0,Crocs,,https://www.vinted.fr/items/8445988188
Crocs femme,Crocs bleu marine,13.0,11,0,Crocs,,https://www.vinted.fr/items/8838201706
Crocs femme,Sandalen,25.0,30,0,Crocs,,https://www.vinted.fr/items/8819665893
Crocs femme,crocs,19.0,19,0,Crocs,,https://www.vinted.fr/items/8846312275
Crocs femme,Sac vert crocs,25.0,9,0,Crocs,,https://www.vinted.fr/items/8835621590
Crocs femme,Crocs,29.0,25,0,Crocs,,https://www.vinted.fr/items/8774504092
Crocs femme,Jibbitz crocs nourriture smiley,5.0,12,0,Crocs,,https://www.vinted.fr/items/8388017546
Crocs femme,Rosa Crocs,10.0,46,0,Crocs,,https://www.vinted.fr/items/7746579586
Crocs femme,Pins crocs fleur,10.0,39,0,Crocs,,https://www.vinted.fr/items/8713836339
Crocs femme,Crocs|Clog Bayaband Blancas,36.38,8,0,Crocs,,https://www.vinted.fr/items/8849838250
Crocs femme,Crocs beige et doré,9.0,31,0,Crocs,,https://www.vinted.fr/items/8514383922
Crocs femme,Crocs Bistro Work Clogs,20.0,26,0,Crocs,,https://www.vinted.fr/items/8826174373
Crocs femme,Crocs plateforme confort,28.0,16,0,Crocs,,https://www.vinted.fr/items/8795977373
Crocs femme,Crocs baya,35.0,39,0,Crocs,,https://www.vinted.fr/items/8783233149
Crocs femme,Croc Charms,1.0,29,0,Crocs,,https://www.vinted.fr/items/8473207444
Crocs femme,Bailarina Crocs,30.0,15,0,Crocs,,https://www.vinted.fr/items/8851799655
Crocs femme,Chaussures sabots Crocs Crush Clog T36-37,38.0,25,0,Crocs,,https://www.vinted.fr/items/8818015249
Crocs femme,Crocs Jibbitz Smiley,2.5,9,0,Crocs,,https://www.vinted.fr/items/8454898620
Crocs femme,"Sabots/crocs UGG verts taille 36, très bon état",20.0,18,0,UGG,,https://www.vinted.fr/items/8855506542
Crocs femme,Crocs platform panna - taglia 38-39,50.0,25,0,Crocs,,https://www.vinted.fr/items/8854578875
Crocs femme,Crocs invierno talla 38/39 nuevos,24.0,38,0,Crocs,,https://www.vinted.fr/items/8748699200
Crocs femme,Crocs platform,28.0,12,0,Crocs,,https://www.vinted.fr/items/8807077280
Crocs femme,Sandali Crocs Brooklyn Low Wedge,27.0,46,0,Crocs,,https://www.vinted.fr/items/8814703398
Crocs femme,Crocs noire NEUVE Bae Clog Black 36-37,39.0,61,0,Crocs,,https://www.vinted.fr/items/8787488528
Crocs femme,crocs grises tailles 36/37,18.0,3,0,Crocs,,https://www.vinted.fr/items/8832404214
Crocs femme,Crocs Slides,20.0,15,0,Crocs,,https://www.vinted.fr/items/8775838156
Crocs femme,Damen  Schuhe Crocs,10.0,16,0,Crocs,,https://www.vinted.fr/items/8738549477
Crocs femme,Croc's,5.0,20,0,Crocs,,https://www.vinted.fr/items/7553539035
Crocs femme,Crocs sandales serena fleurs,20.0,12,0,Crocs,,https://www.vinted.fr/items/8808267275
Crocs femme,Crocs talla 38/24cm,24.0,14,0,Crocs,,https://www.vinted.fr/items/8801144980
Crocs femme,Jibbitz de la marque crocs,3.0,10,0,Crocs,,https://www.vinted.fr/items/6808303790
Crocs femme,"CROCS Brooklyn Buckle beige scuro 36/37
Sabot con zeppa Brooklyn Buckle",25.0,13,0,Crocs,,https://www.vinted.fr/items/8832882235
Crocs femme,Ballerines ouvertes crocs,8.0,38,0,Crocs,,https://www.vinted.fr/items/6328017995
Crocs femme,Jibbitz Pokémon,10.0,16,0,Crocs,,https://www.vinted.fr/items/8765220202
Crocs femme,Claquettes Crocs,22.0,12,0,Crocs,,https://www.vinted.fr/items/8775709114
Crocs femme,Crocs Women's Classic Platform Clog,25.0,57,0,Crocs,,https://www.vinted.fr/items/8718112069
Crocs femme,Charms Crocs Enfermería Medicina,2.0,26,0,Crocs,,https://www.vinted.fr/items/8683575071
Crocs femme,"pins crocs 3,50€ l’unité",3.5,2,0,Crocs,,https://www.vinted.fr/items/8843179599
Crocs femme,Groene Short Crocs,9.0,4,0,Crocs,,https://www.vinted.fr/items/8802040554
Crocs femme,Crocs platform,30.0,14,0,Crocs,,https://www.vinted.fr/items/8791065292
Crocs femme,Crocs,8.0,9,0,Crocs,,https://www.vinted.fr/items/8749830119
Crocs femme,Bistro pro work lite ride clog,25.0,8,0,Crocs,,https://www.vinted.fr/items/8839203787
Crocs femme,Crocks Plateau # Zehentrenner,25.0,15,0,Crocs,,https://www.vinted.fr/items/8842186563
Crocs femme,Crocs Tote Bag,25.0,109,0,Crocs,,https://www.vinted.fr/items/8821340832
Crocs femme,Crocs crush plate-forme,28.0,43,0,Crocs,,https://www.vinted.fr/items/8827304463
Crocs femme,Pink crocs size 39-40 with box,35.0,4,0,Crocs,,https://www.vinted.fr/items/8858744640
Crocs femme,Crocs jaune,20.0,9,0,Crocs,,https://www.vinted.fr/items/8816922138
Crocs femme,Nounours paillette jibbitz noeud noeud perles pins crocs charm,5.0,10,0,Noeud,,https://www.vinted.fr/items/8855471308
Crocs femme,Sandali Crocs Brooklyn 4U Low Wedge – Pink Milk – n. 34/35 NUOVI,21.0,30,0,Crocs,,https://www.vinted.fr/items/8797750317
Crocs femme,Classic Clog Pouch Bag Charm,11.5,26,0,Crocs,,https://www.vinted.fr/items/8727575625
Crocs femme,It’s summer! Charms,9.0,26,0,Crocs,,https://www.vinted.fr/items/8853783836
Crocs femme,Ciabatte Crocs donna,15.0,17,0,Crocs,,https://www.vinted.fr/items/8809184912
Crocs femme,Crocs Batman,50.0,36,0,Crocs,,https://www.vinted.fr/items/8810138823
Crocs femme,Crocs nere taglia 39-40 + 8 charme in silicone,30.0,45,0,Crocs,,https://www.vinted.fr/items/8799775657
Crocs femme,Crocs panter plateau 39-40 zeer goede staat,39.95,24,0,Crocs,,https://www.vinted.fr/items/8847045936
Crocs femme,Crocs fermée grises,10.0,21,0,Crocs,,https://www.vinted.fr/items/8674700074
Crocs femme,Crocs baya platform clog verte neuve T38-39,47.0,30,0,Crocs,,https://www.vinted.fr/items/8842942464
Crocs femme,Crocs,8.0,9,0,Crocs,,https://www.vinted.fr/items/8749830119
Crocs femme,Ciabatte Crocs donna,15.0,17,0,Crocs,,https://www.vinted.fr/items/8809184912
Crocs femme,Crocs compensées,30.0,11,0,Crocs,,https://www.vinted.fr/items/8796926372
Crocs femme,Crocs noir,40.0,18,0,Crocs,,https://www.vinted.fr/items/8843736669
Crocs femme,Crocs Bistro Work Clogs,20.0,26,0,Crocs,,https://www.vinted.fr/items/8826174373
Crocs femme,Sandales à talon Crocs taille 36,10.0,17,0,Crocs,,https://www.vinted.fr/items/8598268814
Crocs femme,Crocs Platform,35.0,34,0,Crocs,,https://www.vinted.fr/items/8834704501
Crocs femme,Chausseure femme CROCS taille 37,11.0,29,0,Crocs,,https://www.vinted.fr/items/8650948375
Crocs femme,Crocs Crush Clog Platform Plateau Quartz 39 40 Neu Etikett,30.0,51,0,Crocs,,https://www.vinted.fr/items/8842072682
Crocs femme,Sac vert crocs,25.0,9,0,Crocs,,https://www.vinted.fr/items/8835621590
Crocs femme,Sabot crocs,30.0,25,0,Crocs,,https://www.vinted.fr/items/8795153832
Crocs femme,Crocs platform,30.0,14,0,Crocs,,https://www.vinted.fr/items/8791065292
Crocs femme,Crocs Iconic Comfort,15.0,20,0,Crocs,,https://www.vinted.fr/items/8775653600
Crocs femme,Crocs schwarz M 6 W 8 Größe 38/39,16.0,21,0,Crocs,,https://www.vinted.fr/items/8774099437
Crocs femme,"Crocs Plateau-Sandalen, sehr bequem, weite W",10.0,20,0,Crocs,,https://www.vinted.fr/items/8814557315
Crocs femme,Cinderella muiltjes crocs,40.0,7,0,Crocs,,https://www.vinted.fr/items/8858556368
Crocs femme,Ciabatte,30.0,24,0,Crocs,,https://www.vinted.fr/items/8846179820
Crocs femme,Crocs heren winterversie,10.0,12,0,Crocs,,https://www.vinted.fr/items/8741236303
Crocs femme,Crocs personnalisées glitter,35.0,23,0,Crocs,,https://www.vinted.fr/items/8841372536
Crocs femme,Sandali Crocs Swiftwater Neri - Donna - Taglia W9 (39/40),19.0,12,0,Crocs,,https://www.vinted.fr/items/8816270137
Crocs femme,Crocs Monstres et Compagnie 41/42,39.0,19,0,Crocs,,https://www.vinted.fr/items/8804882092
Crocs femme,Crocs beige,40.0,3,0,Crocs,,https://www.vinted.fr/items/8859263379
Crocs femme,Crocs crush plate-forme,28.0,43,0,Crocs,,https://www.vinted.fr/items/8827304463
Crocs femme,Chaussure Crocs femme,35.0,12,0,Crocs,,https://www.vinted.fr/items/8825573572
Crocs femme,Echo clog,40.0,26,0,Crocs,,https://www.vinted.fr/items/8840730128
Crocs femme,Crocs,6.0,39,0,Crocs,,https://www.vinted.fr/items/6029961825
Crocs femme,Crocs Barbie Plateau Glitzer,35.0,67,0,Crocs,,https://www.vinted.fr/items/8839734340
Crocs femme,Crocs Damen,10.0,20,0,Crocs,,https://www.vinted.fr/items/8836161376
Crocs femme,Crocs,45.0,6,0,Crocs,,https://www.vinted.fr/items/8846963662
Crocs femme,Crocs,8.0,12,0,Crocs,,https://www.vinted.fr/items/7125627694
Crocs femme,Crocs arancioni 37/38,18.0,15,0,Crocs,,https://www.vinted.fr/items/8851143065
Crocs femme,Pink crocs size 39-40 with box,35.0,4,0,Crocs,,https://www.vinted.fr/items/8858744640
Crocs femme,Pins crocs,12.0,2,0,Crocs,,https://www.vinted.fr/items/8852430057
Crocs femme,"Classic Crocskin Clog
Sale",35.0,52,0,Crocs,,https://www.vinted.fr/items/8845041284
Crocs femme,Sully monster inc crocs,40.0,9,0,Crocs,,https://www.vinted.fr/items/8858537854
Crocs femme,Baskets Crocs LiteRide 206705 - Noir - Pointure W7 (37),15.0,4,0,Crocs,,https://www.vinted.fr/items/8829407016
Crocs femme,Je vend des crocs,7.0,5,0,Crocs,,https://www.vinted.fr/items/8791923204
Crocs femme,Crocs maat W6,22.5,19,0,Crocs,,https://www.vinted.fr/items/8791011468
Crocs femme,Sandales crocs,35.0,52,0,Crocs,,https://www.vinted.fr/items/8815679287
Crocs femme,Crocs nere donna – taglia 35 IT – nuove con etichetta,24.0,6,0,Crocs,,https://www.vinted.fr/items/8857570785
Crocs femme,Crocs sandal mega crush 42,28.0,69,0,Crocs,,https://www.vinted.fr/items/8768881255
Crocs femme,Crocs crush clog maat 39/40,45.0,11,0,Crocs,,https://www.vinted.fr/items/8854704596
Crocs femme,Bottine crocs,35.0,21,0,Crocs,,https://www.vinted.fr/items/8811764056
Crocs femme,Sandali Crocs,10.0,14,0,Crocs,,https://www.vinted.fr/items/8699936012
Crocs femme,Crocs x LEGO Jardin de minuit Clog,72.0,16,0,Crocs,,https://www.vinted.fr/items/8857529879
Crocs femme,"CROCS Plateforme neuve, acheter 65 e et les pins poir une valeur de 28€",40.0,7,0,Crocs,,https://www.vinted.fr/items/8820035323
Crocs femme,Platform crocs,25.0,22,0,Crocs,,https://www.vinted.fr/items/8823805919
Crocs femme,Simili crocs,18.0,51,0,Crocs,,https://www.vinted.fr/items/8773796000
Crocs femme,Tongs Crocs 5/7,7.0,10,0,Crocs,,https://www.vinted.fr/items/8857588218
Crocs femme,Crocs Comfort,10.0,41,0,Crocs,,https://www.vinted.fr/items/6846315356
Crocs femme,Crocs,15.0,4,0,Crocs,,https://www.vinted.fr/items/8858630937
Crocs femme,Crocs Femme Miami Slide 40,25.0,15,0,Crocs,,https://www.vinted.fr/items/8818664473
Crocs femme,"Crocs Flip Flops, pink, Gr. 38/39",15.0,27,0,Crocs,,https://www.vinted.fr/items/8781495276
Crocs femme,Crocs vendu avec pins,75.0,93,0,Crocs,,https://www.vinted.fr/items/8819282508
Crocs femme,Crocs Platform,35.0,19,0,Crocs,,https://www.vinted.fr/items/8849723638
Crocs femme,Jibbitz accessoire Crocs,1.0,34,0,Crocs,,https://www.vinted.fr/items/7832184842
Crocs femme,Crocs,30.0,36,0,Crocs,,https://www.vinted.fr/items/8843905341
Crocs femme,Simili crocs,18.0,40,0,Crocs,,https://www.vinted.fr/items/8773755315
Crocs femme,Borsa da spiaggia Crocs,10.0,34,0,Crocs,,https://www.vinted.fr/items/8801384562
Crocs femme,crocs bae rebel rose clogs,45.0,7,0,Crocs,,https://www.vinted.fr/items/8851073744
Crocs femme,Women’s Crocs Classic Hiker clogs Size-UK6/39,45.0,41,0,Crocs,,https://www.vinted.fr/items/8852888697
Crocs femme,Chaussures genre crocs pointure 37/38,5.0,3,0,Crocs,,https://www.vinted.fr/items/8753934788
Crocs femme,Sandale  Crocs,8.0,18,0,Crocs,,https://www.vinted.fr/items/6629252130
Crocs femme,Sandalias Crocs,16.0,23,0,Crocs,,https://www.vinted.fr/items/8777002513
Crocs femme,Crocs 39  grün/weiß leicht & bequem Größe W9 / M7,15.0,7,0,Crocs,,https://www.vinted.fr/items/8807806577
Crocs femme,Crocs zwarte flatjes,12.5,8,0,Crocs,,https://www.vinted.fr/items/8855499938
Crocs femme,Chinelo crocs,25.0,46,0,Crocs,,https://www.vinted.fr/items/8737549059
Crocs femme,Chaussures crocs,23.0,20,0,Crocs,,https://www.vinted.fr/items/8790079210
Crocs femme,Ballerine Crocs W9,11.0,24,0,Crocs,,https://www.vinted.fr/items/8785159314
Crocs femme,Classic Clog Summer édition,40.0,24,0,Crocs,,https://www.vinted.fr/items/8834799156
Crocs femme,Crocs Mega Crush Clog Moon Jelly Women’s,40.0,8,0,Crocs,,https://www.vinted.fr/items/8852190615
Crocs femme,Crocs,12.0,41,0,Crocs,,https://www.vinted.fr/items/8649615737
Crocs femme,"Sneaker Crocs LiteRide 360 marbled Pacer, Gr. 39/40",25.0,19,0,Crocs,,https://www.vinted.fr/items/8779601895
Crocs femme,Crocs Flip Flops Meteor EUR 41-42,27.0,14,0,Crocs,,https://www.vinted.fr/items/8856894301
Crocs femme,Iconic comfort crocs w8- maat 38,20.0,15,0,Crocs,,https://www.vinted.fr/items/8822931188
Crocs femme,Crocs Crocband Snake Print Clog,25.0,42,0,Crocs,,https://www.vinted.fr/items/8831124829
Crocs femme,Crocs compensées,32.0,7,0,Crocs,,https://www.vinted.fr/items/8812639139
Crocs femme,Crocs,20.0,4,0,Crocs,,https://www.vinted.fr/items/8831832474
Crocs femme,Crocs,3.0,14,0,Crocs,,https://www.vinted.fr/items/8812124727
Crocs femme,Crocs Sandaletten,13.0,7,0,Crocs,,https://www.vinted.fr/items/8788169451
Crocs femme,Crocs,8.0,3,0,Crocs,,https://www.vinted.fr/items/8764692611
Crocs femme,Crocs noires,19.0,7,0,Crocs,,https://www.vinted.fr/items/8824338922
Crocs femme,Crocs Lite-Ride M8 W10,21.0,8,0,Crocs,,https://www.vinted.fr/items/8819615959
Crocs femme,Crocs rose fourrées,30.0,21,0,Crocs,,https://www.vinted.fr/items/8795838807
Crocs femme,Crocs compensées 39,20.0,15,0,Crocs,,https://www.vinted.fr/items/8769696513
Crocs femme,Crocs chanclas,15.0,25,0,Crocs,,https://www.vinted.fr/items/8741669745
Crocs femme,simil crocs rosa pastello taglia 37,8.0,27,0,Crocs,,https://www.vinted.fr/items/8253430017
Crocs femme,Crocs noir sandales,17.0,34,0,Crocs,,https://www.vinted.fr/items/8776357755
Crocs femme,Sandalen von Crocs,12.0,45,0,Crocs,,https://www.vinted.fr/items/8816570538
Crocs femme,Crocs caged clog black,59.0,29,0,Crocs,,https://www.vinted.fr/items/8849510732
Crocs femme,platform whre crocs,12.0,8,0,Crocs,,https://www.vinted.fr/items/8838383424
Crocs femme,Chaussures Sabots Mules Getaway Strappy noir Crocs Femme,22.99,21,0,Crocs,,https://www.vinted.fr/items/8773239915
Crocs femme,Chaussures compensées,12.0,43,0,Crocs,,https://www.vinted.fr/items/8745457484
Crocs femme,💯 Crocs band flip unisex 💯,22.0,14,0,Crocs,,https://www.vinted.fr/items/8848883866
Crocs femme,Jibbitzs crocs neuf à l’unité,2.0,8,0,Crocs,,https://www.vinted.fr/items/8528165414
Crocs femme,Crocs sabots fourrés 36/37,10.0,37,0,Crocs,,https://www.vinted.fr/items/6780083118
Crocs femme,Crocs,12.0,13,0,Crocs,,https://www.vinted.fr/items/8807618887
Crocs femme,Lotto 6 pin charm per crocs | Gatti,7.0,32,0,Crocs,,https://www.vinted.fr/items/8632631210
Crocs femme,Sabrinas Crocs,8.0,20,0,Crocs,,https://www.vinted.fr/items/6853007175
Crocs femme,Chaussures crocs,5.0,26,0,Crocs,,https://www.vinted.fr/items/7716839837
Crocs femme,Iconic comfort crocs w8- maat 38,20.0,15,0,Crocs,,https://www.vinted.fr/items/8822931188
Crocs femme,Crocs crush clog maat 39/40,45.0,11,0,Crocs,,https://www.vinted.fr/items/8854704596
Crocs femme,"Classic Crocskin Clog
Sale",35.0,52,0,Crocs,,https://www.vinted.fr/items/8845041284
Crocs femme,Crocs,3.0,14,0,Crocs,,https://www.vinted.fr/items/8812124727
Crocs femme,Zuecos Crocs,15.0,21,0,Crocs,,https://www.vinted.fr/items/8860559129
Crocs femme,Charm Jibbitz Crocs officiel,3.0,4,0,Crocs,,https://www.vinted.fr/items/8755490008
Crocs femme,It’s summer! Charms,9.0,26,0,Crocs,,https://www.vinted.fr/items/8853783836
Crocs femme,Crocs baya platform clog verte neuve T38-39,47.0,30,0,Crocs,,https://www.vinted.fr/items/8842942464
Crocs femme,Crocs Crocband Snake Print Clog,25.0,42,0,Crocs,,https://www.vinted.fr/items/8831124829
Crocs femme,croc beige,10.0,18,0,Crocs,,https://www.vinted.fr/items/6971314202
Crocs femme,Crocs Mega Crush Clog Moon Jelly Women’s,40.0,8,0,Crocs,,https://www.vinted.fr/items/8852190615
Crocs femme,💯 Crocs band flip unisex 💯,22.0,14,0,Crocs,,https://www.vinted.fr/items/8848883866
Crocs femme,Black slider crocs,13.0,10,0,Crocs,,https://www.vinted.fr/items/8834624082
Crocs femme,zuecos Crocs Classic All-Terrain,25.0,47,0,Crocs,,https://www.vinted.fr/items/8830767156
Crocs femme,Crocs schwarz M 6 W 8 Größe 38/39,16.0,21,0,Crocs,,https://www.vinted.fr/items/8774099437
Crocs femme,Crocs caged clog black,59.0,29,0,Crocs,,https://www.vinted.fr/items/8849510732
Crocs femme,Crocs,9.0,13,0,Crocs,,https://www.vinted.fr/items/8821073912
Crocs femme,Crocs bayaband,35.0,11,0,Crocs,,https://www.vinted.fr/items/8854558555
Crocs femme,Crocs accessoires Anstecker Urlaub Sommer Neu,4.0,49,0,Crocs,,https://www.vinted.fr/items/8384351542
Crocs femme,Tortue pasteque etoile de mer crocs pons jibbitz plage sable,5.0,7,0,KanaBeach,,https://www.vinted.fr/items/8857586114
Crocs femme,Crocs,30.0,36,0,Crocs,,https://www.vinted.fr/items/8843905341
Crocs femme,Crocs Flip-Flops,5.0,12,0,Crocs,,https://www.vinted.fr/items/8334370263
Crocs femme,Crocs noir sandales,17.0,34,0,Crocs,,https://www.vinted.fr/items/8776357755
Crocs femme,Mocassins Crocs Pointure 41,9.0,25,0,Crocs,,https://www.vinted.fr/items/8783780234
Crocs femme,Sabots crocs jaune taille 42,25.0,24,0,Crocs,,https://www.vinted.fr/items/8739733257
Crocs femme,Crocs für Damen,25.0,27,0,Crocs,,https://www.vinted.fr/items/8829642732
Crocs femme,Crocs x LEGO Jardin de minuit Clog,72.0,16,0,Crocs,,https://www.vinted.fr/items/8857529879
Crocs femme,"Ballerines crocs neuves taille W5 37,5",6.0,11,0,Crocs,,https://www.vinted.fr/items/8511696771
Crocs femme,Sandalen von Crocs,12.0,45,0,Crocs,,https://www.vinted.fr/items/8816570538
Crocs femme,Crocs 38_39,35.0,51,0,Crocs,,https://www.vinted.fr/items/8850753543
Crocs femme,Crocs blanche,35.0,10,0,Crocs,,https://www.vinted.fr/items/8801303522
Crocs femme,Crocs confort,39.0,6,0,Crocs,,https://www.vinted.fr/items/8849586866
Crocs femme,Crocs,40.0,1,0,Crocs,,https://www.vinted.fr/items/8859349920
Crocs femme,Sandales Crocs gris T37,10.0,28,0,Crocs,,https://www.vinted.fr/items/7861751434
Crocs femme,Charm compatibili con Crocs Hello Kitty,6.0,25,0,Crocs,,https://www.vinted.fr/items/8222886305
Crocs femme,Crocs Sabots Sparkly paillettes Noir 38/39 EU,50.0,25,0,Crocs,,https://www.vinted.fr/items/8822266615
Crocs femme,Crocs taille 34-35,30.0,3,0,Crocs,,https://www.vinted.fr/items/8850178594
Crocs femme,Crocs Classic rose,40.0,31,0,Crocs,,https://www.vinted.fr/items/8809784666
Crocs femme,CROCS Bella Clogs 38/39,33.0,19,0,Crocs,,https://www.vinted.fr/items/8850285580
Crocs femme,Crocs,12.0,50,0,Crocs,,https://www.vinted.fr/items/8736643197
Crocs femme,Soft Flowers Charms,9.0,53,0,Crocs,,https://www.vinted.fr/items/8853738870
Crocs femme,Crocs slides,20.0,45,0,Crocs,,https://www.vinted.fr/items/8737327363
Crocs femme,Scarpe Crocs 39,25.0,15,0,Crocs,,https://www.vinted.fr/items/8851281313
Crocs femme,Crocs multicolore,9.0,1,0,Crocs,,https://www.vinted.fr/items/8860459843
Crocs femme,Sandali,30.0,6,0,Crocs,,https://www.vinted.fr/items/8846127673
Crocs femme,Sandali Crocs 37/38,30.0,28,0,Crocs,,https://www.vinted.fr/items/8849530128
Crocs femme,Crocs Compensés,18.0,9,0,Crocs,,https://www.vinted.fr/items/8828252318
Crocs femme,Crocs Baya - Beige,35.0,19,0,Crocs,,https://www.vinted.fr/items/8839043599
Crocs femme,"Crocs Baya Lined fuzz Strap Clog Taille 38/39 Jamais Porte, Etiquette",35.0,4,0,Crocs,,https://www.vinted.fr/items/8840083898
Crocs femme,Crocs 4/6,6.0,4,0,Crocs,,https://www.vinted.fr/items/8750605618
Crocs femme,Crocs Flip Flops Zehentrenner Gr. 37 ( 4 | 6) grau,9.0,18,0,Crocs,,https://www.vinted.fr/items/8827387645
Crocs femme,Crocs  fourré,20.0,9,0,Crocs,,https://www.vinted.fr/items/8816634786
Crocs femme,White crocs classic clogs,25.0,8,0,Crocs,,https://www.vinted.fr/items/8822613837
Crocs femme,Low Wedge Sandal,32.0,38,0,Crocs,,https://www.vinted.fr/items/8802250600
Crocs femme,Zapatillas Crocs,30.0,18,0,Crocs,,https://www.vinted.fr/items/8845314091
Crocs femme,CROCS weiss mit Plateau 41/42,25.0,42,0,Crocs,,https://www.vinted.fr/items/8840272079
Crocs femme,"Crocs-Ironic comfort 37,5",12.0,38,0,Crocs,,https://www.vinted.fr/items/8461966435
Crocs femme,Sandali Crocs,3.0,12,0,Crocs,,https://www.vinted.fr/items/7150015223
Crocs femme,Ciabatte,25.0,25,0,Crocs,,https://www.vinted.fr/items/8789286265
Crocs femme,sandalias crocs tacón,22.0,11,0,Crocs,,https://www.vinted.fr/items/8809284248
Crocs femme,Crocs x salehe bembury noir taille 36/37,50.0,25,0,Crocs,,https://www.vinted.fr/items/8842778542
Crocs femme,Crocs schoenen,14.0,11,0,Crocs,,https://www.vinted.fr/items/8825108024
Crocs femme,Sandales crocs mixte fushia,25.0,4,0,Crocs,,https://www.vinted.fr/items/8857572774
Crocs femme,Crocs Platform Clogs Creme/Offwhite Gr. W6,22.0,66,0,Crocs,,https://www.vinted.fr/items/8855664412
Crocs femme,Crocs weiß,28.0,22,0,Crocs,,https://www.vinted.fr/items/8772284770
Crocs femme,Blauwe crocs maat 39,20.0,7,0,Crocs,,https://www.vinted.fr/items/8847481728
Crocs femme,Crocs sandalen met dikke zolen mt 41,18.0,50,0,Crocs,,https://www.vinted.fr/items/8755105753
Crocs femme,Crocs tulum sandal w6 n36-37,25.0,0,0,Crocs,,https://www.vinted.fr/items/8860697912
Crocs femme,Crocs,15.0,60,0,Crocs,,https://www.vinted.fr/items/8406940536
Crocs femme,Crocs black flip flops with platform sole – size W7,15.0,18,0,Crocs,,https://www.vinted.fr/items/8834518432
Crocs femme,Crocs plataforma verdes 38/39,25.0,59,0,Crocs,,https://www.vinted.fr/items/8846986783
Crocs femme,Ciabatte Crocs n.39,12.0,10,0,Crocs,,https://www.vinted.fr/items/8829294074
Crocs femme,Tong crocs,9.0,4,0,Crocs,,https://www.vinted.fr/items/8837056984
Crocs femme,"Chaussures à talon Crocs 39 en plastique rose et multicolore, mini accroc cf dernière photo",15.0,10,0,Crocs,,https://www.vinted.fr/items/8750493309
Crocs femme,Accessoires crocs Jul jibbitz charm Marseille,4.0,1,0,Crocs,,https://www.vinted.fr/items/8847151580
Crocs femme,Crocs sandalen brooklyn,28.0,8,0,Crocs,,https://www.vinted.fr/items/8856088091
Crocs femme,Iconic CROCS Comfort,5.0,20,0,Crocs,,https://www.vinted.fr/items/8162291845
Crocs femme,Sandali Crocs,20.0,12,0,Crocs,,https://www.vinted.fr/items/8795120317
Crocs femme,Crocs plat,35.0,25,0,Crocs,,https://www.vinted.fr/items/8780050089
Crocs femme,Zuecos de colores Unisex,18.0,7,0,Crocs,,https://www.vinted.fr/items/8815392361
Crocs femme,Plateau Crocs,30.0,91,0,Crocs,,https://www.vinted.fr/items/8733994133
Crocs femme,Crocs plataforma beige 38/39,25.0,12,0,Crocs,,https://www.vinted.fr/items/8848082495
Crocs femme,Crocs  personnalisé,38.0,16,0,Crocs,,https://www.vinted.fr/items/8805177117
Crocs femme,Crocs noir/gris taille 37/38 très bon état,25.0,52,0,Crocs,,https://www.vinted.fr/items/8812277226
Crocs femme,Crocs Platform Rosa Antico,40.0,10,0,Crocs,,https://www.vinted.fr/items/8854173107
Crocs femme,Crocs infradito uomo 41,18.0,17,0,Crocs,,https://www.vinted.fr/items/8847843205
Crocs femme,Sandali Crocs Cleo V,15.0,3,0,Crocs,,https://www.vinted.fr/items/8853747979
Crocs femme,Iridescent Flowers Charms,9.0,13,0,Crocs,,https://www.vinted.fr/items/8853807649
Crocs femme,Crocs à talon haut,10.0,11,0,Crocs,,https://www.vinted.fr/items/8725957736
Crocs femme,Crocs beige,23.9,2,0,Crocs,,https://www.vinted.fr/items/8852942339
Crocs femme,Sandales crocs mixte fushia,25.0,4,0,Crocs,,https://www.vinted.fr/items/8857572774
Crocs femme,White and red slipper style crocs,5.0,15,0,Crocs,,https://www.vinted.fr/items/8530198130
Crocs femme,Zapatillas Crocs,30.0,18,0,Crocs,,https://www.vinted.fr/items/8845314091
Crocs femme,Crocs skyline sandalen met dikke zool,22.0,9,0,Crocs,,https://www.vinted.fr/items/8833718446
Crocs femme,Crocs Brooklyn W8 37/38,26.0,19,0,Crocs,,https://www.vinted.fr/items/8848823642
Crocs femme,Pines jibbitz para las crocs,1.0,19,0,Crocs,,https://www.vinted.fr/items/8842687434
Crocs femme,Chaussures CROCS,5.0,13,0,Crocs,,https://www.vinted.fr/items/5214710320
Crocs femme,Crocs Brooklyn Buckle,30.0,29,0,Crocs,,https://www.vinted.fr/items/8837246263
Crocs femme,Crocs Brooklyn Low Wedge Sandals,25.0,13,0,Crocs,,https://www.vinted.fr/items/8784968232
Crocs femme,Crocs x Marvel Spider Man Clogs Größe 37 38 Neu mit Etikett selten,74.0,17,0,Crocs,,https://www.vinted.fr/items/8855568467
Crocs femme,White crocs classic clogs,25.0,8,0,Crocs,,https://www.vinted.fr/items/8822613837
Crocs femme,Crocs à talon haut,10.0,11,0,Crocs,,https://www.vinted.fr/items/8725957736
Crocs femme,Crocs bayaband,35.0,11,0,Crocs,,https://www.vinted.fr/items/8854558555
Crocs femme,Crocs  personnalisé,38.0,16,0,Crocs,,https://www.vinted.fr/items/8805177117
Crocs femme,Zapatillas Crocs,40.0,24,0,Crocs,,https://www.vinted.fr/items/8851855789
Crocs femme,Chanclas  crocs,5.0,19,0,Crocs,,https://www.vinted.fr/items/6792474301
Crocs femme,Crocs Platform Rosa Antico,40.0,10,0,Crocs,,https://www.vinted.fr/items/8854173107
Crocs femme,Crocs con tacco verde militare,15.0,29,0,Crocs,,https://www.vinted.fr/items/8746610428
Crocs femme,It’s summer! Charms,9.0,26,0,Crocs,,https://www.vinted.fr/items/8853783836
Crocs femme,Crocs blanche 43,30.0,8,0,Crocs,,https://www.vinted.fr/items/8805520050
Crocs femme,Bottes Crocs 38,13.0,12,0,Crocs,,https://www.vinted.fr/items/8845653977
Crocs femme,sabot crocs rose flashy 42-43,28.0,6,0,Crocs,,https://www.vinted.fr/items/8852858142
Crocs femme,Ballerinas /Crocs /8,7.5,22,0,Crocs,,https://www.vinted.fr/items/8763975801
Crocs femme,Crocs Stomp Slide 4,30.0,12,0,Crocs,,https://www.vinted.fr/items/8838087071
Crocs femme,"Chaussures Crocs fermées à lacets LiteRide , marine, taille W6(36)",10.0,3,0,Crocs,,https://www.vinted.fr/items/8804273005
Crocs femme,"Crocs femme 38,39",35.0,21,0,Crocs,,https://www.vinted.fr/items/8830738552
Crocs femme,Zuecos de colores Unisex,18.0,7,0,Crocs,,https://www.vinted.fr/items/8815392361
Crocs femme,Flower Charms,9.0,24,0,Crocs,,https://www.vinted.fr/items/8845204366
Crocs femme,NoName Crocs Geometric,10.0,50,0,Crocs,,https://www.vinted.fr/items/8731736369
Crocs femme,Sandales type tong Crocs taille 38/39,5.0,2,0,Crocs,,https://www.vinted.fr/items/8819626061
Crocs femme,Crocs maat 37-38,10.0,20,0,Crocs,,https://www.vinted.fr/items/8849576621
Crocs femme,Crocs Dual Comfort Zehentrenner,13.0,16,0,Crocs,,https://www.vinted.fr/items/8833154786
Crocs femme,Sandalias crocs talla 40 unisex,20.0,11,0,Crocs,,https://www.vinted.fr/items/8793415410
Crocs femme,Crocs Flip Flops,5.0,16,0,Crocs,,https://www.vinted.fr/items/8628573742
Crocs femme,Dames crocs,35.0,12,0,Crocs,,https://www.vinted.fr/items/8843410488
Crocs femme,Crocs slippers blauw nieuw,45.0,12,0,Crocs,,https://www.vinted.fr/items/8853955673
Crocs femme,Crocs,25.0,20,0,Crocs,,https://www.vinted.fr/items/8760637001
Crocs femme,Crocs Brooklyn Buckle Low schwarz/beige Gr.39/40 neuwertig,25.0,17,0,Crocs,,https://www.vinted.fr/items/8808469859
Crocs femme,Crocs,13.0,14,0,Crocs,,https://www.vinted.fr/items/8838457456
Crocs femme,Crocs Classic Marbled Sandal blue bolt/multi,25.0,6,0,Crocs,,https://www.vinted.fr/items/8831415252
Crocs femme,Sandali crocs alti,10.0,8,0,Crocs,,https://www.vinted.fr/items/8745879338
Crocs femme,Crocs w6 36-37,23.0,14,0,Crocs,,https://www.vinted.fr/items/8856463998
Crocs femme,"Crocs originales mod Manoletinas número 36-36,5(W6)",14.0,9,0,Crocs,,https://www.vinted.fr/items/8849265892
Crocs femme,Crocs,9.0,74,0,Crocs,,https://www.vinted.fr/items/7842111703
Crocs femme,Crocs weiß,28.0,22,0,Crocs,,https://www.vinted.fr/items/8772284770
Crocs femme,White crocs,10.0,19,0,Crocs,,https://www.vinted.fr/items/8575579648
Crocs femme,Crocs Flip Flops Größe 40,18.0,20,0,Crocs,,https://www.vinted.fr/items/8847204793
Crocs femme,Crocs w7 37-38,20.0,23,0,Crocs,,https://www.vinted.fr/items/8815283229
Crocs femme,Sandali Crocs,3.0,12,0,Crocs,,https://www.vinted.fr/items/7150015223
Crocs femme,Jibbitz Clips hello Kitty,1.0,27,0,Crocs,,https://www.vinted.fr/items/7340043644
Crocs femme,3x Crocs Jibbitz/Chibbits 🌼🍀 Blume & Kleeblatt,5.0,0,0,Crocs,,https://www.vinted.fr/items/8860942713
Crocs femme,Lot Lot de 2 paires de sandales,27.0,12,0,Crocs,,https://www.vinted.fr/items/8804776305
Crocs femme,Crocs,10.0,6,0,Crocs,,https://www.vinted.fr/items/8770681061
Crocs femme,Sandales Crocs à talons compensés - Noir (W6),9.0,6,0,Crocs,,https://www.vinted.fr/items/8828710871
Crocs femme,Crocs blancas,30.0,27,0,Crocs,,https://www.vinted.fr/items/8793419663
Crocs femme,Accessoires crocs,1.0,7,0,Crocs,,https://www.vinted.fr/items/7868854913
Crocs femme,Slippers,18.0,20,0,Crocs,,https://www.vinted.fr/items/8820582842
Crocs femme,"Crocs Baya Lined fuzz Strap Clog Taille 38/39 Jamais Porte, Etiquette",35.0,4,0,Crocs,,https://www.vinted.fr/items/8840083898
Crocs femme,Crocs Pro 41-42,25.0,7,0,Crocs,,https://www.vinted.fr/items/8790642115
Crocs femme,Claquettes crocs T37,8.0,8,0,Crocs,,https://www.vinted.fr/items/8764774678
Crocs femme,"Blauwe platform Crocs mt 9  dames , heren 11( 42)",25.0,24,0,Crocs,,https://www.vinted.fr/items/8829103039
Crocs femme,Crocs Tulum Strappy Sandals,20.0,17,0,Crocs,,https://www.vinted.fr/items/8849281246
Crocs femme,Preciosas Crocs para chica,75.0,17,0,Crocs,,https://www.vinted.fr/items/8853981339
Crocs femme,Tongs crocs,7.0,20,0,Crocs,,https://www.vinted.fr/items/8813139631
Crocs femme,Crocs Crush clog,45.0,16,0,Crocs,,https://www.vinted.fr/items/8834465245
Crocs femme,rocs Plateau Sandalen schwarz Gr. W8 / EU 39–40 🖤,24.0,13,0,Crocs,,https://www.vinted.fr/items/8852000009
Crocs femme,Ballerines crocs roses,9.0,47,0,Crocs,,https://www.vinted.fr/items/8448131848
Crocs femme,Crocs slippers,10.0,17,0,Crocs,,https://www.vinted.fr/items/8832242527
Crocs femme,Crocs,6.5,8,0,Crocs,,https://www.vinted.fr/items/8801560702
Crocs femme,Crocs crush clog,40.0,5,0,Crocs,,https://www.vinted.fr/items/8849143799
Crocs femme,Sabrinas castanhas Crocs,6.0,19,0,Crocs,,https://www.vinted.fr/items/7047599878
Crocs femme,Crocs mega crush sandals,35.0,70,0,Crocs,,https://www.vinted.fr/items/8784137477
Crocs femme,Crocs rose,38.0,15,0,Crocs,,https://www.vinted.fr/items/8841268174
Crocs femme,CROCS weiss mit Plateau 41/42,25.0,42,0,Crocs,,https://www.vinted.fr/items/8840272079
Crocs femme,Crocs Balerinas,3.0,14,0,Crocs,,https://www.vinted.fr/items/6105962955
Crocs femme,Ciabatte,30.0,3,0,Crocs,,https://www.vinted.fr/items/8853382173
Crocs femme,Ciabatte crocs,13.0,9,0,Crocs,,https://www.vinted.fr/items/8807712519
Crocs femme,Crocs W6 37,12.0,11,0,Crocs,,https://www.vinted.fr/items/8823596403
Crocs femme,Crocs sabots Disney,10.0,10,0,Crocs,,https://www.vinted.fr/items/8856068869
Crocs femme,Chanclas Crocs,15.0,31,0,Crocs,,https://www.vinted.fr/items/8817642591
Crocs femme,Vendo perché piccole ma non sono mai state usate,35.0,1,0,Crocs,,https://www.vinted.fr/items/8858837998
Crocs femme,Zapatillas Crocs,30.0,18,0,Crocs,,https://www.vinted.fr/items/8849257854
Crocs femme,Accessories 3D Crocs canards,5.0,26,0,Crocs,,https://www.vinted.fr/items/6588401731
Crocs femme,🪼🌸dreamy y2k Crocs Mega Crush Platform Clog,25.0,0,0,Crocs,,https://www.vinted.fr/items/8861099559
Crocs femme,Crocs à plateforme noir,30.0,2,0,Crocs,,https://www.vinted.fr/items/8745419494
Crocs femme,Zapatillas Crocs,30.0,34,0,Crocs,,https://www.vinted.fr/items/8849200780
Crocs femme,Crocs brooklyn low wedge,32.0,16,0,Crocs,,https://www.vinted.fr/items/8834715811
Crocs femme,Crocs,45.0,12,0,Crocs,,https://www.vinted.fr/items/8836042996
Crocs femme,Crocs,32.0,22,0,Crocs,,https://www.vinted.fr/items/8821677937
Crocs femme,Crocs Pink maat US  W7,15.0,27,0,Crocs,,https://www.vinted.fr/items/8753085198
Crocs femme,Damen Crocs,17.0,9,0,Crocs,,https://www.vinted.fr/items/8798428595
Crocs femme,Crocs mellow recovery clogs,30.0,7,0,Crocs,,https://www.vinted.fr/items/8819767119
Crocs femme,Ballerines crocs,20.0,6,0,Crocs,,https://www.vinted.fr/items/8836718023
Crocs femme,Crocs beige,23.9,2,0,Crocs,,https://www.vinted.fr/items/8852942339
Crocs femme,Crocs,5.0,19,0,Crocs,,https://www.vinted.fr/items/6656759968
Crocs femme,Crocs Comfort,20.0,28,0,Crocs,,https://www.vinted.fr/items/8820747189
Stanley bottle,Stanley Stainless Steel Bottle 591 ml,35.0,8,0,Stanley,,https://www.vinted.fr/items/8858866179
Stanley bottle,Stanley Quencher 18oz,30.0,64,0,Stanley,,https://www.vinted.fr/items/8858591579
Stanley bottle,"Stanley Quencher H2.0 FlowState Tumbler 1,18L / 40oz Noir Neuf",21.0,37,0,Stanley,,https://www.vinted.fr/items/8858777296
Stanley bottle,Stanley cup,22.0,9,0,Stanley,,https://www.vinted.fr/items/8859220952
Stanley bottle,Termo Stanley Iceflow Bottle 16oz,28.0,20,0,Stanley,,https://www.vinted.fr/items/8832290595
Stanley bottle,Stanley tumbler 1.18 litres,33.0,29,0,Stanley,,https://www.vinted.fr/items/8855171592
Stanley bottle,Stanley-style thermal mug 1.2L with handle,20.0,22,0,Stanley,,https://www.vinted.fr/items/8832621053
Stanley bottle,purple lilac stanley cup,15.0,76,0,Stanley,,https://www.vinted.fr/items/8854598646
Stanley bottle,"Stanley Iceflow Bottle 0,6l 20Oz",25.0,35,0,Stanley,,https://www.vinted.fr/items/8786544258
Stanley bottle,Stanley Thermo bottle 1L,40.0,52,0,Stanley,,https://www.vinted.fr/items/8741850198
Stanley bottle,"Stanley Iceflow Bottle | 0,6L | Nieuw",34.0,22,0,Stanley,,https://www.vinted.fr/items/8798270644
Stanley bottle,"Stanley Slim Bottle | 0,59L | Nieuw",31.0,19,0,Stanley,,https://www.vinted.fr/items/8798237317
Stanley bottle,Stanley cup light blue 🩵,35.0,42,0,Stanley,,https://www.vinted.fr/items/8856455114
Stanley bottle,Stanley cup,17.0,7,0,Stanley,,https://www.vinted.fr/items/8859187025
Stanley bottle,Stanley cup,51.99,53,0,Stanley,,https://www.vinted.fr/items/8860436229
Stanley bottle,Stanley Transit Mug 473ml,28.0,79,0,Stanley,,https://www.vinted.fr/items/8776567452
Stanley bottle,"Stanley Classic Bottle 1,9 l",45.0,15,0,Stanley,,https://www.vinted.fr/items/8819621176
Stanley bottle,Stanley The AeroLight 473 ml Transit Bottle Mocha Latte,55.0,13,0,Stanley,,https://www.vinted.fr/items/8848529310
Stanley bottle,Stanley | Iceflow Bottle | 1.1L! | Nieuw,41.0,4,0,Stanley,,https://www.vinted.fr/items/8856810515
Stanley bottle,Stanley IceFlow Flip Straw 2.0 Tumbler,25.0,73,0,Stanley,,https://www.vinted.fr/items/8758458847
Stanley bottle,Stanley Quencher H2.O FlowState M Tumbler 40 OZ Hot Coral,32.0,12,0,Stanley,,https://www.vinted.fr/items/8854804232
Stanley bottle,Stanley classic bottle,50.0,28,0,Stanley,,https://www.vinted.fr/items/8858802929
Stanley bottle,Stanley Stainless Steel drinkbeker,29.99,118,0,Stanley,,https://www.vinted.fr/items/8748600245
Stanley bottle,Stanley classic bottle 1 liter,42.5,23,0,Stanley,,https://www.vinted.fr/items/8836333343
Stanley bottle,Stanley Cashmere gold detailed color IceFlow Flip Straw 2.0 Tumbler | 0.89L,30.0,51,0,Stanley,,https://www.vinted.fr/items/8766223728
Stanley bottle,brand new stanley cup tumbler,25.0,109,0,Stanley,,https://www.vinted.fr/items/8806390463
Stanley bottle,"Stanley Slim Bottle | 0,59L | Nieuw",31.0,18,0,Stanley,,https://www.vinted.fr/items/8798245038
Stanley bottle,Stanley IceFlow Flip Straw 2.0 Tumbler,30.0,28,0,Stanley,,https://www.vinted.fr/items/8765083743
Stanley bottle,"Stanley Iceflow Bottle | 0,6L | Nieuw",34.0,35,0,Stanley,,https://www.vinted.fr/items/8798275459
Stanley bottle,Stanley | Classic Wellspring Bottle (nieuw),27.5,37,0,Stanley,,https://www.vinted.fr/items/8784643870
Stanley bottle,Stanley | Aerolight Iceflow Bottle (nieuw),27.5,51,0,Stanley,,https://www.vinted.fr/items/8688927105
Stanley bottle,"Stanley Slim Bottle | 0,59L | Nieuw",31.0,10,0,Stanley,,https://www.vinted.fr/items/8798223722
Stanley bottle,Tumbler Stanley,19.0,21,0,Stanley,,https://www.vinted.fr/items/8739919645
Stanley bottle,Water bottle Stanley 887 ml.,25.0,6,0,Stanley,,https://www.vinted.fr/items/8715061866
Stanley bottle,Stanley | Activate Shaker Bottle (nieuw),42.5,35,0,Stanley,,https://www.vinted.fr/items/8777112078
Stanley bottle,Stanley cup,20.0,101,0,Stanley,,https://www.vinted.fr/items/8375918171
Stanley bottle,Stanley cup,30.0,45,0,Stanley,,https://www.vinted.fr/items/8812544985
Stanley bottle,Stanley Clutch Bottle 473ml,60.0,4,0,Stanley,,https://www.vinted.fr/items/8837558731
Stanley bottle,Stanley 1913 Classic Legendary Thermos,63.0,3,0,Stanley,,https://www.vinted.fr/items/8858390697
Stanley bottle,Stanley peach,25.0,13,0,Stanley,,https://www.vinted.fr/items/8833480999
Stanley bottle,Brand new Stanley cup,33.0,42,0,Stanley,,https://www.vinted.fr/items/8838681985
Stanley bottle,Stanley Transit Mug 473ml,28.0,43,0,Stanley,,https://www.vinted.fr/items/8768410701
Stanley bottle,stanley,20.0,36,0,Stanley,,https://www.vinted.fr/items/8799606143
Stanley bottle,Stanley Labubu,25.0,11,0,Stanley,,https://www.vinted.fr/items/8821205635
Stanley bottle,Stanley Classic Bottle 1L Thermosflasche Original,50.0,18,0,Stanley,,https://www.vinted.fr/items/8839551052
Stanley bottle,Stanley Transit Mug 473ml,28.0,43,0,Stanley,,https://www.vinted.fr/items/8769036397
Stanley bottle,Stanley Classic vacuum bottle 1L,50.0,5,0,Stanley,,https://www.vinted.fr/items/8647803350
Stanley bottle,Stanley Cross Bottle 680ml,47.0,24,0,Stanley,,https://www.vinted.fr/items/8772635514
Stanley bottle,"Stanley Iceflow Bottle | 0,6L | Nieuw",34.0,7,0,Stanley,,https://www.vinted.fr/items/8798263622
Stanley bottle,Tumbler Bottle Bottle Luna 887ml (30oz) - NEUF - Noir Mat,18.0,5,0,Bottle Bottle,,https://www.vinted.fr/items/8858265678
Stanley bottle,Stanley IceFlow Flip Straw Tumbler | 20 oz / 0.6 L | Never Used,29.0,12,0,Stanley,,https://www.vinted.fr/items/8800518152
Stanley bottle,Stanley Cross,75.0,10,0,Stanley,,https://www.vinted.fr/items/8014826962
Stanley bottle,Stanley Black Mug,25.0,44,0,Stanley,,https://www.vinted.fr/items/8737351330
Stanley bottle,Stanley,35.0,41,0,Stanley,,https://www.vinted.fr/items/8666603404
Stanley bottle,Stanley cup,45.0,15,0,Stanley,,https://www.vinted.fr/items/8808130210
Stanley bottle,Stanley water bottle,36.0,3,0,Stanley,,https://www.vinted.fr/items/8839096890
Stanley bottle,Stanley Quencher H2.0 FlowState Tumbler 1.18L,30.0,2,0,Stanley,,https://www.vinted.fr/items/8861097792
Stanley bottle,"Stanley Bottle Flasche Thermoflasche 1,9l 1.9l",54.99,25,0,Stanley,,https://www.vinted.fr/items/8667432599
Stanley bottle,Gourde Isotherme Bottle Bottle Luna 887ml + Paille & Accessoires - NEUF,17.0,10,0,bottlebottle,,https://www.vinted.fr/items/8828801304
Stanley bottle,stanley bottle,56.0,11,0,Stanley,,https://www.vinted.fr/items/8663771407
Stanley bottle,Stanley Quencher H2.0 Tumbler,25.0,16,0,Stanley,,https://www.vinted.fr/items/8789585717
Stanley bottle,Stanley bottle botella,37.0,83,0,Stanley,,https://www.vinted.fr/items/8153134009
Stanley bottle,Stanley Quencher H2.0 FlowState 40oz 1.18L Tumbler Thermos Hydratation Premium,37.0,1,0,Stanley,,https://www.vinted.fr/items/8859334315
Stanley bottle,Stanley Classic Bottle,60.0,18,0,Stanley,,https://www.vinted.fr/items/8326689736
Stanley bottle,Stanley,35.0,29,0,Stanley,,https://www.vinted.fr/items/8774547718
Stanley bottle,Light pink Stanley,23.0,1,0,Stanley,,https://www.vinted.fr/items/8858351691
Stanley bottle,Stanley style bottle / tumbler 💧🤍,10.0,0,0,Stanley,,https://www.vinted.fr/items/8847932030
Stanley bottle,Stanley’s bottle holder,3.0,17,0,,,https://www.vinted.fr/items/8627207526
Stanley bottle,Stanley Classic Legendary Thermo bottle,45.0,71,0,Stanley,,https://www.vinted.fr/items/8020003551
Stanley bottle,Coffret cadeau tasses,75.0,8,0,Stanley,,https://www.vinted.fr/items/8757815994
Stanley bottle,Stanley 1L bottle,33.0,4,0,Stanley,,https://www.vinted.fr/items/8774442149
Stanley bottle,Stanley,35.0,30,0,Stanley,,https://www.vinted.fr/items/8441525170
Stanley bottle,Stanley Cup Iceflow Bottle,40.0,7,0,Stanley,,https://www.vinted.fr/items/8752924997
Stanley bottle,Stanley Tumbler with Handle – 0.89L Flip Straw – Pink Rose Quartz,70.0,9,0,Stanley,,https://www.vinted.fr/items/8777830096
Stanley bottle,Stanley cup,30.0,7,0,Stanley,,https://www.vinted.fr/items/8845157576
Stanley bottle,New Stanley bottle (final price),35.0,44,0,Stanley,,https://www.vinted.fr/items/6987662615
Stanley bottle,Borraccia termica Go Bottle - Stanley,25.0,6,0,Stanley,,https://www.vinted.fr/items/8745105062
Stanley bottle,stanley cup hardly used,25.0,42,0,Stanley,,https://www.vinted.fr/items/8716582401
Stanley bottle,Ice molds for Stanley bottles,9.0,8,0,Stanley,,https://www.vinted.fr/items/8837284643
Stanley bottle,Stanley iceflow  Bottle,65.0,6,0,Stanley,,https://www.vinted.fr/items/8649136014
Stanley bottle,Stanley 1913 Classic Legendary Bottle 1.0 L,37.0,30,0,Stanley,,https://www.vinted.fr/items/8592851813
Stanley bottle,Barbie Stanley,17.0,5,0,Stanley,,https://www.vinted.fr/items/8788395666
Stanley bottle,Stanley,35.0,61,0,Stanley,,https://www.vinted.fr/items/8617846018
Stanley bottle,"Stanley Legendary Classic Thermoskanne 1,0L – Hammerschlag Grün",29.0,1,0,Stanley,,https://www.vinted.fr/items/8860338321
Stanley bottle,Termo Stanley 1L,45.0,18,0,Stanley,,https://www.vinted.fr/items/8541580745
Stanley bottle,Stanley the Aerolight Iceflow bottle lilac flip straw,47.5,46,0,Stanley,,https://www.vinted.fr/items/8288032385
Stanley bottle,Stanley Iceflow Bottle 1.1 l Cup Flasche thermo straw,45.0,146,0,Stanley,,https://www.vinted.fr/items/7897978254
Stanley bottle,stanley,28.0,21,0,Stanley,,https://www.vinted.fr/items/8757516986
Stanley bottle,Limited Edition Stanley x LoveShackFancy Quencher,70.0,42,0,Stanley,,https://www.vinted.fr/items/8042337963
Stanley bottle,Stanley Iceflow Bottle,29.0,59,0,Stanley,,https://www.vinted.fr/items/6012737419
Stanley bottle,Labubu stanley tumbler,70.0,12,0,Stanley,,https://www.vinted.fr/items/8767053921
Stanley bottle,Stanley Cross Bottle 0.68L 680ml black Edelstahl doppelwandig,70.0,9,0,Stanley,,https://www.vinted.fr/items/8742299949
Stanley bottle,Blue and yellow Stanley,35.0,17,0,Stanley,,https://www.vinted.fr/items/8645485692
Stanley bottle,Stanley All Day Slim Bottle Rose Quartz | 0.59L,40.0,45,0,Stanley,,https://www.vinted.fr/items/7828823930
Stanley bottle,IceFlow Bottle StanLey 24oz -710ml,50.0,1,0,Stanley,,https://www.vinted.fr/items/8796565752
Stanley bottle,Stanley termos,31.0,14,0,Stanley,,https://www.vinted.fr/items/8547157522
Stanley bottle,Limited Edition Stanley x LoveShackFancy Quencher,70.0,42,0,Stanley,,https://www.vinted.fr/items/8042337963
Stanley bottle,Stanley Cross Bottle 0.68L 680ml black Edelstahl doppelwandig,70.0,9,0,Stanley,,https://www.vinted.fr/items/8742299949
Stanley bottle,Stanley Cup 1Litre,20.0,17,0,Stanley,,https://www.vinted.fr/items/8401687501
Stanley bottle,Stanley Tumbler with Handle – 0.89L Flip Straw – Pink Rose Quartz,70.0,9,0,Stanley,,https://www.vinted.fr/items/8777830096
Stanley bottle,Borraccia Termica Stanley 1913 Classic Legendary Bottle 1.0L – Acciaio Inox Hammertone Lake / Ash,54.0,11,0,Stanley,,https://www.vinted.fr/items/8502154511
Stanley bottle,Stanley Quencher H2.0 Tumbler,25.0,16,0,Stanley,,https://www.vinted.fr/items/8789585717
Stanley bottle,Stanley Legendary Classic Bottle 0.94L,60.0,10,0,Stanley,,https://www.vinted.fr/items/8613014807
Stanley bottle,Stanley Tumbler blue,40.0,4,0,Stanley,,https://www.vinted.fr/items/8842951656
Stanley bottle,Stanley 1913 x LoveShackFancy Coquette Bow - Winter Ice,80.0,43,0,Stanley,,https://www.vinted.fr/items/8434480750
Stanley bottle,IceFlow Bottle StanLey 24oz -710ml,50.0,1,0,Stanley,,https://www.vinted.fr/items/8796565752
Stanley bottle,"Stanley the ash quencher H flow state tumbler 1,18 litre",23.0,4,0,Stanley,,https://www.vinted.fr/items/8743225959
Stanley bottle,Michelin stanley cup,5.0,9,0,Michelin,,https://www.vinted.fr/items/8483852401
Stanley bottle,Stanley All Day Slim Bottle Rose Quartz | 0.59L,40.0,45,0,Stanley,,https://www.vinted.fr/items/7828823930
Stanley bottle,Stanley (1.2 L) - used only a few times,25.0,4,0,Stanley,,https://www.vinted.fr/items/8698117509
Stanley bottle,Stanley Flip Straw- Ash Color,55.0,9,0,Stanley,,https://www.vinted.fr/items/8606947616
Stanley bottle,Stanley cup,24.0,13,0,Stanley/Stella,,https://www.vinted.fr/items/8448481460
Stanley bottle,Stanley Cup quencher,23.0,20,0,Stanley,,https://www.vinted.fr/items/8375159891
Stanley bottle,Stanley Bottle Stainless Steel,35.0,2,0,Stanley,,https://www.vinted.fr/items/8371441784
Stanley bottle,Stanley Cross Bottle,68.0,33,0,Stanley,,https://www.vinted.fr/items/7515517997
Stanley bottle,Stanley quencher,40.0,8,0,Stanley,,https://www.vinted.fr/items/8674852121
Stanley bottle,Stanley Quencher Tumbler,25.0,0,0,Stanley,,https://www.vinted.fr/items/8853534343
Stanley bottle,Stanley,63.0,42,0,Stanley,,https://www.vinted.fr/items/7786847834
Stanley bottle,Stanley termos,31.0,15,0,Stanley,,https://www.vinted.fr/items/8547175785
Stanley bottle,Stanley Mug-Cross Bottle,75.0,7,0,Stanley,,https://www.vinted.fr/items/8380101451
Stanley bottle,Stanley termos,31.0,14,0,Stanley,,https://www.vinted.fr/items/8547157522
Stanley bottle,Stanley x FRGMT To-Go 0.47L Bottle,80.0,9,0,Stanley,,https://www.vinted.fr/items/6862176749
Stanley bottle,"Stanley Cup iceflow 0,71 l",38.0,19,0,Stanley,,https://www.vinted.fr/items/8850279255
Stanley bottle,Stanley,40.0,23,0,Stanley,,https://www.vinted.fr/items/8484671282
Stanley bottle,Stanley quencher H2.0 Tumbler,40.0,17,0,Stanley,,https://www.vinted.fr/items/8651783085
Stanley bottle,"Stanley Adventure To-Go Bottle 0,75L – Neu & OVP – Schwarz",40.0,53,0,Stanley,,https://www.vinted.fr/items/8114046256
Stanley bottle,Stanley cup,12.8,0,0,Stanley,,https://www.vinted.fr/items/8853578503
Stanley bottle,Stanley Cup X Wicked,15.0,4,0,Wicked,,https://www.vinted.fr/items/8726296663
Stanley bottle,Isolierflasche the ice flow bottle fast flow Stanley,30.0,76,0,Stanley,,https://www.vinted.fr/items/8623638408
Stanley bottle,Stanley Pink Tumbler with Straw – Like New,28.0,13,0,Stanley,,https://www.vinted.fr/items/8714818062
Stanley bottle,Stanley neon yellow bottle - 30 0z,25.0,22,0,Stanley,,https://www.vinted.fr/items/8246368212
Stanley bottle,XL Stanley Quencher H2.0 Tumbler 40oz / 1.18L Red – FlowState Lid,39.0,22,0,Stanley,,https://www.vinted.fr/items/8646059544
Stanley bottle,Stanley,2.5,7,0,Regatta,,https://www.vinted.fr/items/8308159426
Stanley bottle,Stanley aerolight 710 ml,33.0,40,0,Stanley,,https://www.vinted.fr/items/8241794985
Stanley bottle,stanley cup,23.0,13,0,Stanley,,https://www.vinted.fr/items/8767655204
Stanley bottle,Straw covers,1.0,12,0,Amazon,,https://www.vinted.fr/items/8759082124
Stanley bottle,Stanley,65.0,79,0,Stanley,,https://www.vinted.fr/items/7776591133
Stanley bottle,Bottle holder,15.0,57,0,Stanley,,https://www.vinted.fr/items/7992908963
Stanley bottle,green stanley,25.0,8,0,Stanley,,https://www.vinted.fr/items/8390608319
Stanley bottle,Stanley cup,25.0,2,0,Stanley,,https://www.vinted.fr/items/8808003978
Stanley bottle,Christmas Stanley cup,10.0,4,0,Stanley,,https://www.vinted.fr/items/8737609288
Stanley bottle,Stanley,25.0,5,0,Stanley,,https://www.vinted.fr/items/8672518492
Stanley bottle,Rose quartz Stanley cup,10.0,65,0,Stanley,,https://www.vinted.fr/items/8027753991
Stanley bottle,Stanley Classic Bottle Xsmall Schwarz NEU,50.0,18,0,Stanley,,https://www.vinted.fr/items/7488776573
Stanley bottle,Botella termica XXL,17.0,13,0,Stanley,,https://www.vinted.fr/items/8399079020
Stanley bottle,Fake Stanley,15.0,12,0,Wicked,,https://www.vinted.fr/items/8592268827
Stanley bottle,Stanley Steel Blue water bottle,23.0,2,0,Stanley,,https://www.vinted.fr/items/8634488162
Stanley bottle,stanley mug with accessories,30.0,5,0,Stanley,,https://www.vinted.fr/items/8530205629
Stanley bottle,Stanley Large Tumbler,30.0,0,0,Stanley,,https://www.vinted.fr/items/8845195803
Stanley bottle,Lilac Stanley cup,25.0,15,0,Stanley,,https://www.vinted.fr/items/8537347458
Stanley bottle,Stanley,35.0,15,0,Stanley,,https://www.vinted.fr/items/8417906476
Stanley bottle,Stanley Legendary Classic Bottle - Lilac,65.0,69,0,Stanley,,https://www.vinted.fr/items/4758948408
Stanley bottle,Stanley Iceflow Bottle Termo Flip Straw Lid,60.0,28,0,Stanley,,https://www.vinted.fr/items/7470059639
Stanley bottle,Brand new Stanley cup 1 litre,35.0,10,0,Stanley,,https://www.vinted.fr/items/8590357263
Stanley bottle,Stanley Classic Water Bottle Vacuum Bottle Insulated Hammertone Green,59.0,7,0,Stanley,,https://www.vinted.fr/items/8105424886
Stanley bottle,"Stanley Adventure To-Go Thermal Bottle 0,75L (Thermoskanne)",48.0,27,0,Stanley,,https://www.vinted.fr/items/7855810900
Stanley bottle,Stanley Slim Bottle Rosé Flasche / All Day 20oz / Sold Out,75.0,3,0,Stanley,,https://www.vinted.fr/items/8772117904
Stanley bottle,stanley,25.0,7,0,Stanley,,https://www.vinted.fr/items/8519914812
Stanley bottle,Kuromi stanley,7.0,37,0,Kuromi,,https://www.vinted.fr/items/8426861477
Stanley bottle,Supreme Stanley 20oz. Vacuum Insulated Bottle,70.0,12,0,Supreme,,https://www.vinted.fr/items/8847794642
Stanley bottle,stanley iceflow bottle,50.0,24,0,Stanley,,https://www.vinted.fr/items/8418484386
Stanley bottle,Stanley cup,34.5,23,0,Stanley,,https://www.vinted.fr/items/8564959469
Stanley bottle,"Bottle bottle Tumbler 1,2 Liter wie Stanley Cup",14.0,8,0,Bottle Bottle,,https://www.vinted.fr/items/8711030938
Stanley bottle,Diamond Stanley,5.0,16,0,Primark,,https://www.vinted.fr/items/8450451648
Stanley bottle,Stanly,50.0,29,0,Stanley,,https://www.vinted.fr/items/8211759949
Stanley bottle,Stanley style water bottle with leather crossbody band,12.95,3,0,SO,,https://www.vinted.fr/items/8240589940
Stanley bottle,Stanley Iceflow Bottle Flip Straw 1.1 Liter,54.99,43,0,Stanley,,https://www.vinted.fr/items/7811946744
Stanley bottle,Stanley Aerolight Iceflow Fast Flow Gym Water Bottle 0.6L - Cold For 10 Hours,41.0,101,0,Stanley,,https://www.vinted.fr/items/6839841684
Stanley bottle,Stanley dupe von tchibo,3.0,2,0,Tchibo,,https://www.vinted.fr/items/8676093755
Stanley bottle,Stanley,35.0,3,0,Stanley,,https://www.vinted.fr/items/8774507654
Stanley bottle,L’Oréal Paris water bottle / cup,8.99,6,0,L'Oréal,,https://www.vinted.fr/items/8138250358
Stanley bottle,Stanley Classic Bottle Thermosflasche 1L grün neuwertig,70.0,13,0,Stanley,,https://www.vinted.fr/items/8143174744
Stanley bottle,Stanley,28.5,8,0,Stanley,,https://www.vinted.fr/items/8703494277
Stanley bottle,Stanley Cup,45.0,0,0,Stanley,,https://www.vinted.fr/items/8848043831
Stanley bottle,Stanley cup new 1 litre,35.0,23,0,Stanley,,https://www.vinted.fr/items/8590394102
Stanley bottle,Stanley Quencher Tumbler,20.0,3,0,Stanley,,https://www.vinted.fr/items/8347178268
Stanley bottle,Stanley snack tray,14.0,14,0,Stanley,,https://www.vinted.fr/items/8198262963
Stanley bottle,Stanley water bottle holder,3.0,7,0,Shein,,https://www.vinted.fr/items/7295440976
Stanley bottle,"Stanley Quencher H2.0 FlowState 1.2L Thermal Water Bottle, Pink",34.0,8,0,Stanley,,https://www.vinted.fr/items/8725864259
Stanley bottle,water bottle stanley,30.0,3,0,Stanley,,https://www.vinted.fr/items/8641603984
Stanley bottle,Sparkling glitter sleeve / boot for Stanley 0.89 L,6.0,4,0,,,https://www.vinted.fr/items/8245541187
Stanley bottle,Stanley Quick Flip Insulated Water Bottle,37.0,49,0,Stanley,,https://www.vinted.fr/items/6726751613
Stanley bottle,Stanley Cypress Tumbler,20.0,13,0,Stanley,,https://www.vinted.fr/items/8152508197
Stanley bottle,Stanley water straw topper,6.0,9,0,Stanley,,https://www.vinted.fr/items/8190788295
Stanley bottle,Crivit Stanley Cup,12.0,1,0,Crivit,,https://www.vinted.fr/items/8783135736
Stanley bottle,Stanley gourde isotherme,47.0,8,0,Stanley,,https://www.vinted.fr/items/8146747630
Stanley bottle,Stanley (new) orchid purple,45.0,75,0,stanley cup,,https://www.vinted.fr/items/4357155722
Stanley bottle,Stanley dupe,3.0,1,0,Primark,,https://www.vinted.fr/items/8123042030
Stanley bottle,Supreme®/Stanley® 20 oz. Vacuum Insulated Bottle,49.0,17,0,Supreme,,https://www.vinted.fr/items/8387039267
Stanley bottle,Bottle Carrier for Stanley – Pink,3.0,1,0,Primark,,https://www.vinted.fr/items/8221847948
Stanley bottle,"Water bottle Stanley 1,18l",25.0,0,0,Stanley,,https://www.vinted.fr/items/8715194293
Stanley bottle,Pink mug bottle 500ml,10.0,9,0,Stanley,,https://www.vinted.fr/items/7105014860
Stanley bottle,Stanley gourde isotherme,47.0,8,0,Stanley,,https://www.vinted.fr/items/8146747630
Stanley bottle,Stanley cup,25.0,18,0,Stanley,,https://www.vinted.fr/items/7409008647
Stanley bottle,Pellianni Stanleys Steel Bottle 350ml,12.0,1,0,pellianni,,https://www.vinted.fr/items/8060225043
Stanley bottle,Hello kitty Stanley,50.0,1,0,Stanley,,https://www.vinted.fr/items/8835888759
Stanley bottle,Stanley Large Tumbler,30.0,0,0,Stanley,,https://www.vinted.fr/items/8845195803
Stanley bottle,"Water bottle Stanley 1,18l",25.0,0,0,Stanley,,https://www.vinted.fr/items/8715194293
Stanley bottle,Stanley look bottle to go,3.0,5,0,,,https://www.vinted.fr/items/6741453812
Stanley bottle,Stanley cup travel cup water bottle,35.0,13,0,Stanley,,https://www.vinted.fr/items/6917889526
Stanley bottle,Stanley,30.0,10,0,Stanley,,https://www.vinted.fr/items/8589711865
Stanley bottle,Bottle Carrier for Stanley – Pink,3.0,1,0,Primark,,https://www.vinted.fr/items/8221847948
Stanley bottle,New Pink Stanley bottle,45.0,26,0,Stanley,,https://www.vinted.fr/items/7184797696
Stanley bottle,Stanley purple (new),46.0,27,0,stanley cup,,https://www.vinted.fr/items/4357279330
Stanley bottle,Stanley Thermoflask Adventure To-Go Bottle | 1.0L,40.0,52,0,Stanley,,https://www.vinted.fr/items/6371553906
Stanley bottle,Stanley x LoveShackFancy Quencher H2.0 FlowState Tumbler - 40oz (Ribbon Rosa),190.0,24,0,Stanley x loveshackfancy,,https://www.vinted.fr/items/8741031679
Stanley bottle,Stanley Quencher Tumbler,20.0,3,0,Stanley,,https://www.vinted.fr/items/8347178268
Stanley bottle,Stanley parable/ ml2key stickers,5.0,1,0,Stickers,,https://www.vinted.fr/items/8505237655
Stanley bottle,Stanley cup,10.0,9,0,Flying Tiger,,https://www.vinted.fr/items/7722139970
Stanley bottle,Tasche für Stanley Cup,10.0,67,0,Stanley,,https://www.vinted.fr/items/8527770314
Stanley bottle,Stanley Water Drink Bottle,29.0,6,0,Stanley,,https://www.vinted.fr/items/7949559443
Stanley bottle,Stanley Cross Bottle neu,75.0,50,0,Stanley,,https://www.vinted.fr/items/5621623395
Stanley bottle,Stanley go bottle met ceramivac,55.0,4,0,Stanley,,https://www.vinted.fr/items/7592827995
Stanley bottle,Stanley Classic Water Bottle Mug Flasche Navy Blue Blau NEU,59.0,2,0,Stanley,,https://www.vinted.fr/items/8158411393
Stanley bottle,i’m selling a black stanley,23.0,1,0,Stanley,,https://www.vinted.fr/items/8774662393
Stanley bottle,Stanley dupe,3.0,1,0,Primark,,https://www.vinted.fr/items/8123042030
Stanley bottle,Stanley IceFlow Flip Straw Water Bottle 22 oz |,35.0,9,0,Stanley,,https://www.vinted.fr/items/7643340136
Stanley bottle,Borraccia Stanley nuova,31.0,11,0,,,https://www.vinted.fr/items/8050496389
Stanley bottle,Green Stanley,30.0,12,0,Stanley,,https://www.vinted.fr/items/8388564431
Stanley bottle,Stanley TikTok limited edition,30.0,2,0,Stanley,,https://www.vinted.fr/items/8722052852
Stanley bottle,Purple Stanley,25.0,13,0,Stanley,,https://www.vinted.fr/items/8033472291
Stanley bottle,Nvidia GTC Paris Stanley Quencher H2.0 FlowState Tumbler 1.18L.,32.0,3,0,Stanley,,https://www.vinted.fr/items/7825023094
Stanley bottle,Metal bottle,5.0,12,0,Stradivarius,,https://www.vinted.fr/items/7154094848
Stanley bottle,Drink bottle,6.0,1,0,Amazon,,https://www.vinted.fr/items/8785316593
Stanley bottle,Stanley,30.0,1,0,Stanley,,https://www.vinted.fr/items/8801377815
Stanley bottle,The nez Stqnley zqter bottle,45.0,8,0,Stanley,,https://www.vinted.fr/items/7420333637
Stanley bottle,Inserts for Stanley or similar bottle,3.0,3,0,Flying Tiger,,https://www.vinted.fr/items/8597796774
Stanley bottle,"Brookstone heated stainless steel mug, tumble, stanley cup",8.5,6,0,Stanley,,https://www.vinted.fr/items/7673966053
Stanley bottle,Stanley Thermoskanne Classic Bottle Thermosflasche 1 Liter BPA frei,60.0,10,0,Stanley,,https://www.vinted.fr/items/8150510009
Stanley bottle,Stanley IceFlow Flip Straw Water Bottle 22 oz,35.0,6,0,Stanley,,https://www.vinted.fr/items/7658143929
Stanley bottle,Limited edition Standly,64.0,3,0,Stanley,,https://www.vinted.fr/items/7867913058
Stanley bottle,purple stanley,25.0,6,0,Stanley,,https://www.vinted.fr/items/8284492685
Stanley bottle,Stanley Dupe de Stitch,9.0,2,0,El Corte Inglés,,https://www.vinted.fr/items/7909859901
Stanley bottle,Havaianas fles tas,10.0,6,0,Havaianas,,https://www.vinted.fr/items/8145386564
Stanley bottle,"Simpatico bicchiere d'acqua, 1,18 litri, molto bello.",55.76,5,0,Stanley,,https://www.vinted.fr/items/8060219801
Stanley bottle,Rose/Beige Stanly,25.0,2,0,Stanley,,https://www.vinted.fr/items/8544674994
Stanley bottle,Stanley Bottle Flip,45.0,0,0,Stanley,,https://www.vinted.fr/items/8706080543
Stanley bottle,Beautiful mug. New. Looks like a Stanley mug.,5.0,5,0,Mug,,https://www.vinted.fr/items/7640191610
Stanley bottle,Stanley Quencher,40.0,5,0,Stanley,,https://www.vinted.fr/items/8163793405
Stanley bottle,TT Stanley dupe black  water bottle,10.0,1,0,t,,https://www.vinted.fr/items/8672181993
Stanley bottle,Stanley Quencher H2.0 Flowstate Tumbler 1.18L,42.0,31,0,Stanley,,https://www.vinted.fr/items/7196066652
Stanley bottle,Stanley Barie original tumbler,70.0,95,0,Stanley,,https://www.vinted.fr/items/6478597304
Stanley bottle,Water bottle holder,3.0,6,0,Source Unknown,,https://www.vinted.fr/items/6586955703
Stanley bottle,NIEUW Koor Cold & Hot thermos,16.0,62,0,Thermos,,https://www.vinted.fr/items/8764839483
Stanley bottle,B.box tritan water bottle 15 oz,3.0,2,0,B.box,,https://www.vinted.fr/items/8817457593
Stanley bottle,Stanley bottle,5.5,3,0,Primark,,https://www.vinted.fr/items/6901680283
Stanley bottle,Brand new stanley tumbler,45.5,15,0,Stanley,,https://www.vinted.fr/items/7882875207
Stanley bottle,Tumblr bottle,5.0,17,0,T.K. Maxx,,https://www.vinted.fr/items/8262597875
Stanley bottle,Stanley Quencher H2.0 Tumbler 1.18L Cream,40.0,15,0,Stanley,,https://www.vinted.fr/items/6770779579
Stanley bottle,Messi x Stanley 1913 IceFlow Bottle Flip Straw 2.0 | 0.71L,120.0,8,0,Stanley,,https://www.vinted.fr/items/8266696844
Stanley bottle,Stanley tumbler/cup,35.0,1,0,Stanley,,https://www.vinted.fr/items/8606315689
Stanley bottle,Stanley cup,35.0,5,0,Stanley,,https://www.vinted.fr/items/7767677784
Stanley bottle,Ice mould,5.0,4,0,No Label,,https://www.vinted.fr/items/8822060127
Stanley bottle,Black Stanley,30.0,13,0,Stanley,,https://www.vinted.fr/items/7951252093
Stanley bottle,Tk maxx Wasserflasche mit Kirschmuster,6.0,45,0,T.K. Maxx,,https://www.vinted.fr/items/8124067711
Stanley bottle,Pink stanley,25.0,4,0,Stanley,,https://www.vinted.fr/items/8470072823
Stanley bottle,Stanley Termus MilK white,42.0,2,0,Stanley,,https://www.vinted.fr/items/7706010486
Stanley bottle,Replacement bubbles for Level,6.5,3,0,Makita,,https://www.vinted.fr/items/8214650479
Stanley bottle,Stanley Orchid Purple (New),46.0,44,0,stanley cup,,https://www.vinted.fr/items/4357214317
Stanley bottle,"Stanley Cup Crossbody Carrier, Handmade Crochet Water Bottle Holder Bag",30.0,6,0,Handgemaakt,,https://www.vinted.fr/items/6846441545
Stanley bottle,"Food bottle Stanley heatkeeper 0,5 l",30.0,0,0,Stanley,,https://www.vinted.fr/items/8111733623
Stanley bottle,Mug / gourde isotherme rose girly - 500ml Neuve - Envoi dans la journée,12.0,16,0,Fresh,,https://www.vinted.fr/items/7448836017
Stanley bottle,Artic Flask bottle 26OZ,18.0,1,0,Stanley,,https://www.vinted.fr/items/8775233843
Stanley bottle,Stanley 1.18L 40oz,39.0,8,0,Stanley,,https://www.vinted.fr/items/7694656778
Stanley bottle,Water bottle,15.0,1,0,Stanley,,https://www.vinted.fr/items/7958261003
Stanley bottle,Stanley 40 oz Tumbler,20.0,2,0,Stanley,,https://www.vinted.fr/items/7291482114
Stanley bottle,Water bottle,3.0,2,0,Primark,,https://www.vinted.fr/items/8418496452
Stanley bottle,Stanley Aerolight Iceflow Fast Flow Gym Water Bottle 0.6L - Cold For 10 Hours,41.0,28,0,Stanley,,https://www.vinted.fr/items/6839900451
Stanley bottle,Water bottle Hard Rock pink simil Stanley,25.0,5,0,Hard Rock,,https://www.vinted.fr/items/7238062035
Stanley bottle,Unused stanley dupe,3.0,0,0,Shein,,https://www.vinted.fr/items/8349040510
Stanley bottle,Stanley Style White Tumbler,5.0,1,0,nitro,,https://www.vinted.fr/items/7903569979
Stanley bottle,Gourdes maison kitsuné,9.0,3,0,Maison Kitsuné,,https://www.vinted.fr/items/8589193201
Stanley bottle,Pink Stanley Cup,45.0,5,0,Stanley,,https://www.vinted.fr/items/8334805303
Stanley bottle,Stanley straw topper,7.0,6,0,Stanley,,https://www.vinted.fr/items/8190798178
Stanley bottle,stanley dupe water bottle,7.0,0,0,Primark,,https://www.vinted.fr/items/7811764312
Stanley bottle,Stanley original come up with stickers,40.0,7,0,Stanley,,https://www.vinted.fr/items/7111681388
Stanley bottle,Garrafa Stanley,25.0,0,0,Stanley,,https://www.vinted.fr/items/8276120182
Stanley bottle,🤍 Stanley Cup Tasche / Bottle Bag – Weiß,18.0,2,0,,,https://www.vinted.fr/items/7209289559
Stanley bottle,Stanley x Labubu,50.0,34,0,Pop Mart,,https://www.vinted.fr/items/7256562080
Stanley bottle,Stanley cup,40.0,10,0,Stanley,,https://www.vinted.fr/items/7971522316
Stanley bottle,Stanley drinking cup,10.0,2,0,Stanley,,https://www.vinted.fr/items/7835174508
Stanley bottle,Stanley Aerolight Iceflow 0.6L Lilac Bottle,41.0,41,0,Stanley,,https://www.vinted.fr/items/6766499116
Stanley bottle,Water bottle,2.0,13,0,,,https://www.vinted.fr/items/8462830147
Stanley bottle,Blue Navy Stanley cup,43.0,0,0,Stanley,,https://www.vinted.fr/items/8766867232
Stanley bottle,Stanley Cup,30.0,0,0,Stanley,,https://www.vinted.fr/items/8379812417
Stanley bottle,Stanley tumbler water bottle,40.0,0,0,Stanley,,https://www.vinted.fr/items/8617026607
Stanley bottle,Stanley variation,5.0,0,0,Walmart,,https://www.vinted.fr/items/8292669609
Stanley bottle,paracord bottle holder,5.0,3,0,Handmade,,https://www.vinted.fr/items/7724833276
Stanley bottle,Beautiful mug. New. Looks like a Stanley mug.,5.0,5,0,Mug,,https://www.vinted.fr/items/7640191610
Stanley bottle,Primark embellished stanley,7.0,0,0,Primark,,https://www.vinted.fr/items/8757846756
Stanley bottle,Großer Thermo-Becher in Rosa mit Strohhalm,3.0,3,0,No Label,,https://www.vinted.fr/items/8512244633
Stanley bottle,stanley type bottle modo,30.0,4,0,Modo,,https://www.vinted.fr/items/6195219716
Stanley bottle,Stanley tumbler water bottle,40.0,0,0,Stanley,,https://www.vinted.fr/items/8617026607
Stanley bottle,beige stanley fles,45.0,2,0,Stanley,,https://www.vinted.fr/items/7917458852
Stanley bottle,stanley holder,2.5,0,0,Primark,,https://www.vinted.fr/items/8308779031
Stanley bottle,Supreme Stanley 20 oz. Vacuum Insulated Bottle (FW19),60.0,37,0,Supreme,,https://www.vinted.fr/items/6893272519
Stanley bottle,Water bottle,8.0,0,0,CASA,,https://www.vinted.fr/items/8048876247
Stanley bottle,Stanley water bottle,40.0,2,0,Stanley,,https://www.vinted.fr/items/7635194803
Stanley bottle,Stanley Quencher H2.0 Flowstate Tumbler 30oz/0.88L – Azure Reverb Sporty Design,50.0,2,0,Stanley,,https://www.vinted.fr/items/7282780632
Stanley bottle,Garrafa de água,18.0,0,0,Stanley,,https://www.vinted.fr/items/8200547139
Stanley bottle,Baby pink Stanley cup,39.0,10,0,Stanley,,https://www.vinted.fr/items/7790945952
Stanley bottle,Stanley variation,5.0,0,0,Walmart,,https://www.vinted.fr/items/8292669609
Stanley bottle,Tumblr bottle,5.0,17,0,T.K. Maxx,,https://www.vinted.fr/items/8262597875
Stanley bottle,Dupe Stanley,4.0,4,0,,,https://www.vinted.fr/items/8164473752
Stanley bottle,large stainless steel reusable cup,5.0,3,0,Amazon,,https://www.vinted.fr/items/8631046408
Stanley bottle,L'Oréal plastic cups .. Stanley style,8.0,6,0,L'Oréal,,https://www.vinted.fr/items/7247459683
Stanley bottle,Stanley Bottle Boot,5.0,0,0,linkidea,,https://www.vinted.fr/items/7987176959
Stanley bottle,Cup accessory,1.0,0,0,Claire's,,https://www.vinted.fr/items/8601641981
Stanley bottle,paracord bottle holder,5.0,3,0,Handmade,,https://www.vinted.fr/items/7724833276
Stanley bottle,Water bottle Large,6.99,5,0,,,https://www.vinted.fr/items/7349050422
Stanley bottle,Stanley insulated water bottle,28.0,1,0,,,https://www.vinted.fr/items/8024831573
Stanley bottle,Air up bottle purple x2,20.0,2,0,air up,,https://www.vinted.fr/items/7235798314
Stanley bottle,Stanley Cup  Snack Tray / Accessory,3.0,7,0,Stanley,,https://www.vinted.fr/items/7200438939
Stanley bottle,Stainless steel drink tumbler,5.0,6,0,the wine opener,,https://www.vinted.fr/items/8210126102
Stanley bottle,Beautiful Owala bronze and beige /sterilised and barely used,55.0,5,0,Stanley,,https://www.vinted.fr/items/8001645870
Stanley bottle,Stanley x P.E Nation Limited Australian Collaboration 40oz,75.0,17,0,Stanley,,https://www.vinted.fr/items/6497958621
Stanley bottle,Snack caddy,2.0,0,0,Aldi,,https://www.vinted.fr/items/8326121896
Stanley bottle,Stanley Quencher 40oz neu Tumbler Stanley Cup Black Flowstate,40.0,2,0,Stanley,,https://www.vinted.fr/items/8577635471
Stanley bottle,"Stanley Tumbler Gift Set Premium Black Fade Pro, Matte Black & Clean Ice Grey 40oz 14 oz",99.0,5,0,Stanley Cup Limited Edition Gift Set Premium Black,,https://www.vinted.fr/items/7665771261
Stanley bottle,Stanley Water Bottle,35.0,10,0,Stanley,,https://www.vinted.fr/items/7214266495
Stanley bottle,Hydragear Stanley Style Large Insulated Cup Pink/Lilac,7.0,0,0,hydragear,,https://www.vinted.fr/items/7463412827
Stanley bottle,stanley,45.0,0,0,Stanley,,https://www.vinted.fr/items/7824863419
Stanley bottle,BlendnGo 40oz Tumbler,4.5,1,0,blend&go,,https://www.vinted.fr/items/7998163298
Stanley bottle,Hydro Flask Travel Tumbler - Surf,32.0,1,0,Hydro Flask,,https://www.vinted.fr/items/8740425499
Stanley bottle,Straw cover,1.0,14,0,Amazon,,https://www.vinted.fr/items/8207045172
Stanley bottle,Crochet bottle holder bag colorful orange and purple,10.0,2,0,Handarbeit,,https://www.vinted.fr/items/6764798024
Stanley bottle,Stanley style cup,5.0,0,0,Almost,,https://www.vinted.fr/items/8168993642
Stanley bottle,Stanley Quencher H2.0 40oz Seafoam Bay Leaf Green Viral Tumbler Cup with Handle + Straw Gift,34.5,5,0,Viral Seafoam Stanley Quencher H2.0 40oz Green Cle,,https://www.vinted.fr/items/7661462133
Stanley bottle,Microsoft reusable water bottle,3.0,0,0,Microsoft,,https://www.vinted.fr/items/7638453857
Stanley bottle,Santa Stanley shaped cup,6.0,0,0,Tupperware,,https://www.vinted.fr/items/7959640734
Stanley bottle,NEW! Limited Edition Ronald McDonald House Stainless Steel Double Walled Bottle Flask Valentines Day,5.0,2,0,McDonald's,,https://www.vinted.fr/items/7965984366
Stanley bottle,Stanley Accessories 6 pcs set for Stanley 30 or 40 oz cups,15.0,3,0,Stanley,,https://www.vinted.fr/items/7567225773
Stanley bottle,Stanley cup,49.99,1,0,Stanley,,https://www.vinted.fr/items/7193423156
Stanley bottle,Stanley Tumbler Water Bottle,35.0,6,0,Stanley,,https://www.vinted.fr/items/6005751649
Stanley bottle,Dublin Stanley rep,10.0,0,0,Dublin,,https://www.vinted.fr/items/7882699783
Stanley bottle,Botella grande,7.0,1,0,,,https://www.vinted.fr/items/7313453764
Stanley bottle,the manhattan project laserdisc pal rare,19.99,1,0,,,https://www.vinted.fr/items/7276696731
Stanley bottle,Stanely bottle,30.0,0,0,Stanley,,https://www.vinted.fr/items/6923097099
Stanley bottle,Crochet water bottle holder bag neon,8.0,16,0,Handarbeit,,https://www.vinted.fr/items/6745221058
Stanley bottle,Set of Cup and Plates,5.0,1,0,Primark,,https://www.vinted.fr/items/8315962858
Stanley bottle,Borraccia Termica Blu in Acciaio Inox - Tappo in Bambù,6.0,3,0,Lines,,https://www.vinted.fr/items/8134425301
Stanley bottle,Crochet bottle holder grey and green,10.0,2,0,Handarbeit,,https://www.vinted.fr/items/6733690181
Stanley bottle,Water bottle holder bag,10.0,1,0,Handarbeit,,https://www.vinted.fr/items/6812308182
Stanley bottle,Stanley dupe thermos water bottle,5.0,0,0,Primark,,https://www.vinted.fr/items/7883010968
Stanley bottle,33 bookish stickers,8.5,15,0,,,https://www.vinted.fr/items/8255829526
Stanley bottle,stanley cup bag Water Bottle Pouch Holder Cover,7.0,7,0,,,https://www.vinted.fr/items/6431630768
Stanley bottle,Thermobecher Kaffee tee mit Strohhalm,8.0,9,0,,,https://www.vinted.fr/items/8610717957
Stanley bottle,Stanley Quencher H2.0 Tumbler,55.0,17,0,Stanley,,https://www.vinted.fr/items/4183544377
Stanley bottle,Stanley x Lionel Messi The GOAT Collection – Complete Set,930.0,1,0,Stanley,,https://www.vinted.fr/items/8802283438
Stanley bottle,Tumbler Becher 40oz neu inkl. Geschenk,18.0,1,0,Bottle,,https://www.vinted.fr/items/8477801113
Stanley bottle,2-in-1 Car Cup Holder Expander & Phone Mount | Large Mug/Hydroflask Fit,11.99,2,0,,,https://www.vinted.fr/items/8672093351
Stanley bottle,Crochet water bottle holder bag,10.0,5,0,Handarbeit,,https://www.vinted.fr/items/6745212243
Stanley bottle,Straw covers,1.0,1,0,Amazon,,https://www.vinted.fr/items/8207056247
Stanley bottle,Good News Coffee Shop Paris Barcelona Madrid Flasche Bottle,6.0,1,0,Good News,,https://www.vinted.fr/items/8510699111
Stanley bottle,Purple waterbottle,6.69,0,0,Miscellaneous,,https://www.vinted.fr/items/6998883578
Stanley bottle,Like new white wit quencher tumbler Stanley x Starbucks 590ml Thermos beker coffee mug 590ml,39.99,25,0,Starbucks,,https://www.vinted.fr/items/8078359250
Stanley bottle,"Paw patrol Kids tumble, kinder trinken Flasche",9.0,0,0,Paw Patrol,,https://www.vinted.fr/items/8442092705
Stanley bottle,Fake purple stanley,500.0,0,0,Stanley,,https://www.vinted.fr/items/8734265045
Stanley bottle,Steve Madden Travel-Set – Tasche + Bottle-Holder (neu mit Etikett),22.0,1,0,Steve Madden,,https://www.vinted.fr/items/7687109729
Stanley bottle,Thermo Cup,10.0,1,0,,,https://www.vinted.fr/items/6672308878
Stanley bottle,Crochet water bottle holder bag neon black,10.0,1,0,Handarbeit,,https://www.vinted.fr/items/6750665768
Stanley bottle,Stanly,300.0,1,0,Stanley/Stella,,https://www.vinted.fr/items/8686319933
Stanley bottle,Bottle Fast Flow 24 OZ Botella clearly filtered acero,38.0,1,0,Acero,,https://www.vinted.fr/items/6357390139
Stanley bottle,Stanley,9000.0,0,0,Pink,,https://www.vinted.fr/items/8845197360
Stanley bottle,Cinnamon Girl Sticker Sheet,5.99,17,0,Originals,,https://www.vinted.fr/items/7368578591
Stanley bottle,"Taza térmicas azul  Gouda Nerthus de 900 ml, disponibles en naranja, gris y azul.",17.0,6,0,nerthus,,https://www.vinted.fr/items/7608275223
Stanley bottle,Gehaakte flessenhouder fles hoes crochet bottle protector bottle case handmade zelfgemaakt Stanley,14.99,1,0,Handmade,,https://www.vinted.fr/items/3374428683
Stanley bottle,Lattafa Asad 100ml eau de parfum.                                   Spring fragrance,25.0,3,0,Lattafa,,https://www.vinted.fr/items/8320701219
