keyword,title,price,likes,views,brand,country,url
Crocs femme,Crocs Sandal,35.0,1,0,Crocs,,https://www.vinted.fr/items/8874573550
Crocs femme,Crocs pailletées noir/argent holographique – jamais portées taille 39/40,30.0,70,0,Crocs,,https://www.vinted.fr/items/8872626459
Crocs femme,Lot de 10 pins pour crocs,20.0,54,0,Crocs,,https://www.vinted.fr/items/8860834636
Crocs femme,Paire de Crocs bleu ciel T.38/39,20.0,29,0,Crocs,,https://www.vinted.fr/items/8874095504
Crocs femme,Sandalias Crocs plataforma,34.0,47,0,Crocs,,https://www.vinted.fr/items/6770911867
Crocs femme,sabot mule crocs bleu 38-39,28.0,25,0,Crocs,,https://www.vinted.fr/items/8873633039
Crocs femme,Tongs Crocs,10.0,3,0,Crocs,,https://www.vinted.fr/items/8875179340
Crocs femme,Crocs,30.0,154,0,Crocs,,https://www.vinted.fr/items/8860166901
Crocs femme,Sabot crocs gris foncé - taille 39/40,34.0,88,0,Crocs,,https://www.vinted.fr/items/8830277494
Crocs femme,Platform Crocs,25.0,55,0,Crocs,,https://www.vinted.fr/items/8856991100
Crocs femme,Crocs Unisex Pantoffeln Badelatschen,8.0,3,0,Crocs,,https://www.vinted.fr/items/8875485800
Crocs femme,"Cosci comodi, di alta qualità e leggeri",37.0,118,0,Crocs,,https://www.vinted.fr/items/8789519263
Crocs femme,Mules Crocs 37/37 dorées neuves,15.0,1,0,Crocs,,https://www.vinted.fr/items/8875675643
Crocs femme,Crocs weiß Gr.38,40.0,99,0,Crocs,,https://www.vinted.fr/items/8799596191
Crocs femme,Crocs ballerinas,23.0,109,0,Crocs,,https://www.vinted.fr/items/8842328733
Crocs femme,Crocs flash Mcqueen,11.0,47,0,Crocs,,https://www.vinted.fr/items/8873964731
Crocs femme,Crocs rose pâle t39 7m9w,30.0,2,0,Crocs,,https://www.vinted.fr/items/8875564288
Crocs femme,Crocs,10.0,1,0,Crocs,,https://www.vinted.fr/items/8875728022
Crocs femme,Chaussures Crocs édition limitée T 40/41,45.0,104,0,Crocs,,https://www.vinted.fr/items/8830049450
Crocs femme,Charms Pins Crocs Smiley neufs étiquetés,8.0,0,0,Crocs,,https://www.vinted.fr/items/8874886259
Crocs femme,Crocs crush clog,40.0,155,0,Crocs,,https://www.vinted.fr/items/8575122600
Crocs femme,baby pink crocs,30.0,23,0,Crocs,,https://www.vinted.fr/items/8872363879
Crocs femme,Crocs noir,11.0,70,0,Crocs,,https://www.vinted.fr/items/8873418258
Crocs femme,Crocs neuves,20.0,0,0,Crocs,,https://www.vinted.fr/items/8875350410
Crocs femme,Rare Isabella Crocs sUPERcomfy!,27.0,11,0,Crocs,,https://www.vinted.fr/items/8863100878
Crocs femme,Crocs neuves avec son sac,40.0,78,0,Crocs,,https://www.vinted.fr/items/7371955146
Crocs femme,Crocs,35.0,11,0,Crocs,,https://www.vinted.fr/items/8865127975
Crocs femme,Crocs bleu,29.0,14,0,Crocs,,https://www.vinted.fr/items/8863284003
Crocs femme,Sandales crocs,20.0,0,0,Crocs,,https://www.vinted.fr/items/8875784423
Crocs femme,"Infradito con paillettes molto comode, eleganti e di alta qualità",57.0,62,0,Crocs,,https://www.vinted.fr/items/8715984320
Crocs femme,Crocs baya,30.0,4,0,Crocs,,https://www.vinted.fr/items/8874974701
Crocs femme,Platform white crocs size 7,20.0,3,0,Crocs,,https://www.vinted.fr/items/8875589840
Crocs femme,🪼🌸dreamy y2k Crocs Mega Crush Platform Clog,25.0,29,0,Crocs,,https://www.vinted.fr/items/8861099559
Crocs femme,Sac crocs avec les pince,6.0,3,0,Crocs,,https://www.vinted.fr/items/8872996926
Crocs femme,"Cosci comodi, di alta qualità e leggeri",49.0,74,0,Crocs,,https://www.vinted.fr/items/8789529027
Crocs femme,Crocs classic Clogs Bone white Maat 38/39 EU - Nieuw met kaartjes,25.0,1,0,Crocs,,https://www.vinted.fr/items/8875491332
Crocs femme,Crocs,7.0,6,0,Crocs,,https://www.vinted.fr/items/8875202442
Crocs femme,Crocs haute et noire.,25.0,0,0,Crocs,,https://www.vinted.fr/items/8875527527
Crocs femme,Crocs blanches Bayaband,45.0,30,0,Crocs,,https://www.vinted.fr/items/8816445949
Crocs femme,Crocs negras plataforma 37,45.0,15,0,Crocs,,https://www.vinted.fr/items/8874871232
Crocs femme,Crocs,20.0,4,0,Crocs,,https://www.vinted.fr/items/8872840313
Crocs femme,Crocs Classic noir Homme/femme,30.0,16,0,Crocs,,https://www.vinted.fr/items/8873060708
Crocs femme,Crocs rose fushia 37/38,25.0,48,0,Crocs,,https://www.vinted.fr/items/8869373161
Crocs femme,crocs bleu ciel,25.0,9,0,Crocs,,https://www.vinted.fr/items/8872130954
Crocs femme,Crocs noires neuve,30.0,7,0,Crocs,,https://www.vinted.fr/items/8872808582
Crocs femme,Crocs size 41,30.0,36,0,Crocs x Beams,,https://www.vinted.fr/items/8772316824
Crocs femme,crocs taille 40,20.0,34,0,Crocs,,https://www.vinted.fr/items/8862954591
Crocs femme,Crocs baya clog k beige,40.0,3,0,Crocs,,https://www.vinted.fr/items/8875033298
Crocs femme,Crocs Classic clogs Zwart nieuw 36/37,25.0,2,0,Crocs,,https://www.vinted.fr/items/8875500579
Crocs femme,Crocs platform,25.0,48,0,Crocs,,https://www.vinted.fr/items/8820566289
Crocs femme,Crocs Cars Saetta McQueen adulte rouge – édition spéciale 37-38,32.88,0,0,Crocs,,https://www.vinted.fr/items/8874981828
Crocs femme,Crocs sandals W10 size40,38.0,41,0,Crocs,,https://www.vinted.fr/items/8832250650
Crocs femme,Crocs compensé,15.0,8,0,Crocs,,https://www.vinted.fr/items/8874352252
Crocs femme,Stylishe Crocs mit Plateau,13.0,0,0,Crocs,,https://www.vinted.fr/items/8875766780
Crocs femme,Crocs37/38,9.0,4,0,Crocs,,https://www.vinted.fr/items/8873975797
Crocs femme,Hello kitty crocs,17.0,9,0,Crocs,,https://www.vinted.fr/items/8873706586
Crocs femme,Paire de Crocs blanche T.38/39,20.0,47,0,Crocs,,https://www.vinted.fr/items/8874130122
Crocs femme,Sabot Crocs,23.0,9,0,Crocs,,https://www.vinted.fr/items/8872244633
Crocs femme,Getaway platform flip - crocs,30.0,25,0,Crocs,,https://www.vinted.fr/items/8873905879
Crocs femme,Ballerine crocs 36,10.0,0,0,Crocs,,https://www.vinted.fr/items/8875261438
Crocs femme,💙 Crocs bleues – taille 41/42 (9–11),35.0,19,0,Crocs,,https://www.vinted.fr/items/8817539051
Crocs femme,Crocs pantoffels,27.0,25,0,Crocs,,https://www.vinted.fr/items/8647362593
Crocs femme,Pins Crocs Chic,1.3,2,0,Crocs,,https://www.vinted.fr/items/8873171777
Crocs femme,Crocs Rainbow Clogs 🌈,8.0,1,0,Crocs,,https://www.vinted.fr/items/8875401112
Crocs femme,"Infradito eleganti, di alta qualità e leggere",55.0,54,0,Crocs,,https://www.vinted.fr/items/8716072619
Crocs femme,sabot mule crocs lila 39-40,29.0,22,0,Crocs,,https://www.vinted.fr/items/8872634188
Crocs femme,"Crocs Schuhe, Größe 45/46",25.0,0,0,Crocs,,https://www.vinted.fr/items/8875421020
Crocs femme,Crocs zwart NIEUW,29.5,46,0,Crocs,,https://www.vinted.fr/items/8873510248
Crocs femme,Zuecos,20.0,0,0,Crocs,,https://www.vinted.fr/items/8875570008
Crocs femme,Blaue Crocs,20.0,4,0,Crocs,,https://www.vinted.fr/items/8873406332
Crocs femme,Crocs sandals,10.0,12,0,Crocs,,https://www.vinted.fr/items/8873274049
Crocs femme,Paire de Crocs rose T.38/39,20.0,10,0,Crocs,,https://www.vinted.fr/items/8874160819
Crocs femme,Silver glitter fur lined crocs,20.0,1,0,Crocs,,https://www.vinted.fr/items/8875386460
Crocs femme,Crocs classics beige / écru – Taille 41,34.0,12,0,Crocs,,https://www.vinted.fr/items/8871332566
Crocs femme,Roze aardbeien crocs,11.0,31,0,Crocs,,https://www.vinted.fr/items/8873728963
Crocs femme,Crocs,10.0,2,0,Crocs,,https://www.vinted.fr/items/8872738886
Crocs femme,Crocs 42-43 léopard neuve,35.0,80,0,Crocs,,https://www.vinted.fr/items/8868910591
Crocs femme,crocs bayaband blanche 38-39,32.0,1,0,Crocs,,https://www.vinted.fr/items/8874929264
Crocs femme,Green crocs,15.0,10,0,Crocs,,https://www.vinted.fr/items/8875067334
Crocs femme,Crocs unisexe rouge,20.0,7,0,Crocs,,https://www.vinted.fr/items/8872003664
Crocs femme,Sac Crocs,25.0,45,0,Crocs,,https://www.vinted.fr/items/8873941117
Crocs femme,Crocs noir,30.0,103,0,Crocs,,https://www.vinted.fr/items/8859577250
Crocs femme,Crocs noir,35.0,55,0,Crocs,,https://www.vinted.fr/items/8869347257
Crocs femme,Crocs Platform,30.0,50,0,Crocs,,https://www.vinted.fr/items/8872537613
Crocs femme,Crocs 41/42 rose,15.0,0,0,Crocs,,https://www.vinted.fr/items/8875453692
Crocs femme,Crocs echo clog noires 36-37,43.0,1,0,Crocs,,https://www.vinted.fr/items/8875173084
Crocs femme,Crocs,40.0,0,0,Crocs,,https://www.vinted.fr/items/8875371703
Crocs femme,Crocs pastel neuf 39,30.0,17,0,Crocs,,https://www.vinted.fr/items/8869428163
Crocs femme,Crocs Classic (38/39),45.0,11,0,Crocs,,https://www.vinted.fr/items/8839561310
Crocs femme,Crocs,20.0,25,0,Crocs,,https://www.vinted.fr/items/8869572423
Crocs femme,Crocs bleu marine taille 36,23.99,7,0,Crocs,,https://www.vinted.fr/items/8872814790
Crocs femme,Sabot Crocs Taille 38/39,32.0,0,0,Crocs,,https://www.vinted.fr/items/8875621762
Crocs femme,Crocs Sandale G41-42,18.0,3,0,Crocs,,https://www.vinted.fr/items/8875014183
Crocs femme,Crocs,25.0,39,0,Crocs,,https://www.vinted.fr/items/8874115008
Crocs femme,Crocs Classic neuves,27.0,18,0,Crocs,,https://www.vinted.fr/items/8870794160
Crocs femme,Crocs,5.0,2,0,,,https://www.vinted.fr/items/8874538120
Crocs femme,Sac Crocs,25.0,45,0,Crocs,,https://www.vinted.fr/items/8873941117
Crocs femme,Crocs bleu marine taille 36,23.99,7,0,Crocs,,https://www.vinted.fr/items/8872814790
Crocs femme,🌸🩵Ultraleichte Sandalen Gr.38 Türkis Rosa,19.0,8,0,Crocs,,https://www.vinted.fr/items/8871190756
Crocs femme,Crocs,13.0,43,0,Crocs,,https://www.vinted.fr/items/8873540600
Crocs femme,Crocs 38-39,29.9,34,0,Crocs,,https://www.vinted.fr/items/8874349164
Crocs femme,Crocs bleue,20.0,14,0,Crocs,,https://www.vinted.fr/items/8871069251
Crocs femme,Crocs noir,30.0,103,0,Crocs,,https://www.vinted.fr/items/8859577250
Crocs femme,Crocs Charms - Animal Crossing,12.0,0,0,Crocs,,https://www.vinted.fr/items/8875754960
Crocs femme,Pin’s pour crocs,5.0,16,0,Crocs,,https://www.vinted.fr/items/8850117281
Crocs femme,Roze aardbeien crocs,11.0,31,0,Crocs,,https://www.vinted.fr/items/8873728963
Crocs femme,Sandalen Crocs,50.0,43,0,Crocs,,https://www.vinted.fr/items/8839224022
Crocs femme,Pins crocs,8.0,92,0,Crocs,,https://www.vinted.fr/items/8849839663
Crocs femme,Sabots Crocs orange 37-38 neuves (prix fixe),29.0,28,0,Crocs,,https://www.vinted.fr/items/8863869152
Crocs femme,Crocs haute taille 40 rose fuchsia,20.0,6,0,Crocs,,https://www.vinted.fr/items/8871328436
Crocs femme,Crocs avec pins,40.0,18,0,Crocs,,https://www.vinted.fr/items/8873847076
Crocs femme,Crocs Classic Clog Beige Stucco - Totalmente Nuevas,40.0,0,0,Crocs,,https://www.vinted.fr/items/8875324207
Crocs femme,Crocs,25.0,18,0,Crocs,,https://www.vinted.fr/items/8874802938
Crocs femme,Crocband Crocs size 37/38,20.0,7,0,Crocs,,https://www.vinted.fr/items/8872433196
Crocs femme,Strandschuhe,28.0,0,0,Crocs,,https://www.vinted.fr/items/8875731795
Crocs femme,Getaway platform flip - crocs,30.0,25,0,Crocs,,https://www.vinted.fr/items/8873905879
Crocs femme,Pinke Brooklyn Low Wedge Sandalen Gr.37-38,24.9,3,0,Crocs,,https://www.vinted.fr/items/8873859142
Crocs femme,Crocs fourrées,20.0,11,0,Crocs,,https://www.vinted.fr/items/8868460938
Crocs femme,Crocs rose,25.0,97,0,Crocs,,https://www.vinted.fr/items/8836700103
Crocs femme,Crocs 35,15.0,15,0,Crocs,,https://www.vinted.fr/items/8867778100
Crocs femme,Crocs taille 11 (45),18.0,16,0,Crocs,,https://www.vinted.fr/items/8789407532
Crocs femme,Crocs schwarz,5.0,12,0,Crocs,,https://www.vinted.fr/items/8872218873
Crocs femme,Crocs plateforme,30.0,62,0,Crocs,,https://www.vinted.fr/items/8863814068
Crocs femme,Crocs,20.0,10,0,Crocs,,https://www.vinted.fr/items/8858146888
Crocs femme,Crocs,15.0,33,0,Crocs,,https://www.vinted.fr/items/8862504997
Crocs femme,Crocs color blossom,30.0,30,0,Crocs,,https://www.vinted.fr/items/8873141464
Crocs femme,CROCS Classic Kaki,23.0,4,0,Crocs,,https://www.vinted.fr/items/8871531293
Crocs femme,Crocs Women's Blue Flipflops,23.0,1,0,Crocs,,https://www.vinted.fr/items/8874871266
Crocs femme,Crocs Classic Clog noirs – Pointure 38/39 – Neufs – Unisex,29.9,2,0,Crocs,,https://www.vinted.fr/items/8875583153
Crocs femme,Pins crocs,1.5,14,0,Crocs,,https://www.vinted.fr/items/8872623788
Crocs femme,Lot Charms Crocs,3.0,3,0,Crocs,,https://www.vinted.fr/items/8873758232
Crocs femme,Crocs neuve,30.0,14,0,Crocs,,https://www.vinted.fr/items/8869379137
Crocs femme,Sandales crocs 37 38,35.0,1,0,Crocs,,https://www.vinted.fr/items/8874688884
Crocs femme,Crocs bayaband brown,30.0,56,0,Crocs,,https://www.vinted.fr/items/8862921390
Crocs femme,Jibbitz crocs,1.0,13,0,Crocs,,https://www.vinted.fr/items/8850292039
Crocs femme,Accessoires crocs Jul jibbitz charm Marseille,4.0,10,0,Crocs,,https://www.vinted.fr/items/8847151580
Crocs femme,Crocs rose,25.0,4,0,Crocs,,https://www.vinted.fr/items/8873760969
Crocs femme,Crocs noir neuve,40.0,9,0,Crocs,,https://www.vinted.fr/items/8874544042
Crocs femme,Crocs donna,29.5,9,0,Crocs,,https://www.vinted.fr/items/8870956350
Crocs femme,Sabots homme blanc T 44,5.0,4,0,Crocs,,https://www.vinted.fr/items/8873297678
Crocs femme,Sandales Crocs,20.0,20,0,Crocs,,https://www.vinted.fr/items/8874223949
Crocs femme,Crocs Mujer,34.0,0,0,Crocs,,https://www.vinted.fr/items/8874496868
Crocs femme,Pin’s/charms pour crocs pop culture Halloween/horreur,1.0,2,0,,,https://www.vinted.fr/items/8871662542
Crocs femme,Crocs noir,23.0,35,0,Crocs,,https://www.vinted.fr/items/8809520121
Crocs femme,White crocs,15.0,4,0,Crocs,,https://www.vinted.fr/items/8871224805
Crocs femme,Jibbitz crocs Summer,12.0,8,0,Crocs,,https://www.vinted.fr/items/8856661900
Crocs femme,crocs blanc,27.0,25,0,Crocs,,https://www.vinted.fr/items/8862370998
Crocs femme,Pins pour Crocs,9.9,13,0,Accessories,,https://www.vinted.fr/items/8869426673
Crocs femme,Crocs Gr 40,13.0,13,0,Crocs,,https://www.vinted.fr/items/8873356877
Crocs femme,🌸 Pins fleurs et perles pour décorer vos crocs,8.0,94,0,Crocs,,https://www.vinted.fr/items/8866286308
Crocs femme,Crocs,33.0,5,0,Crocs,,https://www.vinted.fr/items/8873943052
Crocs femme,Crocs beige,30.0,42,0,Crocs,,https://www.vinted.fr/items/8860864813
Crocs femme,crocs,28.0,20,0,Crocs,,https://www.vinted.fr/items/8867874979
Crocs femme,Crocs cars taille 38 chaussons flash macqueen rouge 95,37.0,4,0,Crocs,,https://www.vinted.fr/items/8872729599
Crocs femme,"Sandales d'été Crocs, taille 37",22.0,64,0,Crocs,,https://www.vinted.fr/items/8833251249
Crocs femme,Crocs,12.0,30,0,boutique indépendante,,https://www.vinted.fr/items/8852984193
Crocs femme,Original Crocs – Gr. 38 – Top Zustand,13.0,18,0,Crocs,,https://www.vinted.fr/items/8872250841
Crocs femme,Crocs noire neuve 38/39,30.0,48,0,Crocs,,https://www.vinted.fr/items/8859350736
Crocs femme,"Sabots "" Crocs"" blanc Pointure 39 ( M7 W9)",25.9,8,0,Crocs,,https://www.vinted.fr/items/8875379322
Crocs femme,Crocs baya neuve rose,35.0,12,0,Crocs,,https://www.vinted.fr/items/8872600625
Crocs femme,Crocs plateforme noir,18.0,22,0,Crocs,,https://www.vinted.fr/items/8857284124
Crocs femme,Crocs Mega crush Sandal,36.0,68,0,Crocs,,https://www.vinted.fr/items/8864389152
Crocs femme,Crocs baya neuf,26.0,7,0,Crocs,,https://www.vinted.fr/items/8868433423
Crocs femme,Crocs,32.0,2,0,Crocs,,https://www.vinted.fr/items/8872769027
Crocs femme,2 pins crocs jul,6.5,5,0,Crocs,,https://www.vinted.fr/items/8873629970
Crocs femme,Crocs,29.99,45,0,Crocs,,https://www.vinted.fr/items/8855241536
Crocs femme,Crocs compensées femme,40.0,42,0,Crocs,,https://www.vinted.fr/items/8860442533
Crocs femme,Ballerines Crocs comme neuves,13.0,8,0,Crocs,,https://www.vinted.fr/items/8872169686
Crocs femme,Ballerines Crocs - bleu blanc rouge - W8 - taille 39,15.0,25,0,Crocs,,https://www.vinted.fr/items/8870872201
Crocs femme,Sandales Crocs T. 37-38,15.0,57,0,Crocs,,https://www.vinted.fr/items/8873433494
Crocs femme,crocs,25.0,31,0,Crocs,,https://www.vinted.fr/items/8854334887
Crocs femme,Crocs originales grises à paillettes,12.0,25,0,Crocs,,https://www.vinted.fr/items/8847311563
Crocs femme,Crocs,15.0,3,0,Crocs,,https://www.vinted.fr/items/8874590333
Crocs femme,Crocs blanche,35.0,61,0,Crocs,,https://www.vinted.fr/items/8859662131
Crocs femme,Crocs moumoute noir,15.0,20,0,Crocs,,https://www.vinted.fr/items/8837276684
Crocs femme,Crocs ballerines noires,18.0,6,0,Crocs,,https://www.vinted.fr/items/8870513838
Crocs femme,Ciabatte,35.0,0,0,Crocs,,https://www.vinted.fr/items/8874817921
Crocs femme,Crocs plate-forme argentée paillette,45.0,46,0,Crocs,,https://www.vinted.fr/items/8871812397
Crocs femme,Crocs novas nunca usadas,30.0,17,0,Crocs,,https://www.vinted.fr/items/8869671033
Crocs femme,Hausschuhe,15.0,0,0,Crocs,,https://www.vinted.fr/items/8874774694
Crocs femme,Crocs toddler,2.5,15,0,Crocs,,https://www.vinted.fr/items/8852158639
Crocs femme,Crocs Bubble Crush Clog Triple Black,60.0,41,0,Crocs,,https://www.vinted.fr/items/8571371623
Crocs femme,Clips Jibbitz crocs,7.0,42,0,Crocs,,https://www.vinted.fr/items/8756682427
Crocs femme,Crocs à plateforme,30.0,29,0,Crocs,,https://www.vinted.fr/items/8869266251
Crocs femme,Crocs roze M9 W11 maat 42/43,25.0,10,0,Crocs,,https://www.vinted.fr/items/8872660608
Crocs femme,Lot de 10 pins pour crocs,20.0,25,0,Crocs,,https://www.vinted.fr/items/8860746399
Crocs femme,Crocs noir,40.0,36,0,Crocs,,https://www.vinted.fr/items/8859292601
Crocs femme,Crocs femme caged mules,45.0,6,0,Crocs,,https://www.vinted.fr/items/8871899274
Crocs femme,white crocs,15.0,37,0,Crocs,,https://www.vinted.fr/items/8773031093
Crocs femme,Crocs kitchen shoes,48.0,50,0,Crocs,,https://www.vinted.fr/items/8776638317
Crocs femme,Crocs rose à paillettes,5.0,15,0,Crocs,,https://www.vinted.fr/items/8866059453
Crocs femme,Crocs beige mixte neuf original pt 40,32.0,76,0,Crocs,,https://www.vinted.fr/items/8807118403
Crocs femme,crocs,25.0,31,0,Crocs,,https://www.vinted.fr/items/8854334887
Crocs femme,white crocs,15.0,37,0,Crocs,,https://www.vinted.fr/items/8773031093
Crocs femme,Crocs blanche,30.0,52,0,Crocs,,https://www.vinted.fr/items/8856973523
Crocs femme,Crocs ballerines noires,18.0,6,0,Crocs,,https://www.vinted.fr/items/8870513838
Crocs femme,Crocs à plateforme,30.0,29,0,Crocs,,https://www.vinted.fr/items/8869266251
Crocs femme,Crocs mules taille 36,15.0,21,0,Crocs,,https://www.vinted.fr/items/8861375419
Crocs femme,Croc’s Rose pale - Barely pink,28.0,9,0,Crocs,,https://www.vinted.fr/items/8873607630
Crocs femme,Vends belle paire de Crocs,25.0,4,0,Crocs,,https://www.vinted.fr/items/8872988429
Crocs femme,Crocs Cleo 9 39/40 schwarz Badeschuhe neu,18.0,7,0,Crocs,,https://www.vinted.fr/items/8873132099
Crocs femme,Crocs plateforme,35.0,32,0,Crocs,,https://www.vinted.fr/items/8845726089
Crocs femme,Crocs femme,30.0,39,0,Crocs,,https://www.vinted.fr/items/8851064012
Crocs femme,Crocs UK9,15.0,26,0,Crocs,,https://www.vinted.fr/items/8766776744
Crocs femme,Sandalias Crocs,19.0,21,0,Crocs,,https://www.vinted.fr/items/8870581860
Crocs femme,Crocs,18.0,32,0,Crocs,,https://www.vinted.fr/items/8857299290
Crocs femme,Crocs CARS taille 38/39 -> M6/W8,40.0,33,0,Crocs,,https://www.vinted.fr/items/8859696807
Crocs femme,Crocs,30.0,14,0,Crocs,,https://www.vinted.fr/items/8863261764
Crocs femme,Crocs plate-forme,40.0,2,0,Crocs,,https://www.vinted.fr/items/8874082704
Crocs femme,Crocs (fausse) taille haute,8.0,11,0,Crocs,,https://www.vinted.fr/items/8757320720
Crocs femme,Crocs,25.0,54,0,Crocs,,https://www.vinted.fr/items/8854498057
Crocs femme,Chinelos Crocs originais,13.0,37,0,Crocs,,https://www.vinted.fr/items/8872251121
Crocs femme,Crocs,30.0,0,0,Crocs,,https://www.vinted.fr/items/8875317443
Crocs femme,Crocs neuf 37,30.0,34,0,Crocs,,https://www.vinted.fr/items/8858521995
Crocs femme,Welly crocs,6.0,1,0,Crocs,,https://www.vinted.fr/items/8873944091
Crocs femme,Crocs lilas,30.0,28,0,Crocs,,https://www.vinted.fr/items/8863606584
Crocs femme,Crocs burton,20.0,60,0,Burton,,https://www.vinted.fr/items/8865711389
Crocs femme,Pantofole Crocs donna taglia 37-38,20.0,16,0,Crocs,,https://www.vinted.fr/items/8737383554
Crocs femme,Crocs rose paillette femme taille 39/40,45.0,46,0,Crocs,,https://www.vinted.fr/items/8866739709
Crocs femme,Crocs Classic Clog Summer Édition,30.0,16,0,Crocs,,https://www.vinted.fr/items/8865777165
Crocs femme,Crocs,18.0,33,0,Crocs,,https://www.vinted.fr/items/8868474637
Crocs femme,Lot Charms Crocs,3.0,3,0,Crocs,,https://www.vinted.fr/items/8873775802
Crocs femme,Crocs,32.0,35,0,Crocs,,https://www.vinted.fr/items/8858464682
Crocs femme,Crocs,20.0,8,0,Crocs,,https://www.vinted.fr/items/8872296772
Crocs femme,crocs marron,30.0,31,0,Crocs,,https://www.vinted.fr/items/8863289416
Crocs femme,Crocs neuf,28.0,19,0,Crocs,,https://www.vinted.fr/items/8867944999
Crocs femme,crocs platform,25.0,52,0,Crocs,,https://www.vinted.fr/items/8867740236
Crocs femme,Crocs,9.0,27,0,Crocs,,https://www.vinted.fr/items/8864586052
Crocs femme,Crocs beige,36.99,0,0,Crocs,,https://www.vinted.fr/items/8875693530
Crocs femme,Crocs plateforme,35.0,59,0,Crocs,,https://www.vinted.fr/items/8846396790
Crocs femme,Tongs CROCS,15.0,32,0,Crocs,,https://www.vinted.fr/items/8815203235
Crocs femme,Crocs violette,20.0,0,0,Crocs,,https://www.vinted.fr/items/8875540452
Crocs femme,Crocs Orange,35.0,22,0,Crocs,,https://www.vinted.fr/items/8870677551
Crocs femme,Crocs,30.0,3,0,Crocs,,https://www.vinted.fr/items/8872143816
Crocs femme,"Crocs woman trainers,new",43.0,8,0,Crocs,,https://www.vinted.fr/items/8874030570
Crocs femme,Crocs t 40,19.99,1,0,Crocs,,https://www.vinted.fr/items/8873999242
Crocs femme,Sabots crocs roses,28.0,24,0,Crocs,,https://www.vinted.fr/items/8870778624
Crocs femme,Crocs homme 42M,50.0,3,0,Crocs,,https://www.vinted.fr/items/8872782703
Crocs femme,crocs echo clog,50.0,6,0,Crocs,,https://www.vinted.fr/items/8871259147
Crocs femme,Crocs,5.0,12,0,Shein,,https://www.vinted.fr/items/8861786209
Crocs femme,Sandales tongues crocs,15.0,4,0,Crocs,,https://www.vinted.fr/items/8873446918
Crocs femme,Croc Charms,1.0,32,0,Crocs,,https://www.vinted.fr/items/8473207444
Crocs femme,Pins pour crocs,1.0,26,0,Crocs,,https://www.vinted.fr/items/8810129301
Crocs femme,Crocs,10.0,14,0,Crocs,,https://www.vinted.fr/items/8782910708
Crocs femme,Crocs rose avec pins,18.5,12,0,Crocs,,https://www.vinted.fr/items/8866759986
Crocs femme,Crocs ballerines fleurs bleues,11.0,18,0,Crocs,,https://www.vinted.fr/items/8812251811
Crocs femme,Crocs simpson,25.0,17,0,Crocs,,https://www.vinted.fr/items/8815163023
Crocs femme,Crocs slippers maat 42,15.0,22,0,Crocs,,https://www.vinted.fr/items/8870364804
Crocs femme,Sabot Crocs,4.0,14,0,Crocs,,https://www.vinted.fr/items/8121584977
Crocs femme,Charms crocs,1.0,0,0,Crocs,,https://www.vinted.fr/items/8872515913
Crocs femme,CROCS Classic grise,23.0,6,0,Crocs,,https://www.vinted.fr/items/8871503496
Crocs femme,jibbitz crocs,4.0,5,0,Crocs,,https://www.vinted.fr/items/8861666676
Crocs femme,Sandales Crocs,35.0,29,0,Crocs,,https://www.vinted.fr/items/8867229495
Crocs femme,Crocs paillete,32.0,59,0,Crocs,,https://www.vinted.fr/items/8819332516
Crocs femme,Pins crocs carte algerie,2.5,5,0,,,https://www.vinted.fr/items/8869147003
Crocs femme,crocs bayaband clog neuve,35.0,46,0,Crocs,,https://www.vinted.fr/items/8872741041
Crocs femme,glitzernde Crocs Clogs # glitzernde Crocs Clogs,23.0,15,0,Crocs,,https://www.vinted.fr/items/8857391023
Crocs femme,Sandals Crocs,15.0,14,0,Crocs,,https://www.vinted.fr/items/8862930553
Crocs femme,"Original Crocs M5 W7 aubergine ,ca. Gr.37",16.0,21,0,Crocs,,https://www.vinted.fr/items/8862687314
Crocs femme,Crocs,20.0,25,0,Crocs,,https://www.vinted.fr/items/8866942729
Crocs femme,Crocs,30.0,85,0,Crocs,,https://www.vinted.fr/items/8842112468
Crocs femme,Crocs kaki,5.0,19,0,Crocs,,https://www.vinted.fr/items/7464683538
Crocs femme,Jibbitz,1.0,31,0,Crocs,,https://www.vinted.fr/items/8808889089
Crocs femme,Sandales Crocs Noir,18.0,8,0,Crocs,,https://www.vinted.fr/items/8871785593
Crocs femme,Crocs,28.0,17,0,Crocs,,https://www.vinted.fr/items/8783506233
Crocs femme,Crocs compensés,25.0,50,0,Crocs,,https://www.vinted.fr/items/8833514051
Crocs femme,"zoccoli leggeri, di alta qualità ed eleganti",49.0,15,0,Crocs,,https://www.vinted.fr/items/8860128797
Crocs femme,CROCS - classic mary jane clog crocs,40.0,35,0,Crocs,,https://www.vinted.fr/items/8873133461
Crocs femme,Crocs,40.0,35,0,Crocs,,https://www.vinted.fr/items/8863582933
Crocs femme,Sandalen van Crocs maat 10,17.0,3,0,Crocs,,https://www.vinted.fr/items/8875583041
Crocs femme,Crocs,29.9,3,0,Crocs,,https://www.vinted.fr/items/8873285285
Crocs femme,Sabot style crocs baya plateform,9.0,53,0,Crocs,,https://www.vinted.fr/items/8729496607
Crocs femme,Crocs blanche,10.0,12,0,Crocs,,https://www.vinted.fr/items/8862096836
Crocs femme,Crocs,13.0,10,0,Crocs,,https://www.vinted.fr/items/8859509875
Crocs femme,Lot de pins pour crocs,20.0,90,0,Crocs,,https://www.vinted.fr/items/8827565582
Crocs femme,Crocs rose avec bijoux,10.0,19,0,Crocs,,https://www.vinted.fr/items/8281829270
Crocs femme,Crocs neuve,30.0,32,0,Crocs,,https://www.vinted.fr/items/8810731674
Crocs femme,Crocs dames  classic Marbled clog maat 37-38,24.5,60,0,Crocs,,https://www.vinted.fr/items/8870198128
Crocs femme,Crocs Crush Unisex Original Gr. 38,40.0,4,0,Crocs,,https://www.vinted.fr/items/8873958424
Crocs femme,Sandalen,13.0,49,0,Crocs,,https://www.vinted.fr/items/8873565461
Crocs femme,Crocs baya plateforme,30.0,17,0,,,https://www.vinted.fr/items/8870800563
Crocs femme,Crocs unisex,30.0,31,0,Crocs,,https://www.vinted.fr/items/8868452070
Crocs femme,Crocs Noir fourré  taille 39/40 W9,2.0,6,0,Crocs,,https://www.vinted.fr/items/8802870499
Crocs femme,Crocs ! voir description !!,8.5,41,0,Crocs,,https://www.vinted.fr/items/8508428083
Crocs femme,Sandales CROCS Nude 40,25.0,4,0,Crocs,,https://www.vinted.fr/items/8873519177
Crocs femme,Crocs beige anti-dérapant,15.0,11,0,Crocs,,https://www.vinted.fr/items/8849581339
Crocs femme,Lot de 10 pins pour crocs,20.0,12,0,Crocs,,https://www.vinted.fr/items/8860740990
Crocs femme,Crocs marrons,35.0,35,0,Crocs,,https://www.vinted.fr/items/8864119179
Crocs femme,Crocs rose,22.0,23,0,Crocs,,https://www.vinted.fr/items/8756700467
Crocs femme,Crocs,20.0,25,0,Crocs,,https://www.vinted.fr/items/8866942729
Crocs femme,Crocs beige anti-dérapant,15.0,11,0,Crocs,,https://www.vinted.fr/items/8849581339
Crocs femme,"Women's black sandals, size 36",22.0,38,0,Crocs,,https://www.vinted.fr/items/8866943799
Crocs femme,Crocs beige,40.0,15,0,Crocs,,https://www.vinted.fr/items/8859263379
Crocs femme,CROCS - classic mary jane clog crocs,40.0,35,0,Crocs,,https://www.vinted.fr/items/8873133461
Crocs femme,Crocs,30.0,3,0,Crocs,,https://www.vinted.fr/items/8691268125
Crocs femme,Crocs noir,40.0,36,0,Crocs,,https://www.vinted.fr/items/8859292601
Crocs femme,Crocs teenslippers,10.0,11,0,Crocs,,https://www.vinted.fr/items/8871732194
Crocs femme,Tonton daoud pins crocs,1.5,8,0,,,https://www.vinted.fr/items/8853985879
Crocs femme,Crocs Tulum Sandal,24.0,1,0,Crocs,,https://www.vinted.fr/items/8874800696
Crocs femme,Crocs,25.0,21,0,Crocs,,https://www.vinted.fr/items/8855465222
Crocs femme,crocs bleu,25.0,37,0,Crocs,,https://www.vinted.fr/items/8763985684
Crocs femme,Crocs - tongs à plate-forme - pointure 38,25.0,24,0,Crocs,,https://www.vinted.fr/items/8856841469
Crocs femme,Crocs Sandalen metallic Schnalle 39-40,39.0,12,0,Crocs,,https://www.vinted.fr/items/8872757859
Crocs femme,Sandalen,13.0,49,0,Crocs,,https://www.vinted.fr/items/8873565461
Crocs femme,Crocs avec pins,18.5,7,0,Crocs,,https://www.vinted.fr/items/8866260078
Crocs femme,Zwarte crocs,25.0,3,0,Crocs,,https://www.vinted.fr/items/8872493984
Crocs femme,Crocs,40.0,35,0,Crocs,,https://www.vinted.fr/items/8863582933
Crocs femme,crocs rose,15.0,24,0,Crocs,,https://www.vinted.fr/items/8848810726
Crocs femme,Sandales CROCS Nude 40,25.0,4,0,Crocs,,https://www.vinted.fr/items/8873519177
Crocs femme,Crocs,15.0,26,0,Crocs,,https://www.vinted.fr/items/8826820854
Crocs femme,Chausseure femme CROCS taille 37,11.0,29,0,Crocs,,https://www.vinted.fr/items/8650948375
Crocs femme,Crocs,30.0,85,0,Crocs,,https://www.vinted.fr/items/8842112468
Crocs femme,Crocs,27.0,50,0,Crocs,,https://www.vinted.fr/items/8771065958
Crocs femme,Crocs ballerines original kaki 39,15.0,24,0,Crocs,,https://www.vinted.fr/items/8839817789
Crocs femme,Crocs,15.0,223,0,Crocs,,https://www.vinted.fr/items/7951756369
Crocs femme,Crocs looney tunes,30.0,0,0,Crocs,,https://www.vinted.fr/items/8875223650
Crocs femme,Zapatillas croc,24.5,33,0,Crocs,,https://www.vinted.fr/items/8866436619
Crocs femme,Jibbitz Mario kart,10.0,32,0,Crocs,,https://www.vinted.fr/items/8741945260
Crocs femme,Croc flip flops,7.0,0,0,Crocs,,https://www.vinted.fr/items/8874566107
Crocs femme,Lot de 10 pins pour crocs,20.0,12,0,Crocs,,https://www.vinted.fr/items/8860740990
Crocs femme,jibbitz crocs,4.0,5,0,Crocs,,https://www.vinted.fr/items/8861666676
Crocs femme,Crocs Flip Flops,10.0,14,0,Crocs,,https://www.vinted.fr/items/8871792580
Crocs femme,Crocs limited edition mit Palmen,5.0,17,0,Crocs,,https://www.vinted.fr/items/8783825574
Crocs femme,CROCS,10.0,6,0,Crocs,,https://www.vinted.fr/items/8856442382
Crocs femme,Crocs Multicoloured-Size 7-EU40,18.0,24,0,Crocs,,https://www.vinted.fr/items/8867905936
Crocs femme,Sacoche crocs,16.0,61,0,Crocs,,https://www.vinted.fr/items/8809345569
Crocs femme,Zuecos Crocs,17.0,23,0,Crocs,,https://www.vinted.fr/items/8845802533
Crocs femme,Crocs neu,25.0,52,0,Crocs,,https://www.vinted.fr/items/8864978302
Crocs femme,Crocs - très bon état,15.0,15,0,Crocs,,https://www.vinted.fr/items/8816592006
Crocs femme,Crocs jamais porté taille 38/39,39.0,91,0,Crocs,,https://www.vinted.fr/items/8842194222
Crocs femme,Pins crocs,2.0,4,0,Crocs,,https://www.vinted.fr/items/8872609713
Crocs femme,Ciabatte alte Crocs,15.0,8,0,Crocs,,https://www.vinted.fr/items/8873349489
Crocs femme,Crocs leopard plaform comfort,28.0,34,0,Crocs,,https://www.vinted.fr/items/8860261652
Crocs femme,🌴 Sandales Crocs Miami Platform Y Strap – Beige – Taille 37/38 🌴,40.0,36,0,Crocs,,https://www.vinted.fr/items/8870500643
Crocs femme,Crocs Lightning McQueen Cars,40.0,8,0,Crocs,,https://www.vinted.fr/items/8868749401
Crocs femme,Crocs 38.39,35.0,38,0,Crocs,,https://www.vinted.fr/items/8857117694
Crocs femme,Crocs compensées,30.0,16,0,Crocs,,https://www.vinted.fr/items/8862902005
Crocs femme,Sandales Crocs,20.0,27,0,Crocs,,https://www.vinted.fr/items/8805062193
Crocs femme,Crocs Navy Flip Flops with Polka Dot Straps W11/UK 9,10.0,0,0,Crocs,,https://www.vinted.fr/items/8875208526
Crocs femme,Crocs compensées,20.0,33,0,Crocs,,https://www.vinted.fr/items/8848461054
Crocs femme,Crocs beige,30.0,23,0,Crocs,,https://www.vinted.fr/items/8862507804
Crocs femme,Lot de 10 pins pour crocs,20.0,77,0,Crocs,,https://www.vinted.fr/items/8827602287
Crocs femme,Crocs Lila,30.0,19,0,Crocs,,https://www.vinted.fr/items/8857687553
Crocs femme,Chaussons crocs taille 37 38,18.0,3,0,Crocs,,https://www.vinted.fr/items/8873384202
Crocs femme,Sandals Crocs,15.0,14,0,Crocs,,https://www.vinted.fr/items/8862930553
Crocs femme,Crocs Glitter à plateforme 39/40 dorée Ultra tendance pour cet été,40.0,16,0,Crocs,,https://www.vinted.fr/items/8859405882
Crocs femme,Crocs Schuhe Ballerina Strand Schwimmschuhe Gr. 39,12.0,31,0,Crocs,,https://www.vinted.fr/items/8861479178
Crocs femme,Crocs schlapfen,15.0,1,0,Crocs,,https://www.vinted.fr/items/8871860870
Crocs femme,Ballerines crocs marron pointure 40 (w9),8.0,24,0,Crocs,,https://www.vinted.fr/items/8858534957
Crocs femme,Charms Crocs,3.0,1,0,Crocs,,https://www.vinted.fr/items/8873729069
Crocs femme,Crocs|Clog Bayaband Blancas,34.82,18,0,Crocs,,https://www.vinted.fr/items/8863298188
Crocs femme,Crocs,20.0,21,0,Crocs,,https://www.vinted.fr/items/8862312476
Crocs femme,Original Crocs Gr. 34-35,15.0,2,0,Crocs,,https://www.vinted.fr/items/8871492825
Crocs femme,Crocs,35.0,32,0,Crocs,,https://www.vinted.fr/items/8854533796
Crocs femme,Crocs sandales,11.0,14,0,Crocs,,https://www.vinted.fr/items/8867863581
Crocs femme,Crocs Stomp Plateau Sandalen Slider,35.0,9,0,Crocs,,https://www.vinted.fr/items/8871239711
Crocs femme,Pins crocs,3.0,13,0,,,https://www.vinted.fr/items/8849772443
Crocs femme,Tongs Crocs noires,18.0,16,0,Crocs,,https://www.vinted.fr/items/8866196059
Crocs femme,Ballerines couleur bleu turquoise CROCS Taille 41,16.0,8,0,Crocs,,https://www.vinted.fr/items/8871475049
Crocs femme,Crocs getaway platform,20.0,25,0,Crocs,,https://www.vinted.fr/items/8818880130
Crocs femme,Crocs,15.0,4,0,Crocs,,https://www.vinted.fr/items/8872477747
Crocs femme,Crocs Echo Wave  Clogs,40.0,3,0,Crocs,,https://www.vinted.fr/items/8874833948
Crocs femme,Crocs 39,10.0,29,0,Crocs,,https://www.vinted.fr/items/8867388096
Crocs femme,Crocs clásicos rosa pálido. Talla 36-37,29.0,48,0,Crocs,,https://www.vinted.fr/items/8861197939
Crocs femme,"Sandalias Crocs, talla 36",22.0,30,0,Crocs,,https://www.vinted.fr/items/8868001877
Crocs femme,Crocs,25.0,7,0,Crocs,,https://www.vinted.fr/items/8809590663
Crocs femme,Crocs prix FERME,33.13,40,0,Crocs,,https://www.vinted.fr/items/8852217392
Crocs femme,Crocs pink,6.0,0,0,Crocs,,https://www.vinted.fr/items/8873382190
Crocs femme,Zapatillas crocs,8.0,2,0,Crocs,,https://www.vinted.fr/items/8874934305
Crocs femme,Crocs,7.0,18,0,Crocs,,https://www.vinted.fr/items/8699853939
Crocs femme,crocs noir,10.0,27,0,,,https://www.vinted.fr/items/8850126309
Crocs femme,Lot Charms Crocs neuf,3.0,2,0,Crocs,,https://www.vinted.fr/items/8873808240
Crocs femme,Crocs gris pailleté,45.0,35,0,Crocs,,https://www.vinted.fr/items/8859675584
Crocs femme,Jibbitz pack Crocs,10.0,30,0,Crocs,,https://www.vinted.fr/items/8769812209
Crocs femme,Crocs Glogs grau/grün,15.0,19,0,Crocs,,https://www.vinted.fr/items/8808997430
Crocs femme,Crocs neuves taille 39-40,15.0,58,0,Crocs,,https://www.vinted.fr/items/8763909100
Crocs femme,CROCS rose à plate-forme,25.0,2,0,Crocs,,https://www.vinted.fr/items/8873709584
Crocs femme,crocs blanche,25.0,65,0,Crocs,,https://www.vinted.fr/items/7633003437
Crocs femme,Sandales Crocs brooklyn woven buckle,28.0,73,0,Crocs,,https://www.vinted.fr/items/8839477733
Crocs femme,Crocs à talons compensés,9.0,12,0,Crocs,,https://www.vinted.fr/items/8871250035
Crocs femme,Baskets Crocs,20.0,9,0,Crocs,,https://www.vinted.fr/items/8839940507
Crocs femme,Chanclas Crocs Bayaband size 39-40 M6 W8,26.0,43,0,Crocs,,https://www.vinted.fr/items/8853788752
Crocs femme,Black Crocs,6.0,10,0,Crocs,,https://www.vinted.fr/items/8795373450
Crocs femme,Crocs,28.0,24,0,Crocs,,https://www.vinted.fr/items/8853938705
Crocs femme,Crocs avec plateforme taille 39 40 noires,40.0,52,0,Crocs,,https://www.vinted.fr/items/8824664464
Crocs femme,Crocs,25.0,7,0,Crocs,,https://www.vinted.fr/items/8809590663
Crocs femme,Crocs baya,1.0,2,0,Crocs,,https://www.vinted.fr/items/8836604219
Crocs femme,Crocs Lightning McQueen Cars,40.0,8,0,Crocs,,https://www.vinted.fr/items/8868749401
Crocs femme,Baskets Crocs,20.0,9,0,Crocs,,https://www.vinted.fr/items/8839940507
Crocs femme,Blue platform crocs,10.0,48,0,Crocs,,https://www.vinted.fr/items/8614780870
Crocs femme,Spooky,3.0,5,0,Crocs,,https://www.vinted.fr/items/8794592050
Crocs femme,Ladies crocs,13.0,10,0,Crocs,,https://www.vinted.fr/items/8854921547
Crocs femme,Crocs orange,32.0,49,0,Crocs,,https://www.vinted.fr/items/8844027952
Crocs femme,Crocs léopard,45.0,26,0,Crocs,,https://www.vinted.fr/items/8823423892
Crocs femme,Crocs,6.0,0,0,Crocs,,https://www.vinted.fr/items/8873173903
Crocs femme,Crocs,14.99,0,0,Crocs,,https://www.vinted.fr/items/8875215235
Crocs femme,Sandales Crocs brooklyn woven buckle,28.0,73,0,Crocs,,https://www.vinted.fr/items/8839477733
Crocs femme,crocs classic clog,37.0,21,0,Crocs,,https://www.vinted.fr/items/8854460216
Crocs femme,Zapatillas crocs,8.0,2,0,Crocs,,https://www.vinted.fr/items/8874934305
Crocs femme,Crocs,7.0,15,0,Crocs,,https://www.vinted.fr/items/8780855397
Crocs femme,Crocs,30.0,50,0,Crocs,,https://www.vinted.fr/items/8841979838
Crocs femme,Mules Crocs Unisexes Adultes Classic,50.0,1,0,Crocs,,https://www.vinted.fr/items/8874444551
Crocs femme,Crocs pink,6.0,0,0,Crocs,,https://www.vinted.fr/items/8873382190
Crocs femme,Crocs double  semelle noir 38,30.0,73,0,Crocs,,https://www.vinted.fr/items/8759598563
Crocs femme,Crocs,8.0,28,0,Crocs,,https://www.vinted.fr/items/8866920463
Crocs femme,Crocs noir iconic confort,35.0,37,0,Crocs,,https://www.vinted.fr/items/8837374669
Crocs femme,Purple crocs,15.0,17,0,Crocs,,https://www.vinted.fr/items/8832893691
Crocs femme,Crocs by Jibbitz Gr 39 Neu,18.0,2,0,Crocs,,https://www.vinted.fr/items/8873717847
Crocs femme,Lot pims crocs,6.0,49,0,Crocs,,https://www.vinted.fr/items/8743358772
Crocs femme,White and red slipper style crocs,5.0,18,0,Crocs,,https://www.vinted.fr/items/8530198130
Crocs femme,Crocs à plate-forme,8.0,36,0,Crocs,,https://www.vinted.fr/items/8330024247
Crocs femme,Tongs Crocs noires,18.0,16,0,Crocs,,https://www.vinted.fr/items/8866196059
Crocs femme,Jibbitz pack Crocs,10.0,30,0,Crocs,,https://www.vinted.fr/items/8769812209
Crocs femme,Tote Bag,15.0,18,0,Crocs,,https://www.vinted.fr/items/8833943627
Crocs femme,Chaussons crocs taille 37 38,18.0,3,0,Crocs,,https://www.vinted.fr/items/8873384202
Crocs femme,Crocs Baya Platform Glitter,40.0,26,0,Crocs,,https://www.vinted.fr/items/8814825222
Crocs femme,Jibbitzs crocs neuf,2.0,12,0,Crocs,,https://www.vinted.fr/items/8528180744
Crocs femme,Crocs,30.0,29,0,Crocs,,https://www.vinted.fr/items/8798040743
Crocs femme,Crocs Iconic confortable  platforme hyper confortable presque jamais porté pointure 37,49.0,30,0,Crocs,,https://www.vinted.fr/items/8871096609
Crocs femme,Lot de bijoux pour Crocs,4.0,35,0,Crocs,,https://www.vinted.fr/items/6729984255
Crocs femme,Crocs argentés Metallica,50.0,1,0,Crocs,,https://www.vinted.fr/items/8872269583
Crocs femme,Crocs,16.0,18,0,Crocs,,https://www.vinted.fr/items/8837059984
Crocs femme,Crocs,12.0,1,0,Crocs,,https://www.vinted.fr/items/8874772871
Crocs femme,Crocs,45.0,1,0,Crocs,,https://www.vinted.fr/items/8873701666
Crocs femme,Crocs,33.5,24,0,Crocs,,https://www.vinted.fr/items/8864969921
Crocs femme,Crocs,20.0,13,0,Crocs,,https://www.vinted.fr/items/8868501970
Crocs femme,Crocs à paillettes multicolore NEUVES taille 39/40 sublimes,43.0,3,0,Crocs,,https://www.vinted.fr/items/8874039651
Crocs femme,Crocs Zehensandalen - Sandalen - schwarz - 44,13.0,18,0,Crocs,,https://www.vinted.fr/items/8871505153
Crocs femme,Sandales Crocs à talons,22.0,14,0,Crocs,,https://www.vinted.fr/items/8862843995
Crocs femme,Crocs 37-38,35.0,75,0,Crocs,,https://www.vinted.fr/items/8808492615
Crocs femme,Claquettes Crocs,25.0,3,0,Crocs,,https://www.vinted.fr/items/8875286183
Crocs femme,Chanclas Crocs Bayaband size 39-40 M6 W8,26.0,43,0,Crocs,,https://www.vinted.fr/items/8853788752
Crocs femme,Crocs Stecker/Sticker,5.0,15,0,Crocs,,https://www.vinted.fr/items/8295742193
Crocs femme,Zapatillas croc,24.5,33,0,Crocs,,https://www.vinted.fr/items/8866436619
Crocs femme,Jibbitz crocs,2.0,8,0,Crocs,,https://www.vinted.fr/items/8642548121
Crocs femme,Sandali Crocs Brooklyn 4U Low Wedge – Pink Milk – n. 34/35 NUOVI,20.0,8,0,Crocs,,https://www.vinted.fr/items/8870876588
Crocs femme,Crocs siren rose,59.0,59,0,Crocs,,https://www.vinted.fr/items/8850153196
Crocs femme,Crocs écho clog,45.0,15,0,Crocs,,https://www.vinted.fr/items/8849395227
Crocs femme,Ballerines CROCS,10.0,9,0,Crocs,,https://www.vinted.fr/items/8870940986
Crocs femme,crocs,6.0,16,0,Crocs,,https://www.vinted.fr/items/7983953120
Crocs femme,Croque,1.0,1,0,Crocs,,https://www.vinted.fr/items/8784274801
Crocs femme,Crocs Getaway Strappy,20.0,32,0,Crocs,,https://www.vinted.fr/items/8787307671
Crocs femme,Crocs Lila,30.0,19,0,Crocs,,https://www.vinted.fr/items/8857687553
Crocs femme,Crocs 39,10.0,49,0,Crocs,,https://www.vinted.fr/items/8867356185
Crocs femme,Crocs de travail blanches originales T37/38 antidérapantes,12.5,2,0,Crocs,,https://www.vinted.fr/items/8862625202
Crocs femme,Sabot femme,10.0,2,0,Femme,,https://www.vinted.fr/items/8874751517
Crocs femme,Crocs,12.0,53,0,Crocs,,https://www.vinted.fr/items/8499514477
Crocs femme,Sandales crocs,15.0,0,0,Crocs,,https://www.vinted.fr/items/8872961229
Crocs femme,Sabots blancs,8.0,20,0,Crocs,,https://www.vinted.fr/items/8726370673
Crocs femme,Zapatillas crocs,32.0,10,0,Crocs,,https://www.vinted.fr/items/8867479570
Crocs femme,Crocs donna pelose,15.0,0,0,Crocs,,https://www.vinted.fr/items/8875111464
Crocs femme,Crocs à plate-forme,38.0,21,0,Crocs,,https://www.vinted.fr/items/8855745566
Crocs femme,Style Crocs,7.0,54,0,Crocs,,https://www.vinted.fr/items/8469916427
Crocs femme,crocs 30-31,13.0,4,0,Crocs,,https://www.vinted.fr/items/8841671222
Crocs femme,Claquette,7.0,25,0,Crocs,,https://www.vinted.fr/items/8415151526
Crocs femme,Mules femme,12.0,39,0,Crocs,,https://www.vinted.fr/items/8762581578
Crocs femme,Crocs 33,6.0,0,0,Crocs,,https://www.vinted.fr/items/8871655042
Crocs femme,Mega crush clog Crocs 30-40 nieuw zwart,55.0,6,0,Crocs,,https://www.vinted.fr/items/8874365056
Crocs femme,Basket crocs,15.0,4,0,Crocs,,https://www.vinted.fr/items/8863282444
Crocs femme,Zwarte crocs,17.0,32,0,Crocs,,https://www.vinted.fr/items/8799625019
Crocs femme,Talon Crocs Noir,14.0,25,0,Crocs,,https://www.vinted.fr/items/8746897082
Crocs femme,Crocs compensées taille 38,22.0,30,0,Crocs,,https://www.vinted.fr/items/8842104395
Crocs femme,Crocs gris pailleté,45.0,35,0,Crocs,,https://www.vinted.fr/items/8859675584
Crocs femme,Crocs mit Absatz,10.0,35,0,Crocs,,https://www.vinted.fr/items/7518908264
Crocs femme,Crocs Arbeitsschuhe,30.0,2,0,Crocs,,https://www.vinted.fr/items/8870120607
Crocs femme,CROCS rose à plate-forme,25.0,2,0,Crocs,,https://www.vinted.fr/items/8873709584
Crocs femme,Crocs Classic linen,30.0,6,0,Crocs,,https://www.vinted.fr/items/8859893822
Crocs femme,Croc Miami ankle strap sandal new,22.0,8,0,Crocs,,https://www.vinted.fr/items/8865486422
Crocs femme,Literide by crocs,15.0,43,0,Crocs,,https://www.vinted.fr/items/8722970530
Crocs femme,Pins crocs argenté,8.0,65,0,Crocs,,https://www.vinted.fr/items/8082797098
Crocs femme,Crocs Baya Lined Clog Navy SANS Jibbitz,15.0,48,0,Crocs,,https://www.vinted.fr/items/8726056074
Crocs femme,Crocs rose paillette,30.0,20,0,Crocs,,https://www.vinted.fr/items/8839989148
Crocs femme,Pins crocs,1.5,2,0,Crocs,,https://www.vinted.fr/items/8868054388
Crocs femme,Crocs bae clog,30.0,54,0,Crocs,,https://www.vinted.fr/items/8872644322
Crocs femme,Crocs 37-38,35.0,23,0,Crocs,,https://www.vinted.fr/items/8857032174
Crocs femme,Crocs,18.0,69,0,Crocs,,https://www.vinted.fr/items/8844845160
Crocs femme,Crocs biamche W10 41-42,15.0,17,0,Crocs,,https://www.vinted.fr/items/8869546558
Crocs femme,Crocs,15.0,2,0,Crocs,,https://www.vinted.fr/items/8872066891
Crocs femme,Crocs pour femme,15.0,9,0,Crocs,,https://www.vinted.fr/items/8821175432
Crocs femme,Crocs,20.0,4,0,Crocs,,https://www.vinted.fr/items/8873968199
Crocs femme,Crocs taille 40,14.0,6,0,Crocs,,https://www.vinted.fr/items/8858310849
Crocs femme,Crocs Echo Clog grises,45.0,9,0,Crocs,,https://www.vinted.fr/items/8873518859
Crocs femme,Crocs mujer,4.0,9,0,Crocs,,https://www.vinted.fr/items/8147320263
Crocs femme,Crocs gr 34/35 dunkelblau,12.0,30,0,Crocs,,https://www.vinted.fr/items/8367101216
Crocs femme,Crocs,13.0,8,0,Crocs,,https://www.vinted.fr/items/8801194426
Crocs femme,Crocs,25.0,20,0,Crocs,,https://www.vinted.fr/items/8853316407
Crocs femme,Crocs comfort rembourrées,20.0,17,0,Crocs,,https://www.vinted.fr/items/8824370964
Crocs femme,Crocs mixte,40.0,28,0,Crocs,,https://www.vinted.fr/items/8842047726
Crocs femme,Crocs Fushia,30.0,213,0,Crocs,,https://www.vinted.fr/items/8555319965
Crocs femme,Crocs compensées taille 38,22.0,30,0,Crocs,,https://www.vinted.fr/items/8842104395
Crocs femme,Crocs mega crush,35.0,64,0,Crocs,,https://www.vinted.fr/items/8862625183
Crocs femme,Crocs 🐼  Baya Platform Sandal Panda,15.0,4,0,Crocs,,https://www.vinted.fr/items/8871445620
Crocs femme,L'autre paire de chaussettes crocs taille S/M neuf avec étiquette,4.0,32,0,Crocs,,https://www.vinted.fr/items/7813308438
Crocs femme,Mega crush clog Crocs 30-40 nieuw zwart,55.0,6,0,Crocs,,https://www.vinted.fr/items/8874365056
Crocs femme,crocs noire,32.0,20,0,Crocs,,https://www.vinted.fr/items/8817043590
Crocs femme,Crocs blanche rayures noir,40.0,0,0,Crocs,,https://www.vinted.fr/items/8874676907
Crocs femme,Sabot Crocs,45.0,51,0,Crocs,,https://www.vinted.fr/items/8870467711
Crocs femme,Groene crocs,25.0,4,0,Crocs,,https://www.vinted.fr/items/8864769017
Crocs femme,Crocs,20.0,15,0,Crocs,,https://www.vinted.fr/items/8765583349
Crocs femme,crocs,40.0,45,0,Crocs,,https://www.vinted.fr/items/8810178773
Crocs femme,Crocs mit Absatz,10.0,35,0,Crocs,,https://www.vinted.fr/items/7518908264
Crocs femme,Jibbitz hello kitty,10.0,20,0,Crocs,,https://www.vinted.fr/items/8784695299
Crocs femme,Crocs femme,15.0,20,0,Crocs,,https://www.vinted.fr/items/8800116328
Crocs femme,Crocs Gummistiefel Unisex 39/40,22.0,16,0,Crocs,,https://www.vinted.fr/items/8872764698
Crocs femme,Sabrinas Crocs,8.0,23,0,Crocs,,https://www.vinted.fr/items/6853007175
Crocs femme,Crocs Schuhe Gr. 36 / 37 M4 W6 Glitzer + jibbitz Anstecker,13.99,26,0,Crocs,,https://www.vinted.fr/items/8787178672
Crocs femme,Crocs Clogs mit Glitzern New,35.0,15,0,Crocs,,https://www.vinted.fr/items/8871436190
Crocs femme,Crocs,35.0,4,0,Crocs,,https://www.vinted.fr/items/8873143487
Crocs femme,Crocs lite ride,10.0,3,0,Crocs,,https://www.vinted.fr/items/8870575724
Crocs femme,Crocs,14.0,42,0,Crocs,,https://www.vinted.fr/items/8850689968
Crocs femme,Crocs,1.5,19,0,Crocs,,https://www.vinted.fr/items/7398283933
Crocs femme,Crocs femme T 40/41,40.0,11,0,Crocs,,https://www.vinted.fr/items/8839432123
Crocs femme,Crocs crush clog paillettes argentées,20.0,17,0,Crocs,,https://www.vinted.fr/items/8806755071
Crocs femme,Crocs Iconic Comfort,20.0,9,0,Crocs,,https://www.vinted.fr/items/8867372540
Crocs femme,"décorations pour lacets, il y en a 6 en tout",2.0,24,0,Crocs,,https://www.vinted.fr/items/8771022110
Crocs femme,Chaussures style crocs.,10.0,31,0,Crocs,,https://www.vinted.fr/items/8720972541
Crocs femme,Crocs sandales compensées Taille 36,14.0,3,0,Crocs,,https://www.vinted.fr/items/8871960706
Crocs femme,Sandalias Crocs,17.0,49,0,Crocs,,https://www.vinted.fr/items/8836079431
Crocs femme,Crocs pour femme,15.0,9,0,Crocs,,https://www.vinted.fr/items/8821175432
Crocs femme,"Sandales blanches pour femme, pointure 36",19.9,49,0,Crocs,,https://www.vinted.fr/items/8838324493
Crocs femme,Crocs mandala,35.0,35,0,Crocs,,https://www.vinted.fr/items/8797043122
Crocs femme,Crocs P39/40,18.0,18,0,Crocs,,https://www.vinted.fr/items/8777287396
Crocs femme,Lot charms Crocs,3.0,2,0,Crocs,,https://www.vinted.fr/items/8873742225
Crocs femme,Crocs Marine taille 36,10.0,8,0,Crocs,,https://www.vinted.fr/items/8797970954
Crocs femme,Claquette crocs,25.0,23,0,Crocs,,https://www.vinted.fr/items/8861406061
Crocs femme,Mules crocs,15.0,14,0,Crocs,,https://www.vinted.fr/items/8866331478
Crocs femme,Crocs,15.0,2,0,Crocs,,https://www.vinted.fr/items/8872066891
Crocs femme,Ballerine crocs,5.0,9,0,Crocs,,https://www.vinted.fr/items/8017947992
Crocs femme,Lot de 10 pins pour crocs,20.0,26,0,Crocs,,https://www.vinted.fr/items/8860804247
Crocs femme,Sandales crocs brooklyn buckle low,35.0,31,0,Crocs,,https://www.vinted.fr/items/8853952387
Crocs femme,Crocs - sandales Brooklyn 4u roses (pointure 38-39),26.0,122,0,Crocs,,https://www.vinted.fr/items/8842708082
Crocs femme,Crocs taille 37 jamais porté,12.0,1,0,Crocs,,https://www.vinted.fr/items/8871303297
Crocs femme,Blauwe crocs maat 39,20.0,12,0,Crocs,,https://www.vinted.fr/items/8847481728
Crocs femme,Croscs,5.0,5,0,Crocs,,https://www.vinted.fr/items/8750385524
Crocs femme,crocs plateforme,30.0,69,0,Crocs,,https://www.vinted.fr/items/8806672147
Crocs femme,Crocs femme,13.0,5,0,Crocs,,https://www.vinted.fr/items/8797484457
Crocs femme,Crocs,30.0,2,0,Crocs,,https://www.vinted.fr/items/8869571779
Crocs femme,Bailarina goma crocs,10.0,34,0,Crocs,,https://www.vinted.fr/items/8768589914
Crocs femme,Crocs violette,6.0,22,0,Crocs,,https://www.vinted.fr/items/7802898476
Crocs femme,Crocs beige et doré,9.0,32,0,Crocs,,https://www.vinted.fr/items/8514383922
Crocs femme,Tongs Crocs,24.0,19,0,Crocs,,https://www.vinted.fr/items/8855487702
Crocs femme,Crocs baya,35.0,45,0,Crocs,,https://www.vinted.fr/items/8783233149
Crocs femme,Crocs,12.0,16,0,Crocs,,https://www.vinted.fr/items/8807618887
Crocs femme,Pins crocs,1.5,2,0,Crocs,,https://www.vinted.fr/items/8868054388
Crocs femme,Tortue pasteque etoile de mer crocs pons jibbitz plage sable,5.0,11,0,KanaBeach,,https://www.vinted.fr/items/8857586114
Crocs femme,Crocs Damen Sandalen mit Absatz,25.0,30,0,Crocs,,https://www.vinted.fr/items/8850233024
Crocs femme,Crocs,30.0,23,0,Crocs,,https://www.vinted.fr/items/8857242721
Crocs femme,Crocs rosse,9.0,3,0,Crocs,,https://www.vinted.fr/items/8872239149
Crocs femme,Crocs,18.0,16,0,Crocs,,https://www.vinted.fr/items/8754420226
Crocs femme,Vends crocs,20.0,18,0,Crocs,,https://www.vinted.fr/items/8760303855
Crocs femme,Crocs sandalen,15.0,5,0,Crocs,,https://www.vinted.fr/items/8871857743
Crocs femme,Sandales Crocs,20.0,76,0,Crocs,,https://www.vinted.fr/items/8823802926
Crocs femme,Crocs 39,4.0,3,0,Crocs,,https://www.vinted.fr/items/8756355876
Crocs femme,Crocs beige,30.0,10,0,Crocs,,https://www.vinted.fr/items/8807627759
Crocs femme,Crocs femme,10.0,24,0,Crocs,,https://www.vinted.fr/items/6504000460
Crocs femme,Crocs noires,13.0,10,0,Crocs,,https://www.vinted.fr/items/8770980258
Crocs femme,Crocs UK size 3 - just tried on round house,20.0,12,0,Crocs,,https://www.vinted.fr/items/8821025950
Crocs femme,Charms,5.0,12,0,Crocs,,https://www.vinted.fr/items/8566776438
Crocs femme,Crocs Platform Clog blancs,40.0,30,0,Crocs,,https://www.vinted.fr/items/8849150174
Crocs femme,Crocs Hello Kitty,35.0,93,0,Crocs,,https://www.vinted.fr/items/8778479470
Crocs femme,Crocs Tote Bag,26.0,33,0,Crocs,,https://www.vinted.fr/items/8821329037
Crocs femme,Crocs sandales pointure 37 tbe,12.0,22,0,Crocs,,https://www.vinted.fr/items/8742223017
Crocs femme,Sandales Crocs jamais mise mixte,27.0,11,0,Crocs,,https://www.vinted.fr/items/8857287359
Crocs femme,Crocs Clogs mit Glitzern New,35.0,6,0,Crocs,,https://www.vinted.fr/items/8871385288
Crocs femme,Crocs in weiß in Größe 10,13.0,7,0,Crocs,,https://www.vinted.fr/items/8800238066
Crocs femme,Crocs ciabatte mare,8.0,31,0,Crocs,,https://www.vinted.fr/items/8871587533
Crocs femme,Crocs Cars,32.0,47,0,Crocs,,https://www.vinted.fr/items/8801259120
Crocs femme,Infradito Crocs Nere - Come Nuove,17.0,18,0,Crocs,,https://www.vinted.fr/items/8800795976
Crocs femme,Porte monnaie Crocs XL,15.0,0,0,Crocs,,https://www.vinted.fr/items/8862876247
Crocs femme,Crocs 37-38,35.0,28,0,Crocs,,https://www.vinted.fr/items/8834599900
Crocs femme,crocs personnalisé,75.0,109,0,Crocs,,https://www.vinted.fr/items/8818137888
Crocs femme,Crocs noir,10.0,34,0,Crocs,,https://www.vinted.fr/items/8635825937
Crocs femme,Crocs,35.0,66,0,Crocs,,https://www.vinted.fr/items/8816187683
Crocs femme,Crocs taille 39,22.0,7,0,Crocs,,https://www.vinted.fr/items/8870260374
Crocs femme,Original Crocs Black Platform Sandals W10,17.0,18,0,Crocs,,https://www.vinted.fr/items/8856934575
Crocs femme,Crocs Spiderman,39.99,39,0,Crocs,,https://www.vinted.fr/items/8856600550
Crocs femme,Sandali Crocs Brooklyn Low Wedge,16.0,29,0,Crocs,,https://www.vinted.fr/items/8790278636
Crocs femme,crocs personnalisé,75.0,109,0,Crocs,,https://www.vinted.fr/items/8818137888
Crocs femme,Crocs 37/38,32.0,36,0,Crocs,,https://www.vinted.fr/items/8826742068
Crocs femme,Crocs Cars,32.0,47,0,Crocs,,https://www.vinted.fr/items/8801259120
Crocs femme,Crocs taille 39,22.0,7,0,Crocs,,https://www.vinted.fr/items/8870260374
Crocs femme,Vends pantoufles Crocs taille 38,1.0,10,0,Crocs,,https://www.vinted.fr/items/8662356334
Crocs femme,Ballerine Crocs W9,10.0,24,0,Crocs,,https://www.vinted.fr/items/8785159314
Crocs femme,Crocs 37-38,35.0,24,0,Crocs,,https://www.vinted.fr/items/8834541201
Crocs femme,Sandales Crocs Iconic Comfort beige pastel,25.0,2,0,Crocs,,https://www.vinted.fr/items/8871702838
Crocs femme,Crocs noires,13.0,4,0,Crocs,,https://www.vinted.fr/items/8860257830
Crocs femme,Crocs Platform Clog blancs,40.0,30,0,Crocs,,https://www.vinted.fr/items/8849150174
Crocs femme,Crocs Tote Bag,26.0,33,0,Crocs,,https://www.vinted.fr/items/8821329037
Crocs femme,Rosa Crocs,16.0,6,0,Crocs,,https://www.vinted.fr/items/8868740674
Crocs femme,Crocs bege,18.0,0,0,Crocs,,https://www.vinted.fr/items/8873481312
Crocs femme,pantoufles,28.0,12,0,Crocs,,https://www.vinted.fr/items/8837193785
Crocs femme,Crocs Gr. 38 schwarz innen Plüsch,18.0,29,0,Crocs,,https://www.vinted.fr/items/8757316697
Crocs femme,Sabot crocs,34.0,14,0,Crocs,,https://www.vinted.fr/items/8838093687
Crocs femme,Crocs,40.0,35,0,Crocs,,https://www.vinted.fr/items/8819533988
Crocs femme,Crocs Spiderman,39.99,39,0,Crocs,,https://www.vinted.fr/items/8856600550
Crocs femme,Crocs bébé taille 19-20,6.0,3,0,Crocs,,https://www.vinted.fr/items/8864903124
Crocs femme,Sabots Femme Crocs Classic - Cream,40.0,8,0,Crocs,,https://www.vinted.fr/items/8868199820
Crocs femme,Sandales Crocs argent,15.0,10,0,Crocs,,https://www.vinted.fr/items/8795851921
Crocs femme,"Sandales d'été décontractées, pointure 36",23.0,38,0,Crocs,,https://www.vinted.fr/items/8833481631
Crocs femme,Crocs,30.0,23,0,Crocs,,https://www.vinted.fr/items/8857242721
Crocs femme,Crocs dames Huarache Wedge maat W9,29.5,5,0,Crocs,,https://www.vinted.fr/items/8871028361
Crocs femme,Crocs biamche W10 41-42,15.0,17,0,Crocs,,https://www.vinted.fr/items/8869546558
Crocs femme,Porte monnaie Crocs XL,15.0,0,0,Crocs,,https://www.vinted.fr/items/8862876247
Crocs femme,Crocs platform rosa,28.0,12,0,Crocs,,https://www.vinted.fr/items/8853922532
Crocs femme,Crocs Mega Crush,50.0,7,0,Crocs,,https://www.vinted.fr/items/8872484671
Crocs femme,Crocs Damen,25.0,12,0,Crocs,,https://www.vinted.fr/items/8837451707
Crocs femme,Croc’s Cruch Clog,30.0,11,0,Crocs,,https://www.vinted.fr/items/8814105900
Crocs femme,Crocs 37-38,35.0,28,0,Crocs,,https://www.vinted.fr/items/8834599900
Crocs femme,Crocs,20.0,15,0,Crocs,,https://www.vinted.fr/items/8849824071
Crocs femme,Crocs rose pâle unisexe,35.0,39,0,Crocs,,https://www.vinted.fr/items/8828126510
Crocs femme,Crocs Compensées,40.0,14,0,Crocs,,https://www.vinted.fr/items/8872537676
Crocs femme,Kurze Jeans,7.0,0,0,Crocs,,https://www.vinted.fr/items/8872559295
Crocs femme,Croque Sneaker sind komplett aus Gummi und abwaschbar,8.0,15,0,Crocs,,https://www.vinted.fr/items/8825165326
Crocs femme,Crocs Sandalen,22.0,7,0,Crocs,,https://www.vinted.fr/items/8870804199
Crocs femme,Ballerines ouvertes crocs,8.0,39,0,Crocs,,https://www.vinted.fr/items/6328017995
Crocs femme,Tongues blanches crocs,15.0,17,0,Crocs,,https://www.vinted.fr/items/8864186467
Crocs femme,Crocs 37-38,35.0,23,0,Crocs,,https://www.vinted.fr/items/8857032174
Crocs femme,Crocs 38/39,42.0,7,0,Crocs,,https://www.vinted.fr/items/8866117566
Crocs femme,Crocs,6.0,19,0,Crocs,,https://www.vinted.fr/items/8546307957
Crocs femme,Zuecos Crocs azul marino talla 43 / 44,27.0,5,0,Crocs,,https://www.vinted.fr/items/8869092692
Crocs femme,Crocs,10.0,21,0,Crocs,,https://www.vinted.fr/items/8861666561
Crocs femme,Sandali originali crocs  donna neri numero 37,13.0,4,0,Crocs,,https://www.vinted.fr/items/8869512414
Crocs femme,Crocs Neu Damen Sandalen-W11 Neu mit etikett,29.0,4,0,Crocs,,https://www.vinted.fr/items/8869366021
Crocs femme,Crocs platform,28.0,15,0,Crocs,,https://www.vinted.fr/items/8807077280
Crocs femme,Jibbiz crocs,1.0,7,0,Crocs,,https://www.vinted.fr/items/7028831888
Crocs femme,Sandale Crocs 35 neuve,35.0,48,0,Crocs,,https://www.vinted.fr/items/8855399087
Crocs femme,Jibbitz clips crocs,3.0,12,0,Crocs,,https://www.vinted.fr/items/7024058969
Crocs femme,SABOT,28.0,38,0,Crocs,,https://www.vinted.fr/items/8846134056
Crocs femme,crocs à plate-forme,15.0,51,0,Crocs,,https://www.vinted.fr/items/8788258767
Crocs femme,Crocs nere taglia 39-40 + 8 charme in silicone,30.0,48,0,Crocs,,https://www.vinted.fr/items/8799775657
Crocs femme,"Damen Crocs für den Sommer/ den Strandurlaub, 42,5 ( 11)",20.0,21,0,Crocs,,https://www.vinted.fr/items/8863355229
Crocs femme,Crocs Femme Miami Slide 40,25.0,16,0,Crocs,,https://www.vinted.fr/items/8818664473
Crocs femme,Crocs,10.0,35,0,Crocs,,https://www.vinted.fr/items/8747363653
Crocs femme,Crocs,30.0,9,0,Crocs,,https://www.vinted.fr/items/8842641640
Crocs femme,Crocs Monstres et Compagnie 41/42,39.0,25,0,Crocs,,https://www.vinted.fr/items/8804882092
Crocs femme,Crocs 37/38 💕,35.0,22,0,Crocs,,https://www.vinted.fr/items/8796533399
Crocs femme,Crocs Badeschlapfen,10.0,41,0,Crocs,,https://www.vinted.fr/items/8760414540
Crocs femme,Chaussures Sabots Mules Getaway Strappy noir Crocs Femme,20.99,25,0,Crocs,,https://www.vinted.fr/items/8773239915
Crocs femme,Crocs slides,25.0,14,0,Crocs,,https://www.vinted.fr/items/8857519317
Crocs femme,Crocs donna 36,15.0,2,0,Crocs,,https://www.vinted.fr/items/8869683840
Crocs femme,Sandales Crocs jamais mise mixte,27.0,11,0,Crocs,,https://www.vinted.fr/items/8857287359
Crocs femme,Ciabatte Crocs donna,15.0,20,0,Crocs,,https://www.vinted.fr/items/8809184912
Crocs femme,Crocs Compensés,17.0,8,0,Crocs,,https://www.vinted.fr/items/8828252318
Crocs femme,Crocs beige blanc,40.0,15,0,Crocs,,https://www.vinted.fr/items/8859180776
Crocs femme,Crocs,20.0,17,0,Crocs,,https://www.vinted.fr/items/8839036781
Crocs femme,Crocs Baya truffel/ bruin maat 39-40,45.0,44,0,Crocs,,https://www.vinted.fr/items/8861987459
Crocs femme,Crocs noire NEUVE Bae Clog Black 36-37,39.0,65,0,Crocs,,https://www.vinted.fr/items/8787488528
Crocs femme,Crocs,30.0,74,0,Crocs,,https://www.vinted.fr/items/8766973265
Crocs femme,Crocs tongs compensées,30.0,77,0,Crocs,,https://www.vinted.fr/items/8850779779
Crocs femme,Crocs,33.0,44,0,Crocs,,https://www.vinted.fr/items/8849087161
Crocs femme,Crocs baya seasonal printed clog Taille 43-44 Jamais Porte Etiquette,32.0,21,0,Crocs,,https://www.vinted.fr/items/8864971428
Crocs femme,Mule crocs été,40.0,13,0,Crocs,,https://www.vinted.fr/items/8873320389
Crocs femme,Crocs,10.0,7,0,Crocs,,https://www.vinted.fr/items/8770681061
Crocs femme,Crocs Bae Burberry,35.0,45,0,Crocs,,https://www.vinted.fr/items/8836659496
Crocs femme,Crocs,25.0,20,0,Crocs,,https://www.vinted.fr/items/8853316407
Crocs femme,Sabots crocs jaune taille 42,18.0,21,0,Crocs,,https://www.vinted.fr/items/8739733257
Crocs femme,Crocs bleu marine,13.0,12,0,Crocs,,https://www.vinted.fr/items/8838201706
Crocs femme,Pins pour crocs stitch jibbitz,8.0,20,0,Crocs,,https://www.vinted.fr/items/8773979464
Crocs femme,"Women's white sandals, size 36",22.0,25,0,Crocs,,https://www.vinted.fr/items/8848515546
Crocs femme,Pins crocs,20.0,197,0,Crocs,,https://www.vinted.fr/items/7802318089
Crocs femme,Crocs,13.0,47,0,Crocs,,https://www.vinted.fr/items/6918094439
Crocs femme,Crocs Classic Clogs Lichtpaars/Lavender maat 38/39 EU,25.0,6,0,Crocs,,https://www.vinted.fr/items/8875104580
Crocs femme,Crocs blanche,10.0,9,0,Crocs,,https://www.vinted.fr/items/8857283068
Crocs femme,Crocs Sandalen,12.0,20,0,Crocs,,https://www.vinted.fr/items/8842279662
Crocs femme,Crocs,10.0,5,0,Crocs,,https://www.vinted.fr/items/8792063244
Crocs femme,Crocs fermée grises,10.0,21,0,Crocs,,https://www.vinted.fr/items/8674700074
Crocs femme,Crocs mules,15.0,7,0,,,https://www.vinted.fr/items/8868141451
Crocs femme,Crocs,32.0,35,0,Crocs,,https://www.vinted.fr/items/8831755715
Crocs femme,Crocs Damen slides Größe 38-39,12.0,4,0,Crocs,,https://www.vinted.fr/items/8871075107
Crocs femme,crocs Gr. 38,10.0,12,0,Crocs,,https://www.vinted.fr/items/8750696319
Crocs femme,Crocs Super Crunch in Lilac,25.0,33,0,Crocs,,https://www.vinted.fr/items/8777627803
Crocs femme,Jibbitz diamant crocs,5.0,13,0,Crocs,,https://www.vinted.fr/items/8755017527
Crocs femme,Claquettes crocs m6 w8,10.0,29,0,Crocs,,https://www.vinted.fr/items/8445988188
Crocs femme,Crocs Bae Burberry,35.0,45,0,Crocs,,https://www.vinted.fr/items/8836659496
Crocs femme,Crocs plate-forme blanche avec pins,35.0,28,0,Crocs,,https://www.vinted.fr/items/8852361246
Crocs femme,Crocs Pro 39-40,25.0,11,0,Crocs,,https://www.vinted.fr/items/8850515747
Crocs femme,Crocs Super Crunch in Lilac,25.0,33,0,Crocs,,https://www.vinted.fr/items/8777627803
Crocs femme,Crocs bleu marine,13.0,12,0,Crocs,,https://www.vinted.fr/items/8838201706
Crocs femme,Crocs 37-38,35.0,23,0,Crocs,,https://www.vinted.fr/items/8857032174
Crocs femme,Crocs,30.0,18,0,Crocs,,https://www.vinted.fr/items/8860357312
Crocs femme,Crocs à talons Cyprus gris – 39/40 – Très bon état f,14.0,1,0,Crocs,,https://www.vinted.fr/items/8875216001
Crocs femme,Sandales crocs,35.0,52,0,Crocs,,https://www.vinted.fr/items/8815679287
Crocs femme,Pin's pour crocs,1.2,13,0,Crocs,,https://www.vinted.fr/items/7721586235
Crocs femme,Damen  Schuhe Crocs,10.0,17,0,Crocs,,https://www.vinted.fr/items/8738549477
Crocs femme,Crocs,8.0,9,0,Crocs,,https://www.vinted.fr/items/8749830119
Crocs femme,Crocs plataforma,30.0,25,0,Crocs,,https://www.vinted.fr/items/8863881502
Crocs femme,crocs blancs t 36,6.0,21,0,Crocs,,https://www.vinted.fr/items/8651100986
Crocs femme,Sandalen von Crocs,12.0,47,0,Crocs,,https://www.vinted.fr/items/8816570538
Crocs femme,Crocs neu,26.0,22,0,Crocs,,https://www.vinted.fr/items/8856179124
Crocs femme,Sandales crocs,10.0,23,0,Crocs,,https://www.vinted.fr/items/6794211211
Crocs femme,Tongs Crocs,7.0,26,0,Crocs,,https://www.vinted.fr/items/7931910713
Crocs femme,Crocs,8.0,25,0,Crocs,,https://www.vinted.fr/items/8799887754
Crocs femme,Mule crocs été,40.0,13,0,Crocs,,https://www.vinted.fr/items/8873320389
Crocs femme,Zeppe Crocs nere 35,17.0,10,0,Crocs,,https://www.vinted.fr/items/8861006797
Crocs femme,Original White Crocs – Excellent Condition – Comfortable & Stylish W9,39.0,16,0,Crocs,,https://www.vinted.fr/items/8848449786
Crocs femme,Ballerine crocs,50.0,24,0,Crocs,,https://www.vinted.fr/items/8855961481
Crocs femme,Crocs Neu Damen Sandalen-W11 Neu mit etikett,29.0,4,0,Crocs,,https://www.vinted.fr/items/8869366021
Crocs femme,"Sandali Crocs 38,5 W8 black",19.99,23,0,Crocs,,https://www.vinted.fr/items/8866805096
Crocs femme,Pin’s Crocs motif fleurs,8.0,7,0,Crocs,,https://www.vinted.fr/items/8804908585
Crocs femme,Crocs compensées,32.0,7,0,Crocs,,https://www.vinted.fr/items/8812639139
Crocs femme,Crocs slippers,10.0,17,0,Crocs,,https://www.vinted.fr/items/8832242527
Crocs femme,Crocs zweimal getragen,15.0,15,0,Crocs,,https://www.vinted.fr/items/8856189807
Crocs femme,Crocs,12.0,1,0,Crocs,,https://www.vinted.fr/items/8874691758
Crocs femme,Crocs beige blanc,40.0,15,0,Crocs,,https://www.vinted.fr/items/8859180776
Crocs femme,Crocs Iconic Comfort,35.0,4,0,Crocs,,https://www.vinted.fr/items/8863443469
Crocs femme,Nuevas Crocs Classic Clog Rosa Pastel Talla 39-40 M7-W9 Con Etiquetas,40.0,9,0,Crocs,,https://www.vinted.fr/items/8868420866
Crocs femme,Sandali Crocs donna,14.0,18,0,Crocs,,https://www.vinted.fr/items/8864167790
Crocs femme,Yeezy foam Crocs couleur blanc taille 37,25.0,19,0,Crocs,,https://www.vinted.fr/items/8858904935
Crocs femme,Crocs,30.0,25,0,Crocs,,https://www.vinted.fr/items/8816263906
Crocs femme,Crocs sandales serena,15.0,14,0,Crocs,,https://www.vinted.fr/items/8808194044
Crocs femme,Crocs Dylan Platform wheat 41/42,30.0,30,0,Crocs,,https://www.vinted.fr/items/8810778808
Crocs femme,Crocs,20.0,4,0,Crocs,,https://www.vinted.fr/items/8831832474
Crocs femme,Crocs crush clog couleur bone - beige,35.0,20,0,Crocs,,https://www.vinted.fr/items/8830643573
Crocs femme,Damen Crocs Gr.9,23.0,25,0,Crocs,,https://www.vinted.fr/items/8830042009
Crocs femme,"zoccoli leggeri, di alta qualità ed eleganti",49.0,15,0,Crocs,,https://www.vinted.fr/items/8860128797
Crocs femme,Sandales compensées Crocs,15.0,15,0,Crocs,,https://www.vinted.fr/items/8803026256
Crocs femme,"Lot de 3 Jibbitz charms pour Crocs, strass irisés + ours doré",6.0,21,0,Crocs,,https://www.vinted.fr/items/8720466719
Crocs femme,crocs tong,25.0,17,0,Crocs,,https://www.vinted.fr/items/8863435428
Crocs femme,Crocs,30.0,38,0,Crocs,,https://www.vinted.fr/items/8798476980
Crocs femme,Crocs Sandale,22.0,23,0,Crocs,,https://www.vinted.fr/items/8868231496
Crocs femme,"Crocs sandalen Gr 41,5 Neu beige",13.0,37,0,Crocs,,https://www.vinted.fr/items/8409271897
Crocs femme,Crocs noir,23.0,2,0,Crocs,,https://www.vinted.fr/items/8865748259
Crocs femme,Crocs Classic Crafter Clog Concrete,35.0,11,0,Crocs,,https://www.vinted.fr/items/8863063128
Crocs femme,"Ballerines crocs neuves taille W5 37,5",6.0,11,0,Crocs,,https://www.vinted.fr/items/8511696771
Crocs femme,Crocs sandal mega crush 42,28.0,68,0,Crocs,,https://www.vinted.fr/items/8768881255
Crocs femme,Crocs,13.0,3,0,Crocs,,https://www.vinted.fr/items/8869458273
Crocs femme,Chaussures style Crocs pour femme taille 39,6.0,9,0,Crocs,,https://www.vinted.fr/items/8402700017
Crocs femme,Crocs plataforma,40.0,3,0,Crocs,,https://www.vinted.fr/items/8872192978
Crocs femme,Crocs beige,20.0,1,0,Crocs,,https://www.vinted.fr/items/8833563955
Crocs femme,Ciabattina comodissima,15.0,33,0,Crocs,,https://www.vinted.fr/items/8786654106
Crocs femme,Crocs Damen Sandalen mit Absatz,25.0,30,0,Crocs,,https://www.vinted.fr/items/8850233024
Crocs femme,Bottine crocs,35.0,22,0,Crocs,,https://www.vinted.fr/items/8811764056
Crocs femme,Sandale crocs noir en tres bon etat,35.0,21,0,Crocs,,https://www.vinted.fr/items/8849853130
Crocs femme,Jibbitz Pokémon,10.0,17,0,Crocs,,https://www.vinted.fr/items/8765220202
Crocs femme,Crocs NEU mit Etikett 36/37,26.0,71,0,Crocs,,https://www.vinted.fr/items/8855060703
Crocs femme,Crocs baya silver glitter clog size 41-42,40.0,73,0,Crocs,,https://www.vinted.fr/items/8865838056
Crocs femme,Crocs Slides,20.0,15,0,Crocs,,https://www.vinted.fr/items/8775838156
Crocs femme,Crocs crush plate-forme,28.0,46,0,Crocs,,https://www.vinted.fr/items/8827304463
Crocs femme,Sac banane bandoulières Crocs,45.0,41,0,Crocs,,https://www.vinted.fr/items/8805451113
Crocs femme,Simili crocs,18.0,51,0,Crocs,,https://www.vinted.fr/items/8773796000
Crocs femme,Crocs fucsias,10.0,32,0,Crocs,,https://www.vinted.fr/items/8821974496
Crocs femme,Lila crocs maat 41,20.0,3,0,Crocs,,https://www.vinted.fr/items/8869917567
Crocs femme,Crocs dunkelblau,25.0,8,0,Crocs,,https://www.vinted.fr/items/8867468012
Crocs femme,Crocs,20.0,14,0,Crocs,,https://www.vinted.fr/items/8865871705
Crocs femme,Sandales à talon Crocs taille 36,10.0,17,0,Crocs,,https://www.vinted.fr/items/8598268814
Crocs femme,Crocs Classic platform,35.0,66,0,Crocs,,https://www.vinted.fr/items/8767755501
Crocs femme,Crocs Flip-Flops,5.0,13,0,Crocs,,https://www.vinted.fr/items/8334370263
Crocs femme,Crocs x BAPE lilás 38-39,67.0,9,0,Crocs,,https://www.vinted.fr/items/8871719155
Crocs femme,Crocs,32.0,35,0,Crocs,,https://www.vinted.fr/items/8831755715
Crocs femme,"Chaussures Crocs blanches, quasiment neuves, avec étiquettes.",26.99,4,0,Crocs,,https://www.vinted.fr/items/8861899534
Crocs femme,Crocs neuves,30.0,9,0,Crocs,,https://www.vinted.fr/items/8860744930
Crocs femme,Crocs pailletées argenté,38.0,13,0,Crocs,,https://www.vinted.fr/items/8856653127
Crocs femme,Pin’s rap JUL pour crocs,3.5,13,0,Set,,https://www.vinted.fr/items/8868754089
Crocs femme,Crocs schwarz Grösse 41 / 42 M8 W10,23.0,24,0,Crocs,,https://www.vinted.fr/items/8813405073
Crocs femme,crocs classic crafted clog sabot nere velluto tg. 38,35.0,20,0,Crocs,,https://www.vinted.fr/items/8856226510
Crocs femme,Crocs 42/43 jamais porté encore neuve,35.0,17,0,Crocs,,https://www.vinted.fr/items/8868137439
Crocs femme,Ciabatte,25.0,28,0,Crocs,,https://www.vinted.fr/items/8789286265
Crocs femme,Lot charms Crocs,3.0,2,0,Crocs,,https://www.vinted.fr/items/8873742225
Crocs femme,Ballerines Crocs 37,5.0,17,0,Crocs,,https://www.vinted.fr/items/5630225389
Crocs femme,Crocs,15.0,7,0,Crocs,,https://www.vinted.fr/items/8872599706
Crocs femme,Crocs Mega crush sandal,15.0,17,0,Crocs,,https://www.vinted.fr/items/8859745679
Crocs femme,Pins Crocs,15.0,3,0,Crocs,,https://www.vinted.fr/items/8810838510
Crocs femme,Crocs Crush Sandal  roze maat 39/40,22.5,13,0,Crocs,,https://www.vinted.fr/items/8866596439
Crocs femme,simil crocs rosa pastello taglia 37,8.0,27,0,Crocs,,https://www.vinted.fr/items/8253430017
Crocs femme,Ballerinas,5.0,8,0,Crocs,,https://www.vinted.fr/items/8680761249
Crocs femme,Crocs neuve,45.0,4,0,Crocs,,https://www.vinted.fr/items/8872591047
Crocs femme,"lettres ""A N t o i n e"" pour crocs",7.0,12,0,Crocs,,https://www.vinted.fr/items/8787368762
Crocs femme,Crocs plateados con lazo,35.0,83,0,Crocs,,https://www.vinted.fr/items/8872208220
Crocs femme,Crocs baya silver glitter clog size 41-42,40.0,73,0,Crocs,,https://www.vinted.fr/items/8865838056
Crocs femme,Slippers,18.0,18,0,Crocs,,https://www.vinted.fr/items/8820582842
Crocs femme,Crocs sandales serena fleurs,20.0,13,0,Crocs,,https://www.vinted.fr/items/8808267275
Crocs femme,Crocs,9.0,15,0,Crocs,,https://www.vinted.fr/items/8821073912
Crocs femme,Sandali bellissimi,15.0,48,0,Crocs,,https://www.vinted.fr/items/8870402732
Crocs femme,Crocs,11.0,14,0,Crocs,,https://www.vinted.fr/items/8809156052
Crocs femme,Sandales crocs,15.0,25,0,Crocs,,https://www.vinted.fr/items/8797778805
Crocs femme,Pink crocs size 39-40,35.0,25,0,Crocs,,https://www.vinted.fr/items/8867113378
Crocs femme,Crocs,25.0,26,0,Crocs,,https://www.vinted.fr/items/8751757434
Crocs femme,crocs grises tailles 36/37,18.0,3,0,Crocs,,https://www.vinted.fr/items/8832404214
Crocs femme,Crocs Damen Sandalen mit Absatz,25.0,30,0,Crocs,,https://www.vinted.fr/items/8850233024
Crocs femme,Crocs neuve,45.0,4,0,Crocs,,https://www.vinted.fr/items/8872591047
Crocs femme,crocs tong,25.0,17,0,Crocs,,https://www.vinted.fr/items/8863435428
Crocs femme,Crocs Plateau,13.0,22,0,Crocs,,https://www.vinted.fr/items/8833403732
Crocs femme,Jibbitz charms Crocs,2.0,15,0,Crocs,,https://www.vinted.fr/items/8228170922
Crocs femme,Iconic comfort crocs w8- maat 38,20.0,16,0,Crocs,,https://www.vinted.fr/items/8822931188
Crocs femme,Crocs,30.0,3,0,Crocs,,https://www.vinted.fr/items/8873675198
Crocs femme,"CROCS Brooklyn Buckle beige scuro 36/37
Sabot con zeppa Brooklyn Buckle",25.0,15,0,Crocs,,https://www.vinted.fr/items/8832882235
Crocs femme,Rosa Crocs,10.0,49,0,Crocs,,https://www.vinted.fr/items/7746579586
Crocs femme,Jibbitz charms Crocs,10.0,15,0,Crocs,,https://www.vinted.fr/items/8747992810
Crocs femme,Echo clog,40.0,34,0,Crocs,,https://www.vinted.fr/items/8840730128
Crocs femme,Ballerinas von Crocs W10,11.0,40,0,Crocs,,https://www.vinted.fr/items/8753874172
Crocs femme,Crocs fourre,10.0,1,0,Crocs,,https://www.vinted.fr/items/8866085667
Crocs femme,Crocs Schuhe Mint Farbe Mintgrün Hausschuhe Badeschlappen Latschen Badeschuhe Gr. 40,8.95,20,0,Crocs,,https://www.vinted.fr/items/8808919196
Crocs femme,Crocs brown size 22/23,20.0,0,0,Crocs,,https://www.vinted.fr/items/8864546904
Crocs femme,Yeezy foam Crocs couleur blanc taille 37,25.0,19,0,Crocs,,https://www.vinted.fr/items/8858904935
Crocs femme,Crocs,9.0,21,0,Crocs,,https://www.vinted.fr/items/8851564769
Crocs femme,Crocs ins Beige,10.0,29,0,Crocs,,https://www.vinted.fr/items/8117196684
Crocs femme,Crocs  fourré,20.0,27,0,Crocs,,https://www.vinted.fr/items/8865518260
Crocs femme,Crocs,15.0,7,0,Crocs,,https://www.vinted.fr/items/8872599706
Crocs femme,Sabot crocs,12.0,7,0,Crocs,,https://www.vinted.fr/items/8774714060
Crocs femme,Crocs compensées,25.0,8,0,Crocs,,https://www.vinted.fr/items/8862490887
Crocs femme,Bijoux crocs charms,2.0,7,0,Crocs,,https://www.vinted.fr/items/8484471027
Crocs femme,Ballerines Crocs,4.0,19,0,Crocs,,https://www.vinted.fr/items/7196573484
Crocs femme,Crocs jaune,20.0,10,0,Crocs,,https://www.vinted.fr/items/8816922138
Crocs femme,Crocs,25.0,4,0,Crocs,,https://www.vinted.fr/items/8824426891
Crocs femme,Lot neuf de 20 charms pin's pour crocs pokémon pikachu carapuce pins,7.0,1,0,sans marque,,https://www.vinted.fr/items/8872896599
Crocs femme,Botas impermeables de crocs,14.0,10,0,Crocs,,https://www.vinted.fr/items/8872473340
Crocs femme,Crocs Damen slides Größe 38-39,12.0,4,0,Crocs,,https://www.vinted.fr/items/8871075107
Crocs femme,Crocs Iconic Comfort,15.0,22,0,Crocs,,https://www.vinted.fr/items/8775653600
Crocs femme,Simili crocs,18.0,38,0,Crocs,,https://www.vinted.fr/items/8773755315
Crocs femme,Crocs scarpa da vela tg uk4 blu e bianco,15.0,10,0,Crocs,,https://www.vinted.fr/items/8810935233
Crocs femme,Croc's,5.0,20,0,Crocs,,https://www.vinted.fr/items/7553539035
Crocs femme,Crocs ballerines,15.0,40,0,Crocs,,https://www.vinted.fr/items/8696227560
Crocs femme,Sandali Crocs Brooklyn Cork Buckle - Taglia 34/35 - NUOVI,28.0,84,0,Crocs,,https://www.vinted.fr/items/8820573222
Crocs femme,Croc Slippers,13.0,27,0,Crocs,,https://www.vinted.fr/items/8862679273
Crocs femme,Lot de 10 pins pour crocs,20.0,5,0,Crocs,,https://www.vinted.fr/items/8860752362
Crocs femme,Chaussures crocs,5.0,26,0,Crocs,,https://www.vinted.fr/items/7716839837
Crocs femme,Sandali Crocs Brooklyn Low Wedge,27.0,48,0,Crocs,,https://www.vinted.fr/items/8814703398
Crocs femme,Classic Crush Rain Boot,35.0,35,0,Crocs,,https://www.vinted.fr/items/8867840513
Crocs femme,Crocs,25.0,4,0,Crocs,,https://www.vinted.fr/items/8855312719
Crocs femme,Crocs roses,25.0,15,0,Crocs,,https://www.vinted.fr/items/8781056014
Crocs femme,Crocs,6.0,17,0,Crocs,,https://www.vinted.fr/items/8049520400
Crocs femme,Unisex crocs,5.0,22,0,Crocs,,https://www.vinted.fr/items/8349544477
Crocs femme,Platform crocs,25.0,22,0,Crocs,,https://www.vinted.fr/items/8823805919
Crocs femme,Crocs compensées,30.0,12,0,Crocs,,https://www.vinted.fr/items/8796926372
Crocs femme,Crocs Classic Clog color Taupe nuevas talla 35 36,40.0,9,0,Crocs,,https://www.vinted.fr/items/8862151671
Crocs femme,"Crocs Clogs classic in de kleur Lavender, maat EU 38-39 (gebruikt, maar nog in een prima staat)",49.0,8,0,Crocs,,https://www.vinted.fr/items/8864536216
Crocs femme,Pin’s crocs,1.0,15,0,Crocs,,https://www.vinted.fr/items/6389293541
Crocs femme,Crocs rot Kinder/Erwachsene Unisex,10.0,18,0,Crocs,,https://www.vinted.fr/items/8833081221
Crocs femme,Sabot crocs neuf,35.0,8,0,Crocs,,https://www.vinted.fr/items/8864521347
Crocs femme,Crocs,8.0,15,0,Crocs,,https://www.vinted.fr/items/6830793389
Crocs femme,Crocs Miami Ankle Strap Sandal,28.3,46,0,Crocs,,https://www.vinted.fr/items/8842172465
Crocs femme,croc beige,10.0,19,0,Crocs,,https://www.vinted.fr/items/6971314202
Crocs femme,Crocs donna azzurre. Numero 38,23.0,15,0,Crocs,,https://www.vinted.fr/items/8852513388
Crocs femme,Crocs novas,23.9,11,0,Crocs,,https://www.vinted.fr/items/8865302147
Crocs femme,Crocs mixte,20.0,15,0,Crocs,,https://www.vinted.fr/items/8863534660
Crocs femme,Ciabatta Crocs tg 36 nera,12.0,18,0,Crocs,,https://www.vinted.fr/items/8833594338
Crocs femme,Crocs Platform,35.0,35,0,Crocs,,https://www.vinted.fr/items/8834704501
Crocs femme,Ciabatte Crocs n.39,12.0,11,0,Crocs,,https://www.vinted.fr/items/8829294074
Crocs femme,Crocs Ballerina W 10 41/42 / Leo Crocs,20.0,26,0,Crocs,,https://www.vinted.fr/items/8823767338
Crocs femme,Crocs neuves,30.0,9,0,Crocs,,https://www.vinted.fr/items/8860744930
Crocs femme,Chaussure Crocs femme,35.0,12,0,Crocs,,https://www.vinted.fr/items/8825573572
Crocs femme,"Crocs, size 8",7.0,18,0,Crocs,,https://www.vinted.fr/items/8866064814
Crocs femme,Crocs 42/43 jamais porté encore neuve,35.0,17,0,Crocs,,https://www.vinted.fr/items/8868137439
Crocs femme,Crocs sabots fourrés 36/37,10.0,36,0,Crocs,,https://www.vinted.fr/items/6780083118
Crocs femme,Crocs rose fourrées,30.0,26,0,Crocs,,https://www.vinted.fr/items/8795838807
Crocs femme,Crocs Getaway Platform – bequem & stylisch,10.0,8,0,Crocs,,https://www.vinted.fr/items/8805369808
Crocs femme,Baskets Crocs LiteRide 206705 - Noir - Pointure W7 (37),15.0,4,0,Crocs,,https://www.vinted.fr/items/8829407016
Crocs femme,Crocs plateforme,35.0,21,0,Crocs,,https://www.vinted.fr/items/8870608917
Crocs femme,Crocs Jibbitz Smiley,2.5,12,0,Crocs,,https://www.vinted.fr/items/8454898620
Crocs femme,Crocs Tote Bag,25.0,109,0,Crocs,,https://www.vinted.fr/items/8821340832
Crocs femme,Crocs (SANS les pins),15.0,58,0,Crocs,,https://www.vinted.fr/items/8006949974
Crocs femme,Crocs noir sandales,17.0,38,0,Crocs,,https://www.vinted.fr/items/8776357755
Crocs femme,Crocs platform,30.0,57,0,Crocs,,https://www.vinted.fr/items/8778220339
Crocs femme,Crocs femme,17.0,3,0,Crocs,,https://www.vinted.fr/items/8866691009
Crocs femme,Chaussons cars rouge pointure 37 Crocs flash macqueen,37.0,5,0,Crocs,,https://www.vinted.fr/items/8867456563
Crocs femme,Crocs slides,20.0,47,0,Crocs,,https://www.vinted.fr/items/8737327363
Crocs femme,"CROCS dames sandalen , mt 39, mt 6",12.0,29,0,Crocs,,https://www.vinted.fr/items/8665361092
Crocs femme,Crocs schwarz M 6 W 8 Größe 38/39,16.0,22,0,Crocs,,https://www.vinted.fr/items/8774099437
Crocs femme,Breloques jibbitz pins avocado chef,7.5,15,0,Crocs,,https://www.vinted.fr/items/8874101703
Crocs femme,crocs classic crafted clog sabot nere velluto tg. 38,35.0,20,0,Crocs,,https://www.vinted.fr/items/8856226510
Crocs femme,💛 Crocs Classic Crush Clog Yellow 37-38 New 💛,39.0,57,0,Crocs,,https://www.vinted.fr/items/8868592971
Crocs femme,Crocs plataforma,35.0,3,0,Crocs,,https://www.vinted.fr/items/8873985529
Crocs femme,Crocs invierno talla 38/39 nuevos,24.0,41,0,Crocs,,https://www.vinted.fr/items/8748699200
Crocs femme,Goed uitziende Crocs,15.0,73,0,Crocs,,https://www.vinted.fr/items/5819108218
Crocs femme,Iconic comfort crocs w8- maat 38,20.0,16,0,Crocs,,https://www.vinted.fr/items/8822931188
Crocs femme,Simili crocs,18.0,38,0,Crocs,,https://www.vinted.fr/items/8773755315
Crocs femme,Crocs Crush Clog Platform Plateau Quartz 39 40 Neu Etikett,30.0,59,0,Crocs,,https://www.vinted.fr/items/8842072682
Crocs femme,Crocs Miami Ankle Strap Sandal,28.3,46,0,Crocs,,https://www.vinted.fr/items/8842172465
Crocs femme,Crocs,14.0,11,0,Crocs,,https://www.vinted.fr/items/8848746906
Crocs femme,"Crocs Clogs classic in de kleur Lavender, maat EU 38-39 (gebruikt, maar nog in een prima staat)",49.0,8,0,Crocs,,https://www.vinted.fr/items/8864536216
Crocs femme,Sabot crocs neuf,35.0,8,0,Crocs,,https://www.vinted.fr/items/8864521347
Crocs femme,Crocs schoenen,10.0,10,0,Crocs,,https://www.vinted.fr/items/8762601130
Crocs femme,Chaussures crocs,30.0,11,0,Crocs,,https://www.vinted.fr/items/8851893523
Crocs femme,Crocs Crush Sandal Gr 40 W8 M7 schwarz,33.0,3,0,Crocs,,https://www.vinted.fr/items/8871255612
Crocs femme,Gefütterte Crocs Clogs – Größe 41 M8/W10– sehr gut,18.0,5,0,Crocs,,https://www.vinted.fr/items/8869260209
Crocs femme,Crocs,10.0,28,0,Crocs,,https://www.vinted.fr/items/7674527596
Crocs femme,Crocs bag,20.0,12,0,Crocs,,https://www.vinted.fr/items/8845231370
Crocs femme,croc beige,10.0,19,0,Crocs,,https://www.vinted.fr/items/6971314202
Crocs femme,Jibbitz 3 D chateau princesse,5.0,0,0,Crocs,,https://www.vinted.fr/items/8866340895
Crocs femme,Baskets Crocs LiteRide 206705 - Noir - Pointure W7 (37),15.0,4,0,Crocs,,https://www.vinted.fr/items/8829407016
Crocs femme,Crocs slippers,20.0,17,0,Crocs,,https://www.vinted.fr/items/8857505105
Crocs femme,"Crocs-Ironic comfort 37,5",12.0,40,0,Crocs,,https://www.vinted.fr/items/8461966435
Crocs femme,Charms Crocs Enfermería Medicina,2.0,28,0,Crocs,,https://www.vinted.fr/items/8683575071
Crocs femme,Croc Slippers,13.0,27,0,Crocs,,https://www.vinted.fr/items/8862679273
Crocs femme,Crocs Pink maat US  W7,15.0,30,0,Crocs,,https://www.vinted.fr/items/8753085198
Crocs femme,Classic Crush Rain Boot,35.0,35,0,Crocs,,https://www.vinted.fr/items/8867840513
Crocs femme,CROCS Schnürr- und Schlumpfschuh Gr. 39,12.0,0,0,Crocs,,https://www.vinted.fr/items/8874556908
Crocs femme,Crocs 36/37,14.0,7,0,Crocs,,https://www.vinted.fr/items/8855711008
Crocs femme,Mocassins Crocs Pointure 41,9.0,25,0,Crocs,,https://www.vinted.fr/items/8783780234
Crocs femme,Pin’s pour crocs,4.0,8,0,Crocs,,https://www.vinted.fr/items/8691096964
Crocs femme,Jibbitz crocs nourriture smiley,5.0,12,0,Crocs,,https://www.vinted.fr/items/8388017546
Crocs femme,Crocs réglables neuves,30.0,26,0,Crocs,,https://www.vinted.fr/items/8834554818
Crocs femme,Crocs sabots fourrés 36/37,10.0,36,0,Crocs,,https://www.vinted.fr/items/6780083118
Crocs femme,Super bequeme Crocs,10.0,61,0,Crocs,,https://www.vinted.fr/items/8424288312
Crocs femme,Crocs Damen Getaway Platform H-Strap,5.0,12,0,Crocs,,https://www.vinted.fr/items/8489356516
Crocs femme,Crocs vendu avec pins,75.0,99,0,Crocs,,https://www.vinted.fr/items/8819282508
Crocs femme,Bailarinas Crocs,29.0,10,0,Crocs,,https://www.vinted.fr/items/8861974263
Crocs femme,Crocs sleehak,7.5,22,0,Crocs,,https://www.vinted.fr/items/8702145546
Crocs femme,Crocs donna azzurre. Numero 38,23.0,15,0,Crocs,,https://www.vinted.fr/items/8852513388
Crocs femme,Ballerinas /Crocs /8,7.5,23,0,Crocs,,https://www.vinted.fr/items/8763975801
Crocs femme,Crocs / slipper / maat 37-38,15.0,21,0,Crocs,,https://www.vinted.fr/items/8786914066
Crocs femme,Crocs Ballerinas  W 8,13.0,23,0,Crocs,,https://www.vinted.fr/items/8829834475
Crocs femme,platform whre crocs,12.0,9,0,Crocs,,https://www.vinted.fr/items/8838383424
Crocs femme,Sandali bellissimi,15.0,48,0,Crocs,,https://www.vinted.fr/items/8870402732
Crocs femme,Ciabatte Crocs baya seasonal nuove,29.99,33,0,Crocs,,https://www.vinted.fr/items/8841310687
Crocs femme,Crocs nieuwe sneakers,36.0,23,0,Crocs,,https://www.vinted.fr/items/8856217810
Crocs femme,Sabot crocs,30.0,25,0,Crocs,,https://www.vinted.fr/items/8795153832
Crocs femme,crocs,25.0,5,0,Crocs,,https://www.vinted.fr/items/8861663546
Crocs femme,Charms chat pour chaussures crocs,6.9,6,0,Crocs,,https://www.vinted.fr/items/8873247173
Crocs femme,Crocs noires,19.0,8,0,Crocs,,https://www.vinted.fr/items/8824338922
Crocs femme,Zuecos de colores Unisex,18.0,8,0,Crocs,,https://www.vinted.fr/items/8815392361
Crocs femme,Crocs compensées beige 36,45.0,23,0,Crocs,,https://www.vinted.fr/items/8846370683
Crocs femme,Crocs Femmes Original/ 36-37,35.0,22,0,Crocs,,https://www.vinted.fr/items/8859225592
Crocs femme,Crocs bianche 38,9.0,25,0,Crocs,,https://www.vinted.fr/items/7656599622
Crocs femme,Crocs,32.5,6,0,Crocs,,https://www.vinted.fr/items/8849114635
Crocs femme,Leder Schuhe von Crocs,7.0,28,0,Crocs,,https://www.vinted.fr/items/8853541215
Crocs femme,Crocs,24.75,20,0,Crocs,,https://www.vinted.fr/items/8760637001
Crocs femme,Crocs Zehentreter,10.0,20,0,Crocs,,https://www.vinted.fr/items/8861853641
Crocs femme,💛 Crocs Classic Crush Clog Yellow 37-38 New 💛,39.0,57,0,Crocs,,https://www.vinted.fr/items/8868592971
Crocs femme,Bailarina Crocs,30.0,17,0,Crocs,,https://www.vinted.fr/items/8851799655
Crocs femme,Crocs platform,35.0,8,0,Crocs,,https://www.vinted.fr/items/8813792248
Crocs femme,Crocs femme neuve,29.0,12,0,Crocs,,https://www.vinted.fr/items/8858998202
Crocs femme,"Chaussures, crocs",20.0,14,0,Crocs,,https://www.vinted.fr/items/8752649731
Crocs femme,"Boucles d'oreilles fantaisie ""thème Crocs""",3.0,5,0,,,https://www.vinted.fr/items/8867751912
Crocs femme,Crocs Batman,45.0,40,0,Crocs,,https://www.vinted.fr/items/8810138823
Crocs femme,Crocs mega crush sandals,35.0,72,0,Crocs,,https://www.vinted.fr/items/8784137477
Crocs femme,"Crocs Plateau-Sandalen, sehr bequem, weite W",10.0,20,0,Crocs,,https://www.vinted.fr/items/8814557315
Crocs femme,Crocs Bride,45.0,15,0,Crocs,,https://www.vinted.fr/items/8861157675
Crocs femme,Charms Crocs,1.5,21,0,Crocs,,https://www.vinted.fr/items/3854199493
Crocs femme,Crocs Brooklyn sandali,25.0,23,0,Crocs,,https://www.vinted.fr/items/8834318182
Crocs femme,Crocs con tacco,17.0,27,0,Crocs,,https://www.vinted.fr/items/8833939519
Crocs femme,Crocs w7 37-38,20.0,33,0,Crocs,,https://www.vinted.fr/items/8815283229
Crocs femme,Crocs Classic rose,35.0,32,0,Crocs,,https://www.vinted.fr/items/8809784666
Crocs femme,Banana print crocs like new,30.0,11,0,Crocs,,https://www.vinted.fr/items/8860793299
Crocs femme,Crocs brooklyn low wedge,32.0,20,0,Crocs,,https://www.vinted.fr/items/8834715811
Crocs femme,zuecos Crocs Classic All-Terrain,25.0,51,0,Crocs,,https://www.vinted.fr/items/8830767156
Crocs femme,crics rosso,3.0,8,0,Crocs,,https://www.vinted.fr/items/7503017907
Crocs femme,rocs Plateau Sandalen schwarz Gr. W8 / EU 39–40 🖤,24.0,24,0,Crocs,,https://www.vinted.fr/items/8852000009
Crocs femme,Jibbitz crocs,3.0,35,0,Crocs,,https://www.vinted.fr/items/8844123025
Crocs femme,"Chaussures Crocs fermées à lacets LiteRide , marine, taille W6(36)",10.0,3,0,Crocs,,https://www.vinted.fr/items/8804273005
Crocs femme,Tongs,8.0,6,0,Crocs,,https://www.vinted.fr/items/8807793086
Crocs femme,Crocs,10.0,1,0,Crocs,,https://www.vinted.fr/items/8862965401
Crocs femme,"Sandalias Crocs negras, talla 36",20.0,25,0,Crocs,,https://www.vinted.fr/items/8842016977
Crocs femme,nieuwe Crocs Miami sandalen 41/42,30.0,34,0,Crocs,,https://www.vinted.fr/items/8853983539
Crocs femme,Crocs Rose | 33,18.0,10,0,Crocs,,https://www.vinted.fr/items/8867082947
Crocs femme,Crocs Miami jelly Sandalen,30.0,4,0,Crocs,,https://www.vinted.fr/items/8872837704
Crocs femme,pins crocs,3.0,8,0,Crocs,,https://www.vinted.fr/items/8859839694
Crocs femme,Crocs Flipflops schwarz Gummi Badelatschen 36 6,12.0,6,0,Crocs,,https://www.vinted.fr/items/8867305587
Crocs femme,Crocs zwarte flatjes,12.5,9,0,Crocs,,https://www.vinted.fr/items/8855499938
Crocs femme,Crocs in Größe 4-5,12.99,5,0,Crocs,,https://www.vinted.fr/items/8864953312
Crocs femme,Crocs plataforma verdes 38/39,25.0,62,0,Crocs,,https://www.vinted.fr/items/8846986783
Crocs femme,Crocs etiqueta 37/38 nuevas,35.0,10,0,Crocs,,https://www.vinted.fr/items/8862936113
Crocs femme,Crocs ballerina W9,6.0,21,0,Crocs,,https://www.vinted.fr/items/6903543648
Crocs femme,Crocs cloutées,30.0,9,0,Crocs,,https://www.vinted.fr/items/8846706975
Crocs femme,Crocs Comfort,10.0,42,0,Crocs,,https://www.vinted.fr/items/6846315356
Crocs femme,Crocs,12.0,43,0,Crocs,,https://www.vinted.fr/items/8649615737
Crocs femme,Crocs Gefüttert Flieder/Lila Gr. 37 Cozy 💜,7.0,14,0,Crocs,,https://www.vinted.fr/items/8852791632
Crocs femme,Crocs,7.0,5,0,marque indépendante,,https://www.vinted.fr/items/8857817581
Crocs femme,Crocs gris anthracite,35.0,32,0,Crocs,,https://www.vinted.fr/items/8795707639
Crocs femme,Crocs Crush clog,45.0,20,0,Crocs,,https://www.vinted.fr/items/8834465245
Stanley bottle,Stanley-style thermal mug 1.2L with handle,20.0,29,0,Stanley,,https://www.vinted.fr/items/8832621053
Stanley bottle,Gourde Stanley avec sangle rose,50.0,0,0,Stanley,,https://www.vinted.fr/items/8875779490
Stanley bottle,Stanley All Day Bottle - Rose Quartz,30.0,0,0,Stanley,,https://www.vinted.fr/items/8875773974
Stanley bottle,Stanley,20.0,31,0,Stanley,,https://www.vinted.fr/items/8873653380
Stanley bottle,Bottle Stanley,20.0,0,0,Stanley,,https://www.vinted.fr/items/8875384869
Stanley bottle,Taylor Swift Stanley,25.0,19,0,Stanley,,https://www.vinted.fr/items/8872056179
Stanley bottle,Stanley Quencher 18oz,30.0,95,0,Stanley,,https://www.vinted.fr/items/8858591579
Stanley bottle,Stanley Stainless Steel Bottle 591 ml,35.0,18,0,Stanley,,https://www.vinted.fr/items/8858866179
Stanley bottle,Stanley Quencher Travel Mug Cup,23.0,14,0,Stanley,,https://www.vinted.fr/items/8871919749
Stanley bottle,Stanley Iceflow Bottle Flip Straw 2.0,35.0,87,0,Stanley,,https://www.vinted.fr/items/8863187412
Stanley bottle,"Stanley cup 1,18L",40.0,0,0,Stanley,,https://www.vinted.fr/items/8875457611
Stanley bottle,"Stanley Iceflow Bottle 0,6l 20Oz",25.0,40,0,Stanley,,https://www.vinted.fr/items/8786544258
Stanley bottle,Purple/Blue Stanley 30oz water bottle,12.0,28,0,Stanley,,https://www.vinted.fr/items/8868291342
Stanley bottle,Termo Stanley Iceflow Bottle 16oz,28.0,22,0,Stanley,,https://www.vinted.fr/items/8832290595
Stanley bottle,"Stanley Iceflow Bottle | 0,6L | Nieuw",34.0,23,0,Stanley,,https://www.vinted.fr/items/8798270644
Stanley bottle,"Stanley Slim Bottle | 0,59L | Nieuw",31.0,23,0,Stanley,,https://www.vinted.fr/items/8798237317
Stanley bottle,Stanley cup,40.0,12,0,Stanley,,https://www.vinted.fr/items/8869352515
Stanley bottle,Stanley Transit Mug 473ml,28.0,85,0,Stanley,,https://www.vinted.fr/items/8776567452
Stanley bottle,Stanley Cashmere gold detailed color IceFlow Flip Straw 2.0 Tumbler | 0.89L,30.0,55,0,Stanley,,https://www.vinted.fr/items/8766223728
Stanley bottle,Stanley Thermo bottle 1L,40.0,55,0,Stanley,,https://www.vinted.fr/items/8741850198
Stanley bottle,Stanley Cup,35.0,5,0,Stanley,,https://www.vinted.fr/items/8869350703
Stanley bottle,Stanley The AeroLight 473 ml Transit Bottle Mocha Latte,55.0,17,0,Stanley,,https://www.vinted.fr/items/8848529310
Stanley bottle,"Stanley Classic Bottle 1,9 l",45.0,17,0,Stanley,,https://www.vinted.fr/items/8819621176
Stanley bottle,Stanley cup,35.0,9,0,Stanley,,https://www.vinted.fr/items/8869357701
Stanley bottle,Stanley cup,30.0,21,0,Stanley,,https://www.vinted.fr/items/8862376518
Stanley bottle,Stanley Stainless Steel drinkbeker,29.99,121,0,Stanley,,https://www.vinted.fr/items/8748600245
Stanley bottle,Stanley tumbler,25.0,0,0,Stanley,,https://www.vinted.fr/items/8864991917
Stanley bottle,Stanley classic bottle,50.0,29,0,Stanley,,https://www.vinted.fr/items/8858802929
Stanley bottle,"Stanley Slim Bottle | 0,59L | Nieuw",31.0,21,0,Stanley,,https://www.vinted.fr/items/8798245038
Stanley bottle,Stanley tumbler 1.18 litres,33.0,38,0,Stanley,,https://www.vinted.fr/items/8855171592
Stanley bottle,Stanley cup light blue 🩵,35.0,58,0,Stanley,,https://www.vinted.fr/items/8856455114
Stanley bottle,Stanley,25.0,13,0,Stanley,,https://www.vinted.fr/items/8864960986
Stanley bottle,Stanley Quencher H2.0 FlowState Tumbler 1.18L,30.0,26,0,Stanley,,https://www.vinted.fr/items/8861097792
Stanley bottle,"Stanley Slim Bottle | 0,59L | Nieuw",31.0,11,0,Stanley,,https://www.vinted.fr/items/8798223722
Stanley bottle,brand new stanley cup tumbler,25.0,118,0,Stanley,,https://www.vinted.fr/items/8806390463
Stanley bottle,Stanley | Aerolight Iceflow Bottle (nieuw),27.5,52,0,Stanley,,https://www.vinted.fr/items/8688927105
Stanley bottle,Stanley Transit Mug 473ml,28.0,49,0,Stanley,,https://www.vinted.fr/items/8769036397
Stanley bottle,Stanley | Activate Shaker Bottle (nieuw),42.5,38,0,Stanley,,https://www.vinted.fr/items/8777112078
Stanley bottle,"Stanley Iceflow Bottle | 0,6L | Nieuw",34.0,37,0,Stanley,,https://www.vinted.fr/items/8798275459
Stanley bottle,Stanley Cup,40.0,2,0,Stanley,,https://www.vinted.fr/items/8872863783
Stanley bottle,Stanley Clutch Bottle 473ml,60.0,4,0,Stanley,,https://www.vinted.fr/items/8837558731
Stanley bottle,Stanley Classic Bottle 1L Thermosflasche Original,50.0,19,0,Stanley,,https://www.vinted.fr/items/8839551052
Stanley bottle,Stanley Cross Bottle 680ml,45.0,26,0,Stanley,,https://www.vinted.fr/items/8772635514
Stanley bottle,Stanley peach,25.0,13,0,Stanley,,https://www.vinted.fr/items/8833480999
Stanley bottle,"Stanley Iceflow Bottle | 0,6L | Nieuw",34.0,9,0,Stanley,,https://www.vinted.fr/items/8798263622
Stanley bottle,Stanley | Classic Wellspring Bottle (nieuw),27.5,38,0,Stanley,,https://www.vinted.fr/items/8784643870
Stanley bottle,Stanley cup,20.0,105,0,Stanley,,https://www.vinted.fr/items/8375918171
Stanley bottle,Stanley 1913 Classic Legendary Thermos,63.0,5,0,Stanley,,https://www.vinted.fr/items/8858390697
Stanley bottle,Stanley Quencher H2.O FlowState M Tumbler 40 OZ Hot Coral,32.0,19,0,Stanley,,https://www.vinted.fr/items/8854804232
Stanley bottle,Stanley Transit Mug 473ml,28.0,45,0,Stanley,,https://www.vinted.fr/items/8768410701
Stanley bottle,Stanley Classic Bottle,50.0,0,0,Stanley,,https://www.vinted.fr/items/8867563750
Stanley bottle,Stanley IceFlow Flip Straw Tumbler | 20 oz / 0.6 L | Never Used,29.0,15,0,Stanley,,https://www.vinted.fr/items/8800518152
Stanley bottle,Water bottle Stanley 887 ml.,25.0,7,0,Stanley,,https://www.vinted.fr/items/8715061866
Stanley bottle,Stanley bottle botella,37.0,84,0,Stanley,,https://www.vinted.fr/items/8153134009
Stanley bottle,Stanley iceflow  Bottle,65.0,8,0,Stanley,,https://www.vinted.fr/items/8649136014
Stanley bottle,"Stanley Bottle Flasche Thermoflasche 1,9l 1.9l",54.99,26,0,Stanley,,https://www.vinted.fr/items/8667432599
Stanley bottle,Stanley,35.0,40,0,Stanley,,https://www.vinted.fr/items/8666603404
Stanley bottle,Stanley water bottle,36.0,5,0,Stanley,,https://www.vinted.fr/items/8839096890
Stanley bottle,Brand new Stanley cup,33.0,44,0,Stanley,,https://www.vinted.fr/items/8838681985
Stanley bottle,Stanley Labubu,25.0,12,0,Stanley,,https://www.vinted.fr/items/8821205635
Stanley bottle,Stanley cup,45.0,15,0,Stanley,,https://www.vinted.fr/items/8808130210
Stanley bottle,Stanley Black Mug,25.0,46,0,Stanley,,https://www.vinted.fr/items/8737351330
Stanley bottle,Stanley Classic vacuum bottle 1L,50.0,5,0,Stanley,,https://www.vinted.fr/items/8647803350
Stanley bottle,Stanley cup,40.0,2,0,Stanley,,https://www.vinted.fr/items/8869381238
Stanley bottle,Stanley cup,40.0,8,0,Stanley,,https://www.vinted.fr/items/8869369947
Stanley bottle,Coffret cadeau tasses,75.0,9,0,Stanley,,https://www.vinted.fr/items/8757815994
Stanley bottle,stanley,28.0,21,0,Stanley,,https://www.vinted.fr/items/8757516986
Stanley bottle,Stanley Classic Legendary Thermo bottle,45.0,72,0,Stanley,,https://www.vinted.fr/items/8020003551
Stanley bottle,Ice molds for Stanley bottles,9.0,11,0,Stanley,,https://www.vinted.fr/items/8837284643
Stanley bottle,Stanley Quencher H2.0 FlowState 40oz 1.18L Tumbler Thermos Hydratation Premium,37.0,5,0,Stanley,,https://www.vinted.fr/items/8859334315
Stanley bottle,Tumbler Bottle Bottle Luna 887ml (30oz) - NEUF - Noir Mat,18.0,9,0,Bottle Bottle,,https://www.vinted.fr/items/8858265678
Stanley bottle,Stanley Iceflow Bottle,29.0,60,0,Stanley,,https://www.vinted.fr/items/6012737419
Stanley bottle,"Stanley Chassis Bottle 1,9 Liter",44.0,0,0,Stanley,,https://www.vinted.fr/items/8864523616
Stanley bottle,Stanley Quencher H2.0 Tumbler,25.0,16,0,Stanley,,https://www.vinted.fr/items/8789585717
Stanley bottle,Stanley the Aerolight Iceflow bottle lilac flip straw,47.5,48,0,Stanley,,https://www.vinted.fr/items/8288032385
Stanley bottle,Stanley,35.0,65,0,Stanley,,https://www.vinted.fr/items/8617846018
Stanley bottle,stanley bottle,56.0,11,0,Stanley,,https://www.vinted.fr/items/8663771407
Stanley bottle,Stanley’s bottle holder,3.0,17,0,,,https://www.vinted.fr/items/8627207526
Stanley bottle,Gourde Isotherme Bottle Bottle Luna 887ml + Paille & Accessoires - NEUF,17.0,11,0,bottlebottle,,https://www.vinted.fr/items/8828801304
Stanley bottle,Termo Stanley 1L,35.0,19,0,Stanley,,https://www.vinted.fr/items/8541580745
Stanley bottle,Stanley - IceFlow Flip Straw 2.0 Tumbler | 0.59L,50.0,98,0,Stanley,,https://www.vinted.fr/items/8273140246
Stanley bottle,Stanley 1913 Classic Legendary Bottle 1.0 L,37.0,30,0,Stanley,,https://www.vinted.fr/items/8592851813
Stanley bottle,Stanley,35.0,31,0,Stanley,,https://www.vinted.fr/items/8441525170
Stanley bottle,Stanley Iceflow Bottle 1.1 l Cup Flasche thermo straw,45.0,148,0,Stanley,,https://www.vinted.fr/items/7897978254
Stanley bottle,Light pink Stanley,23.0,3,0,Stanley,,https://www.vinted.fr/items/8858351691
Stanley bottle,New Stanley bottle (final price),35.0,45,0,Stanley,,https://www.vinted.fr/items/6987662615
Stanley bottle,Stanley Classic Bottle,60.0,18,0,Stanley,,https://www.vinted.fr/items/8326689736
Stanley bottle,Stanley Cup Iceflow Bottle,40.0,7,0,Stanley,,https://www.vinted.fr/items/8752924997
Stanley bottle,Stanley Cross,75.0,10,0,Stanley,,https://www.vinted.fr/items/8014826962
Stanley bottle,Stanley Legendary Classic Bottle 0.94L,60.0,11,0,Stanley,,https://www.vinted.fr/items/8613014807
Stanley bottle,Isolierflasche the ice flow bottle fast flow Stanley,30.0,80,0,Stanley,,https://www.vinted.fr/items/8623638408
Stanley bottle,IceFlow Bottle StanLey 24oz -710ml,50.0,2,0,Stanley,,https://www.vinted.fr/items/8796565752
Stanley bottle,Borraccia termica Go Bottle - Stanley,25.0,8,0,Stanley,,https://www.vinted.fr/items/8745105062
Stanley bottle,Stanley 1L bottle,33.0,4,0,Stanley,,https://www.vinted.fr/items/8774442149
Stanley bottle,Stanley cup,24.0,15,0,Stanley/Stella,,https://www.vinted.fr/items/8448481460
Stanley bottle,Bottle holder,15.0,58,0,Stanley,,https://www.vinted.fr/items/7992908963
Stanley bottle,Stanley Cup quencher,23.0,20,0,Stanley,,https://www.vinted.fr/items/8375159891
Stanley bottle,stanley cup hardly used,25.0,42,0,Stanley,,https://www.vinted.fr/items/8716582401
Stanley bottle,Limited Edition Stanley x LoveShackFancy Quencher,70.0,43,0,Stanley,,https://www.vinted.fr/items/8042337963
Stanley bottle,Stanley Quencher Tumbler,25.0,1,0,Stanley,,https://www.vinted.fr/items/8853534343
Stanley bottle,Labubu stanley tumbler,70.0,11,0,Stanley,,https://www.vinted.fr/items/8767053921
Stanley bottle,Stanley cup,24.0,15,0,Stanley/Stella,,https://www.vinted.fr/items/8448481460
Stanley bottle,Stanley cup,30.0,7,0,Stanley,,https://www.vinted.fr/items/8845157576
Stanley bottle,Barbie Stanley,17.0,5,0,Stanley,,https://www.vinted.fr/items/8788395666
Stanley bottle,Rose quartz Stanley cup,10.0,66,0,Stanley,,https://www.vinted.fr/items/8027753991
Stanley bottle,Blue and yellow Stanley,35.0,17,0,Stanley,,https://www.vinted.fr/items/8645485692
Stanley bottle,Stanley Slim Bottle Rosé Flasche / All Day 20oz / Sold Out,75.0,3,0,Stanley,,https://www.vinted.fr/items/8772117904
Stanley bottle,Stanley Cup 1Litre,20.0,18,0,Stanley,,https://www.vinted.fr/items/8401687501
Stanley bottle,Light pink Stanley,23.0,3,0,Stanley,,https://www.vinted.fr/items/8858351691
Stanley bottle,Stanley,40.0,24,0,Stanley,,https://www.vinted.fr/items/8484671282
Stanley bottle,Stanley 1913 x LoveShackFancy Coquette Bow - Winter Ice,80.0,44,0,Stanley,,https://www.vinted.fr/items/8434480750
Stanley bottle,Stanley cup water bottle,40.0,20,0,Stanley,,https://www.vinted.fr/items/8779944544
Stanley bottle,Stanley aerolight 710 ml,33.0,40,0,Stanley,,https://www.vinted.fr/items/8241794985
Stanley bottle,"Bottle bottle Tumbler 1,2 Liter wie Stanley Cup",14.0,9,0,Bottle Bottle,,https://www.vinted.fr/items/8711030938
Stanley bottle,"Stanley Legendary Classic Thermoskanne 1,0L – Hammerschlag Grün",29.0,1,0,Stanley,,https://www.vinted.fr/items/8860338321
Stanley bottle,"Stanley Cup iceflow 0,71 l",38.0,19,0,Stanley,,https://www.vinted.fr/items/8850279255
Stanley bottle,Stanley Cup X Wicked,15.0,4,0,Wicked,,https://www.vinted.fr/items/8726296663
Stanley bottle,Stanley All Day Slim Bottle Rose Quartz | 0.59L,40.0,45,0,Stanley,,https://www.vinted.fr/items/7828823930
Stanley bottle,Stanley Active Shaker - Pine Green,45.0,0,0,Stanley,,https://www.vinted.fr/items/8869045698
Stanley bottle,water bottle stanley,30.0,4,0,Stanley,,https://www.vinted.fr/items/8641603984
Stanley bottle,Stanley cup,30.0,18,0,Stanley,,https://www.vinted.fr/items/8486860944
Stanley bottle,Stanley termos,31.0,16,0,Stanley,,https://www.vinted.fr/items/8547175785
Stanley bottle,Stanley Classic Bottle Xsmall Schwarz NEU,50.0,19,0,Stanley,,https://www.vinted.fr/items/7488776573
Stanley bottle,Stanley Mug-Cross Bottle,75.0,7,0,Stanley,,https://www.vinted.fr/items/8380101451
Stanley bottle,Stanley Quencher Tumbler 40oz,65.0,4,0,Stanley,,https://www.vinted.fr/items/8751923718
Stanley bottle,green stanley,25.0,9,0,Stanley,,https://www.vinted.fr/items/8390608319
Stanley bottle,Stanley,35.0,14,0,Stanley,,https://www.vinted.fr/items/8417906476
Stanley bottle,Stanley,63.0,43,0,Stanley,,https://www.vinted.fr/items/7786847834
Stanley bottle,Botella termica XXL,17.0,13,0,Stanley,,https://www.vinted.fr/items/8399079020
Stanley bottle,Stanley snack tray,14.0,14,0,Stanley,,https://www.vinted.fr/items/8198262963
Stanley bottle,Stanley Pink Tumbler with Straw – Like New,28.0,14,0,Stanley,,https://www.vinted.fr/items/8714818062
Stanley bottle,Stanley Cross Bottle,68.0,35,0,Stanley,,https://www.vinted.fr/items/7515517997
Stanley bottle,Stanley (1.2 L) - used only a few times,25.0,4,0,Stanley,,https://www.vinted.fr/items/8698117509
Stanley bottle,Borraccia Termica Stanley 1913 Classic Legendary Bottle 1.0L – Acciaio Inox Hammertone Lake / Ash,54.0,11,0,Stanley,,https://www.vinted.fr/items/8502154511
Stanley bottle,Stanley Bottle Stainless Steel,35.0,2,0,Stanley,,https://www.vinted.fr/items/8371441784
Stanley bottle,Stanley,2.5,7,0,Regatta,,https://www.vinted.fr/items/8308159426
Stanley bottle,Stanley Iceflow Bottle Flip Straw 1.1 Liter,54.99,44,0,Stanley,,https://www.vinted.fr/items/7811946744
Stanley bottle,Michelin stanley cup,5.0,8,0,Michelin,,https://www.vinted.fr/items/8483852401
Stanley bottle,Stanley Tumbler with Handle – 0.89L Flip Straw – Pink Rose Quartz,70.0,8,0,Stanley,,https://www.vinted.fr/items/8777830096
Stanley bottle,stanley,25.0,7,0,Stanley,,https://www.vinted.fr/items/8519914812
Stanley bottle,"Water bottle Stanley 1,18l",25.0,0,0,Stanley,,https://www.vinted.fr/items/8715194293
Stanley bottle,Stanley Classic Water Bottle Vacuum Bottle Insulated Hammertone Green,59.0,7,0,Stanley,,https://www.vinted.fr/items/8105424886
Stanley bottle,Stanley neon yellow bottle - 30 0z,25.0,22,0,Stanley,,https://www.vinted.fr/items/8246368212
Stanley bottle,Stanley Flip Straw- Ash Color,55.0,9,0,Stanley,,https://www.vinted.fr/items/8606947616
Stanley bottle,Stanley termos,31.0,14,0,Stanley,,https://www.vinted.fr/items/8547157522
Stanley bottle,Stanley Iceflow Bottle Termo Flip Straw Lid,60.0,28,0,Stanley,,https://www.vinted.fr/items/7470059639
Stanley bottle,Stanley quencher H2.0 Tumbler,40.0,17,0,Stanley,,https://www.vinted.fr/items/8651783085
Stanley bottle,Stanley style water bottle with leather crossbody band,12.95,3,0,SO,,https://www.vinted.fr/items/8240589940
Stanley bottle,Stanley cup,34.5,23,0,Stanley,,https://www.vinted.fr/items/8564959469
Stanley bottle,Stanley cup,25.0,2,0,Stanley,,https://www.vinted.fr/items/8808003978
Stanley bottle,"Stanley Adventure To-Go Bottle 0,75L – Neu & OVP – Schwarz",40.0,53,0,Stanley,,https://www.vinted.fr/items/8114046256
Stanley bottle,Straw covers,1.0,12,0,Amazon,,https://www.vinted.fr/items/8759082124
Stanley bottle,Stanley cup new 1 litre,35.0,23,0,Stanley,,https://www.vinted.fr/items/8590394102
Stanley bottle,Crivit Stanley Cup,12.0,1,0,Crivit,,https://www.vinted.fr/items/8783135736
Stanley bottle,Stanley x FRGMT To-Go 0.47L Bottle,80.0,9,0,Stanley,,https://www.vinted.fr/items/6862176749
Stanley bottle,Stanly,50.0,30,0,Stanley,,https://www.vinted.fr/items/8211759949
Stanley bottle,Stanley,28.5,8,0,Stanley,,https://www.vinted.fr/items/8703494277
Stanley bottle,Stanley,35.0,3,0,Stanley,,https://www.vinted.fr/items/8774507654
Stanley bottle,Kuromi stanley,7.0,37,0,Kuromi,,https://www.vinted.fr/items/8426861477
Stanley bottle,Bottle holder,25.0,7,0,Stanley,,https://www.vinted.fr/items/7992953367
Stanley bottle,stanley cup,23.0,13,0,Stanley,,https://www.vinted.fr/items/8767655204
Stanley bottle,Stanley,25.0,5,0,Stanley,,https://www.vinted.fr/items/8672518492
Stanley bottle,XL Stanley Quencher H2.0 Tumbler 40oz / 1.18L Red – FlowState Lid,39.0,23,0,Stanley,,https://www.vinted.fr/items/8646059544
Stanley bottle,Stanley gourde isotherme,47.0,8,0,Stanley,,https://www.vinted.fr/items/8146747630
Stanley bottle,Stanley Quick Flip Insulated Water Bottle,37.0,50,0,Stanley,,https://www.vinted.fr/items/6726751613
Stanley bottle,Stanley Legendary Classic Bottle - Lilac,65.0,69,0,Stanley,,https://www.vinted.fr/items/4758948408
Stanley bottle,Stanley Steel Blue water bottle,23.0,2,0,Stanley,,https://www.vinted.fr/items/8634488162
Stanley bottle,Stanley Cup,45.0,0,0,Stanley,,https://www.vinted.fr/items/8848043831
Stanley bottle,Stanley Classic Bottle Thermosflasche 1L grün neuwertig,70.0,13,0,Stanley,,https://www.vinted.fr/items/8143174744
Stanley bottle,"Stanley Quencher H2.0 FlowState 1.2L Thermal Water Bottle, Pink",34.0,8,0,Stanley,,https://www.vinted.fr/items/8725864259
Stanley bottle,"Stanley the ash quencher H flow state tumbler 1,18 litre",23.0,4,0,Stanley,,https://www.vinted.fr/items/8743225959
Stanley bottle,Stanley rose quartz,32.0,11,0,Stanley,,https://www.vinted.fr/items/8105170113
Stanley bottle,Stanley Aerolight Iceflow Fast Flow Gym Water Bottle 0.6L - Cold For 10 Hours,41.0,101,0,Stanley,,https://www.vinted.fr/items/6839841684
Stanley bottle,Official ABBA voyage water bottle,4.0,6,0,,,https://www.vinted.fr/items/8828124093
Stanley bottle,Supreme®/Stanley® 20 oz. Vacuum Insulated Bottle,49.0,18,0,Supreme,,https://www.vinted.fr/items/8387039267
Stanley bottle,New Pink Stanley bottle,45.0,26,0,Stanley,,https://www.vinted.fr/items/7184797696
Stanley bottle,Stanley Large Tumbler,30.0,0,0,Stanley,,https://www.vinted.fr/items/8845195803
Stanley bottle,"Stanley Adventure To-Go Thermal Bottle 0,75L (Thermoskanne)",48.0,27,0,Stanley,,https://www.vinted.fr/items/7855810900
Stanley bottle,Brand new Stanley cup 1 litre,35.0,10,0,Stanley,,https://www.vinted.fr/items/8590357263
Stanley bottle,Lilac Stanley cup,25.0,15,0,Stanley,,https://www.vinted.fr/items/8537347458
Stanley bottle,Supreme Stanley 20oz. Vacuum Insulated Bottle,70.0,26,0,Supreme,,https://www.vinted.fr/items/8847794642
Stanley bottle,Fake Stanley,15.0,12,0,Wicked,,https://www.vinted.fr/items/8592268827
Stanley bottle,Stanley dupe von tchibo,3.0,2,0,Tchibo,,https://www.vinted.fr/items/8676093755
Stanley bottle,L’Oréal Paris water bottle / cup,8.99,6,0,L'Oréal,,https://www.vinted.fr/items/8138250358
Stanley bottle,Christmas Stanley cup,10.0,4,0,Stanley,,https://www.vinted.fr/items/8737609288
Stanley bottle,Hello kitty Stanley,50.0,1,0,Stanley,,https://www.vinted.fr/items/8835888759
Stanley bottle,stanley iceflow bottle,50.0,24,0,Stanley,,https://www.vinted.fr/items/8418484386
Stanley bottle,Drink bottle,6.0,1,0,Amazon,,https://www.vinted.fr/items/8785316593
Stanley bottle,Stanley cup,10.0,9,0,Flying Tiger,,https://www.vinted.fr/items/7722139970
Stanley bottle,Stanley cup,59.99,0,0,Stanley,,https://www.vinted.fr/items/8863194512
Stanley bottle,Diamond Stanley,5.0,16,0,Primark,,https://www.vinted.fr/items/8450451648
Stanley bottle,Stanley,65.0,79,0,Stanley,,https://www.vinted.fr/items/7776591133
Stanley bottle,Stanley Classic Water Bottle Mug Flasche Navy Blue Blau NEU,59.0,2,0,Stanley,,https://www.vinted.fr/items/8158411393
Stanley bottle,Stanley Cup,45.0,0,0,Stanley,,https://www.vinted.fr/items/8848043831
Stanley bottle,The nez Stqnley zqter bottle,45.0,8,0,Stanley,,https://www.vinted.fr/items/7420333637
Stanley bottle,Stanley dupe,3.0,1,0,Primark,,https://www.vinted.fr/items/8123042030
Stanley bottle,Stanley snack tray,14.0,14,0,Stanley,,https://www.vinted.fr/items/8198262963
Stanley bottle,Stanley cup,10.0,9,0,Flying Tiger,,https://www.vinted.fr/items/7722139970
Stanley bottle,Drink bottle,6.0,1,0,Amazon,,https://www.vinted.fr/items/8785316593
Stanley bottle,Stanley Water Drink Bottle,29.0,6,0,Stanley,,https://www.vinted.fr/items/7949559443
Stanley bottle,Stanley purple (new),46.0,27,0,stanley cup,,https://www.vinted.fr/items/4357279330
Stanley bottle,Stanley x LoveShackFancy Quencher H2.0 FlowState Tumbler - 40oz (Ribbon Rosa),190.0,24,0,Stanley x loveshackfancy,,https://www.vinted.fr/items/8741031679
Stanley bottle,Stanley go bottle met ceramivac,55.0,4,0,Stanley,,https://www.vinted.fr/items/7592827995
Stanley bottle,Hello kitty Stanley,50.0,1,0,Stanley,,https://www.vinted.fr/items/8835888759
Stanley bottle,Stanley Large Tumbler,30.0,0,0,Stanley,,https://www.vinted.fr/items/8845195803
Stanley bottle,Stanley IceFlow Flip Straw Water Bottle 22 oz |,35.0,9,0,Stanley,,https://www.vinted.fr/items/7643340136
Stanley bottle,Stanley 40 oz Tumbler,20.0,3,0,Stanley,,https://www.vinted.fr/items/7291482114
Stanley bottle,Stanley Cypress Tumbler,20.0,13,0,Stanley,,https://www.vinted.fr/items/8152508197
Stanley bottle,Metal bottle,5.0,12,0,Stradivarius,,https://www.vinted.fr/items/7154094848
Stanley bottle,Stanley look bottle to go,3.0,5,0,,,https://www.vinted.fr/items/6741453812
Stanley bottle,Stanley Quencher,40.0,6,0,Stanley,,https://www.vinted.fr/items/8163793405
Stanley bottle,Stanley Aerolight Iceflow 0.6L Lilac Bottle,41.0,42,0,Stanley,,https://www.vinted.fr/items/6766499116
Stanley bottle,Pink stanley,25.0,4,0,Stanley,,https://www.vinted.fr/items/8470072823
Stanley bottle,Stanley cup,25.0,18,0,Stanley,,https://www.vinted.fr/items/7409008647
Stanley bottle,Borraccia Termica The Steel Bottle 900ml - Bordeaux - NUOVA,10.0,1,0,the steel bottle,,https://www.vinted.fr/items/8794605743
Stanley bottle,Black Stanley,30.0,13,0,Stanley,,https://www.vinted.fr/items/7951252093
Stanley bottle,Purple Stanley,25.0,13,0,Stanley,,https://www.vinted.fr/items/8033472291
Stanley bottle,Stanley cup travel cup water bottle,35.0,13,0,Stanley,,https://www.vinted.fr/items/6917889526
Stanley bottle,Green Stanley,30.0,12,0,Stanley,,https://www.vinted.fr/items/8388564431
Stanley bottle,Pink mug bottle 500ml,10.0,9,0,Stanley,,https://www.vinted.fr/items/7105014860
Stanley bottle,Pellianni Stanleys Steel Bottle 350ml,12.0,1,0,pellianni,,https://www.vinted.fr/items/8060225043
Stanley bottle,i’m selling a black stanley,23.0,1,0,Stanley,,https://www.vinted.fr/items/8774662393
Stanley bottle,Light blue tumbler - insulated cup - 1200ml,15.0,3,0,,,https://www.vinted.fr/items/8869106385
Stanley bottle,Stanley TikTok limited edition,30.0,2,0,Stanley,,https://www.vinted.fr/items/8722052852
Stanley bottle,"Grande cup isotherme 1,2L – style Stanley – avec paille",18.0,9,0,Stanley,,https://www.vinted.fr/items/7839957695
Stanley bottle,Stanley 40 Oz,30.0,12,0,Stanley,,https://www.vinted.fr/items/7778950566
Stanley bottle,Stanley Quencher H2.0 Flowstate Tumbler 1.18L,42.0,31,0,Stanley,,https://www.vinted.fr/items/7196066652
Stanley bottle,Havaianas fles tas,10.0,6,0,Havaianas,,https://www.vinted.fr/items/8145386564
Stanley bottle,B.box tritan water bottle 15 oz,3.0,2,0,B.box,,https://www.vinted.fr/items/8817457593
Stanley bottle,Stanley IceFlow Flip Straw Water Bottle 22 oz,35.0,6,0,Stanley,,https://www.vinted.fr/items/7658143929
Stanley bottle,Stanley Cross Bottle neu,75.0,51,0,Stanley,,https://www.vinted.fr/items/5621623395
Stanley bottle,Stanley Bottle Flip,45.0,0,0,Stanley,,https://www.vinted.fr/items/8706080543
Stanley bottle,Rose/Beige Stanly,25.0,2,0,Stanley,,https://www.vinted.fr/items/8544674994
Stanley bottle,Stanley,30.0,10,0,Stanley,,https://www.vinted.fr/items/8589711865
Stanley bottle,Stanley original come up with stickers,40.0,7,0,Stanley,,https://www.vinted.fr/items/7111681388
Stanley bottle,Stanley straw topper,7.0,6,0,Stanley,,https://www.vinted.fr/items/8190798178
Stanley bottle,Stanley Water Bottle,27.0,27,0,Stanley,,https://www.vinted.fr/items/7214240685
Stanley bottle,New Pink Stanley bottle,45.0,26,0,Stanley,,https://www.vinted.fr/items/7184797696
Stanley bottle,Stanley Aerolight Iceflow Fast Flow Gym Water Bottle 0.6L - Cold For 10 Hours,41.0,28,0,Stanley,,https://www.vinted.fr/items/6839900451
Stanley bottle,Nvidia GTC Paris Stanley Quencher H2.0 FlowState Tumbler 1.18L.,32.0,3,0,Stanley,,https://www.vinted.fr/items/7825023094
Stanley bottle,TT Stanley dupe black  water bottle,10.0,1,0,t,,https://www.vinted.fr/items/8672181993
Stanley bottle,Limited edition Standly,64.0,3,0,Stanley,,https://www.vinted.fr/items/7867913058
Stanley bottle,Water bottle,15.0,1,0,Stanley,,https://www.vinted.fr/items/7958261003
Stanley bottle,Stanley Termus MilK white,42.0,2,0,Stanley,,https://www.vinted.fr/items/7706010486
Stanley bottle,Stanley drinking cup,10.0,2,0,Stanley,,https://www.vinted.fr/items/7835174508
Stanley bottle,Stanley Thermoskanne Classic Bottle Thermosflasche 1 Liter BPA frei,60.0,10,0,Stanley,,https://www.vinted.fr/items/8150510009
Stanley bottle,Inserts for Stanley or similar bottle,3.0,3,0,Flying Tiger,,https://www.vinted.fr/items/8597796774
Stanley bottle,Stanley,30.0,1,0,Stanley,,https://www.vinted.fr/items/8801377815
Stanley bottle,"Stanley Cup Crossbody Carrier, Handmade Crochet Water Bottle Holder Bag",30.0,6,0,Handgemaakt,,https://www.vinted.fr/items/6846441545
Stanley bottle,NIEUW Koor Cold & Hot thermos,15.0,81,0,Thermos,,https://www.vinted.fr/items/8764839483
Stanley bottle,Ice mould,5.0,4,0,No Label,,https://www.vinted.fr/items/8822060127
Stanley bottle,Stanley Thermoflask Adventure To-Go Bottle | 1.0L,40.0,52,0,Stanley,,https://www.vinted.fr/items/6371553906
Stanley bottle,Stanley tumbler/cup,35.0,1,0,Stanley,,https://www.vinted.fr/items/8606315689
Stanley bottle,"Simpatico bicchiere d'acqua, 1,18 litri, molto bello.",55.76,5,0,Stanley,,https://www.vinted.fr/items/8060219801
Stanley bottle,"Food bottle Stanley heatkeeper 0,5 l",30.0,0,0,Stanley,,https://www.vinted.fr/items/8111733623
Stanley bottle,Stanley bottle,5.5,3,0,Primark,,https://www.vinted.fr/items/6901680283
Stanley bottle,Stanley Dupe de Stitch,9.0,2,0,El Corte Inglés,,https://www.vinted.fr/items/7909859901
Stanley bottle,Stanley Orchid Purple (New),46.0,44,0,stanley cup,,https://www.vinted.fr/items/4357214317
Stanley bottle,"Brookstone heated stainless steel mug, tumble, stanley cup",8.5,6,0,Stanley,,https://www.vinted.fr/items/7673966053
Stanley bottle,🤍 Stanley Cup Tasche / Bottle Bag – Weiß,18.0,2,0,,,https://www.vinted.fr/items/7209289559
Stanley bottle,Stanley cup,35.0,5,0,Stanley,,https://www.vinted.fr/items/7767677784
Stanley bottle,Borraccia Stanley nuova,31.0,10,0,,,https://www.vinted.fr/items/8050496389
Stanley bottle,Stanley Quencher H2.0 Tumbler 1.18L Cream,40.0,15,0,Stanley,,https://www.vinted.fr/items/6770779579
Stanley bottle,Garrafa Stanley,25.0,0,0,Stanley,,https://www.vinted.fr/items/8276120182
Stanley bottle,Stanley parable/ ml2key stickers,5.0,1,0,Stickers,,https://www.vinted.fr/items/8505237655
Stanley bottle,Messi x Stanley 1913 IceFlow Bottle Flip Straw 2.0 | 0.71L,120.0,7,0,Stanley,,https://www.vinted.fr/items/8266696844
Stanley bottle,Stanley 1.18L 40oz,39.0,8,0,Stanley,,https://www.vinted.fr/items/7694656778
Stanley bottle,Stanley cup,40.0,10,0,Stanley,,https://www.vinted.fr/items/7971522316
Stanley bottle,stanley dupe water bottle,7.0,0,0,Primark,,https://www.vinted.fr/items/7811764312
Stanley bottle,purple stanley,25.0,6,0,Stanley,,https://www.vinted.fr/items/8284492685
Stanley bottle,Water bottle holder,3.0,6,0,Source Unknown,,https://www.vinted.fr/items/6586955703
Stanley bottle,Unused stanley dupe,3.0,0,0,Shein,,https://www.vinted.fr/items/8349040510
Stanley bottle,Brand new stanley tumbler,45.5,15,0,Stanley,,https://www.vinted.fr/items/7882875207
Stanley bottle,Replacement bubbles for Level,6.5,3,0,Makita,,https://www.vinted.fr/items/8214650479
Stanley bottle,Stanley Style White Tumbler,5.0,1,0,nitro,,https://www.vinted.fr/items/7903569979
Stanley bottle,Pink Stanley Cup,45.0,5,0,Stanley,,https://www.vinted.fr/items/8334805303
Stanley bottle,Black Tumbler - insulated cup - 1200ml,15.0,2,0,,,https://www.vinted.fr/items/8529266075
Stanley bottle,Primark embellished stanley,7.0,0,0,Primark,,https://www.vinted.fr/items/8757846756
Stanley bottle,Artic Flask bottle 26OZ,18.0,1,0,Stanley,,https://www.vinted.fr/items/8775233843
Stanley bottle,Tk maxx Wasserflasche mit Kirschmuster,6.0,45,0,T.K. Maxx,,https://www.vinted.fr/items/8124067711
Stanley bottle,Hydro Flask Travel Tumbler - Surf,32.0,2,0,Hydro Flask,,https://www.vinted.fr/items/8740425499
Stanley bottle,Stanley variation,5.0,0,0,Walmart,,https://www.vinted.fr/items/8292669609
Stanley bottle,Water bottle Hard Rock pink simil Stanley,25.0,5,0,Hard Rock,,https://www.vinted.fr/items/7238062035
Stanley bottle,Baby pink Stanley cup,39.0,10,0,Stanley,,https://www.vinted.fr/items/7790945952
Stanley bottle,Water bottle,2.0,13,0,,,https://www.vinted.fr/items/8462830147
Stanley bottle,Lowenthal travel mug stanley inspired cup,12.0,2,0,lowenthal,,https://www.vinted.fr/items/8400040421
Stanley bottle,Stanley x Labubu,50.0,34,0,Pop Mart,,https://www.vinted.fr/items/7256562080
Stanley bottle,Stanley tumbler water bottle,40.0,0,0,Stanley,,https://www.vinted.fr/items/8617026607
Stanley bottle,Stanley Cup,30.0,0,0,Stanley,,https://www.vinted.fr/items/8379812417
Stanley bottle,stanley holder,2.5,0,0,Primark,,https://www.vinted.fr/items/8308779031
Stanley bottle,large stainless steel reusable cup,5.0,3,0,Amazon,,https://www.vinted.fr/items/8631046408
Stanley bottle,Stanley cup,35.0,5,0,Stanley,,https://www.vinted.fr/items/7767677784
Stanley bottle,Blue Navy Stanley cup,43.0,0,0,Stanley,,https://www.vinted.fr/items/8766867232
Stanley bottle,paracord bottle holder,5.0,3,0,Handmade,,https://www.vinted.fr/items/7724833276
Stanley bottle,Stanley water bottle,40.0,2,0,Stanley,,https://www.vinted.fr/items/7635194803
Stanley bottle,Lowenthal travel mug stanley inspired cup,12.0,2,0,lowenthal,,https://www.vinted.fr/items/8400040421
Stanley bottle,Stanley tumbler water bottle,40.0,0,0,Stanley,,https://www.vinted.fr/items/8617026607
Stanley bottle,stanley,45.0,1,0,Stanley,,https://www.vinted.fr/items/7824856202
Stanley bottle,Stanley variation,5.0,0,0,Walmart,,https://www.vinted.fr/items/8292669609
Stanley bottle,"Supreme x Stanley Classic Bottle Thermoskanne Rot 0,59L / 20oz",85.0,16,0,Supreme,,https://www.vinted.fr/items/8521332367
Stanley bottle,beige stanley fles,45.0,2,0,Stanley,,https://www.vinted.fr/items/7917458852
Stanley bottle,L'Oréal plastic cups .. Stanley style,8.0,6,0,L'Oréal,,https://www.vinted.fr/items/7247459683
Stanley bottle,Primark embellished stanley,7.0,0,0,Primark,,https://www.vinted.fr/items/8757846756
Stanley bottle,CARRY Glass Water Bottle,6.0,7,0,CARRY,,https://www.vinted.fr/items/6593639165
Stanley bottle,Stanley Bottle Boot,5.0,0,0,linkidea,,https://www.vinted.fr/items/7987176959
Stanley bottle,Dupe Stanley,4.0,4,0,,,https://www.vinted.fr/items/8164473752
Stanley bottle,stanley type bottle modo,30.0,4,0,Modo,,https://www.vinted.fr/items/6195219716
Stanley bottle,Hydro Flask Travel Tumbler - Surf,32.0,2,0,Hydro Flask,,https://www.vinted.fr/items/8740425499
Stanley bottle,Supreme Stanley 20 oz. Vacuum Insulated Bottle (FW19),60.0,37,0,Supreme,,https://www.vinted.fr/items/6893272519
Stanley bottle,Großer Thermo-Becher in Rosa mit Strohhalm,3.0,3,0,No Label,,https://www.vinted.fr/items/8512244633
Stanley bottle,Air up bottle purple x2,20.0,2,0,air up,,https://www.vinted.fr/items/7235798314
Stanley bottle,Stanley digital angle level or inclinometer,50.0,5,0,Stanley,,https://www.vinted.fr/items/8113824675
Stanley bottle,Cup accessory,1.0,0,0,Claire's,,https://www.vinted.fr/items/8601641981
Stanley bottle,Water bottle Large,6.99,5,0,,,https://www.vinted.fr/items/7349050422
Stanley bottle,Garrafa de água,18.0,0,0,Stanley,,https://www.vinted.fr/items/8200547139
Stanley bottle,Stanley Cup  Snack Tray / Accessory,3.0,7,0,Stanley,,https://www.vinted.fr/items/7200438939
Stanley bottle,Water bottle,8.0,0,0,CASA,,https://www.vinted.fr/items/8048876247
Stanley bottle,Stanley insulated water bottle,28.0,1,0,,,https://www.vinted.fr/items/8024831573
Stanley bottle,Stanley Quencher H2.0 Flowstate Tumbler 30oz/0.88L – Azure Reverb Sporty Design,50.0,2,0,Stanley,,https://www.vinted.fr/items/7282780632
Stanley bottle,Stainless steel drink tumbler,5.0,6,0,the wine opener,,https://www.vinted.fr/items/8210126102
Stanley bottle,Stanley x P.E Nation Limited Australian Collaboration 40oz,75.0,17,0,Stanley,,https://www.vinted.fr/items/6497958621
Stanley bottle,Snack caddy,2.0,0,0,Aldi,,https://www.vinted.fr/items/8326121896
Stanley bottle,"Stanley Tumbler Gift Set Premium Black Fade Pro, Matte Black & Clean Ice Grey 40oz 14 oz",99.0,5,0,Stanley Cup Limited Edition Gift Set Premium Black,,https://www.vinted.fr/items/7665771261
Stanley bottle,Stanley Quencher 40oz neu Tumbler Stanley Cup Black Flowstate,40.0,2,0,Stanley,,https://www.vinted.fr/items/8577635471
Stanley bottle,Stanley style cup,5.0,0,0,Almost,,https://www.vinted.fr/items/8168993642
Stanley bottle,Stanley Water Bottle,35.0,10,0,Stanley,,https://www.vinted.fr/items/7214266495
Stanley bottle,Stanley dupe thermos water bottle,5.0,0,0,Primark,,https://www.vinted.fr/items/7883010968
Stanley bottle,stanley,45.0,0,0,Stanley,,https://www.vinted.fr/items/7824863419
Stanley bottle,stanley cup bag Water Bottle Pouch Holder Cover,7.0,7,0,,,https://www.vinted.fr/items/6431630768
Stanley bottle,Hydragear Stanley Style Large Insulated Cup Pink/Lilac,7.0,0,0,hydragear,,https://www.vinted.fr/items/7463412827
Stanley bottle,Dublin Stanley rep,10.0,0,0,Dublin,,https://www.vinted.fr/items/7882699783
Stanley bottle,Stanley cup,49.99,1,0,Stanley,,https://www.vinted.fr/items/7193423156
Stanley bottle,Santa Stanley shaped cup,6.0,0,0,Tupperware,,https://www.vinted.fr/items/7959640734
Stanley bottle,Beautiful Owala bronze and beige /sterilised and barely used,55.0,5,0,Stanley,,https://www.vinted.fr/items/8001645870
Stanley bottle,BlendnGo 40oz Tumbler,4.5,1,0,blend&go,,https://www.vinted.fr/items/7998163298
Stanley bottle,Straw cover,1.0,13,0,Amazon,,https://www.vinted.fr/items/8207045172
Stanley bottle,Crochet bottle holder bag colorful orange and purple,10.0,2,0,Handarbeit,,https://www.vinted.fr/items/6764798024
Stanley bottle,Stanely bottle,30.0,0,0,Stanley,,https://www.vinted.fr/items/6923097099
Stanley bottle,Botella grande,7.0,1,0,,,https://www.vinted.fr/items/7313453764
Stanley bottle,33 bookish stickers,8.5,15,0,,,https://www.vinted.fr/items/8255829526
Stanley bottle,NEW! Limited Edition Ronald McDonald House Stainless Steel Double Walled Bottle Flask Valentines Day,5.0,2,0,McDonald's,,https://www.vinted.fr/items/7965984366
Stanley bottle,the manhattan project laserdisc pal rare,19.99,1,0,,,https://www.vinted.fr/items/7276696731
Stanley bottle,Stanley Accessories 6 pcs set for Stanley 30 or 40 oz cups,15.0,3,0,Stanley,,https://www.vinted.fr/items/7567225773
Stanley bottle,Stanley Tumbler Water Bottle,35.0,6,0,Stanley,,https://www.vinted.fr/items/6005751649
Stanley bottle,Set of Cup and Plates,5.0,1,0,Primark,,https://www.vinted.fr/items/8315962858
Stanley bottle,Water bottle holder bag,10.0,1,0,Handarbeit,,https://www.vinted.fr/items/6812308182
Stanley bottle,Stanley Quencher H2.0 Tumbler,55.0,17,0,Stanley,,https://www.vinted.fr/items/4183544377
Stanley bottle,Borraccia Termica Blu in Acciaio Inox - Tappo in Bambù,6.0,2,0,Lines,,https://www.vinted.fr/items/8134425301
Stanley bottle,2-in-1 Car Cup Holder Expander & Phone Mount | Large Mug/Hydroflask Fit,11.99,2,0,,,https://www.vinted.fr/items/8672093351
Stanley bottle,water bottle,4.0,1,0,,,https://www.vinted.fr/items/6829654915
Stanley bottle,Purple waterbottle,6.69,0,0,Miscellaneous,,https://www.vinted.fr/items/6998883578
Stanley bottle,Crochet bottle holder grey and green,10.0,2,0,Handarbeit,,https://www.vinted.fr/items/6733690181
Stanley bottle,Good News Coffee Shop Paris Barcelona Madrid Flasche Bottle,6.0,1,0,Good News,,https://www.vinted.fr/items/8510699111
Stanley bottle,Thermobecher Kaffee tee mit Strohhalm,8.0,9,0,,,https://www.vinted.fr/items/8610717957
Stanley bottle,Fake purple stanley,500.0,0,0,Stanley,,https://www.vinted.fr/items/8734265045
Stanley bottle,Straw covers,1.0,1,0,Amazon,,https://www.vinted.fr/items/8207056247
Stanley bottle,Tumbler Becher 40oz neu inkl. Geschenk,18.0,1,0,Bottle,,https://www.vinted.fr/items/8477801113
Stanley bottle,Like new white wit quencher tumbler Stanley x Starbucks 590ml Thermos beker coffee mug 590ml,39.99,25,0,Starbucks,,https://www.vinted.fr/items/8078359250
Stanley bottle,Stanley x Lionel Messi The GOAT Collection – Complete Set,930.0,2,0,Stanley,,https://www.vinted.fr/items/8802283438
Stanley bottle,Steve Madden Travel-Set – Tasche + Bottle-Holder (neu mit Etikett),22.0,1,0,Steve Madden,,https://www.vinted.fr/items/7687109729
Stanley bottle,Crochet water bottle holder bag,10.0,5,0,Handarbeit,,https://www.vinted.fr/items/6745212243
Stanley bottle,Crochet water bottle holder bag neon,8.0,16,0,Handarbeit,,https://www.vinted.fr/items/6745221058
Stanley bottle,"Paw patrol Kids tumble, kinder trinken Flasche",9.0,0,0,Paw Patrol,,https://www.vinted.fr/items/8442092705
Stanley bottle,Stanley Quencher H2.0 40oz Seafoam Bay Leaf Green Viral Tumbler Cup with Handle + Straw Gift,34.5,5,0,Viral Seafoam Stanley Quencher H2.0 40oz Green Cle,,https://www.vinted.fr/items/7661462133
Stanley bottle,Bottle Fast Flow 24 OZ Botella clearly filtered acero,38.0,1,0,Acero,,https://www.vinted.fr/items/6357390139
Stanley bottle,Stanly,300.0,1,0,Stanley/Stella,,https://www.vinted.fr/items/8686319933
Stanley bottle,Naamsticker voor drinkfles,4.0,1,0,Stanley,,https://www.vinted.fr/items/7023104754
Stanley bottle,Thermo Cup,10.0,1,0,,,https://www.vinted.fr/items/6672308878
Stanley bottle,Crochet water bottle holder bag neon black,10.0,1,0,Handarbeit,,https://www.vinted.fr/items/6750665768
Stanley bottle,"Taza térmicas azul  Gouda Nerthus de 900 ml, disponibles en naranja, gris y azul.",17.0,6,0,nerthus,,https://www.vinted.fr/items/7608275223
Stanley bottle,Cinnamon Girl Sticker Sheet,5.99,17,0,Originals,,https://www.vinted.fr/items/7368578591
Stanley bottle,Gehaakte flessenhouder fles hoes crochet bottle protector bottle case handmade zelfgemaakt Stanley,14.99,1,0,Handmade,,https://www.vinted.fr/items/3374428683
Stanley bottle,stickers,1.36,0,0,,,https://www.vinted.fr/items/8867359086
Stanley bottle,Lattafa Asad 100ml eau de parfum.                                   Spring fragrance,25.0,3,0,Lattafa,,https://www.vinted.fr/items/8320701219
