keyword,title,price,likes,views,brand,country,url,status,offers,published_at,age_hours,score,verdict
Crocs femme,Crocs Sandal,35.0,1,0,Crocs,,https://www.vinted.fr/items/8874573550,active,0,2026-05-09 17:03:10 CEST,24.0,0,⚠️ Low
Crocs femme,Crocs pailletées noir/argent holographique – jamais portées taille 39/40,30.0,70,0,Crocs,,https://www.vinted.fr/items/8872626459,active,8,2026-05-10 14:03:11 CEST,3.0,20,🔥🔥🔥 Very Strong Demand
Crocs femme,Lot de 10 pins pour crocs,20.0,54,0,Crocs,,https://www.vinted.fr/items/8860834636,active,3,2026-05-09 17:03:11 CEST,24.0,13,🔥🔥 Strong Demand
Crocs femme,Paire de Crocs bleu ciel T.38/39,20.0,29,0,Crocs,,https://www.vinted.fr/items/8874095504,active,0,2026-05-09 17:03:21 CEST,24.0,3,➖ Moderate
Crocs femme,sabot mule crocs bleu 38-39,28.0,25,0,Crocs,,https://www.vinted.fr/items/8873633039,active,0,2026-05-10 15:03:21 CEST,2.0,20,🔥🔥🔥 Very Strong Demand
Crocs femme,Sandalias Crocs plataforma,34.0,47,0,Crocs,,https://www.vinted.fr/items/6770911867,active,0,2025-08-13 17:03:22 CEST,6480.0,0,⚠️ Low
Crocs femme,Tongs Crocs,10.0,3,0,Crocs,,https://www.vinted.fr/items/8875179340,active,0,2022-09-28 17:03:31 CEST,31680.0,0,⚠️ Low
Crocs femme,Crocs,30.0,154,0,Crocs,,https://www.vinted.fr/items/8860166901,active,20,2026-05-09 17:03:33 CEST,24.0,20,🔥🔥🔥 Very Strong Demand
Crocs femme,Sabot crocs gris foncé - taille 39/40,34.0,88,0,Crocs,,https://www.vinted.fr/items/8830277494,active,17,2026-05-07 17:03:36 CEST,72.0,20,🔥🔥🔥 Very Strong Demand
Crocs femme,Platform Crocs,25.0,55,0,Crocs,,https://www.vinted.fr/items/8856991100,active,15,2026-05-08 17:03:43 CEST,48.0,20,🔥🔥🔥 Very Strong Demand
Crocs femme,Crocs Unisex Pantoffeln Badelatschen,8.0,3,0,Crocs,,https://www.vinted.fr/items/8875485800,active,0,2024-06-19 17:03:44 CEST,16560.0,0,⚠️ Low
Crocs femme,"Cosci comodi, di alta qualità e leggeri",37.0,118,0,Crocs,,https://www.vinted.fr/items/8789519263,active,8,2026-05-09 17:03:49 CEST,24.0,20,🔥🔥🔥 Very Strong Demand
Crocs femme,Mules Crocs 37/37 dorées neuves,15.0,1,0,Crocs,,https://www.vinted.fr/items/8875675643,sold,0,2025-07-14 17:03:55 CEST,7200.0,0,⚠️ Low
Crocs femme,Crocs weiß Gr.38,40.0,99,0,Crocs,,https://www.vinted.fr/items/8799596191,active,0,2026-05-09 17:03:58 CEST,24.0,10,🔥 Trending
Crocs femme,Crocs ballerinas,23.0,109,0,Crocs,,https://www.vinted.fr/items/8842328733,active,0,2026-05-07 17:04:02 CEST,72.0,4,➖ Moderate
Crocs femme,Crocs flash Mcqueen,11.0,47,0,Crocs,,https://www.vinted.fr/items/8873964731,active,0,,24.0,5,📈 Growing
Crocs femme,Crocs rose pâle t39 7m9w,30.0,2,0,Crocs,,https://www.vinted.fr/items/8875564288,active,0,2024-10-17 17:04:13 CEST,13680.0,0,⚠️ Low
Crocs femme,Crocs,10.0,1,0,Crocs,,https://www.vinted.fr/items/8875728022,active,0,2025-09-12 17:04:17 CEST,5760.0,0,⚠️ Low
Crocs femme,Chaussures Crocs édition limitée T 40/41,45.0,104,0,Crocs,,https://www.vinted.fr/items/8830049450,active,3,2026-05-05 17:04:20 CEST,120.0,8,🔥 Trending
Crocs femme,Charms Pins Crocs Smiley neufs étiquetés,8.0,0,0,Crocs,,https://www.vinted.fr/items/8874886259,active,0,2026-05-09 17:04:27 CEST,24.0,0,⚠️ Low
Crocs femme,Crocs crush clog,40.0,155,0,Crocs,,https://www.vinted.fr/items/8575122600,active,8,2026-04-12 17:04:28 CEST,672.0,10,🔥 Trending
Crocs femme,baby pink crocs,30.0,23,0,Crocs,,https://www.vinted.fr/items/8872363879,active,0,2026-05-10 13:04:33 CEST,4.0,14,🔥🔥 Strong Demand
Crocs femme,Crocs noir,11.0,70,0,Crocs,,https://www.vinted.fr/items/8873418258,active,11,2026-05-10 15:04:41 CEST,2.0,20,🔥🔥🔥 Very Strong Demand
Crocs femme,Crocs neuves,20.0,0,0,Crocs,,https://www.vinted.fr/items/8875350410,active,0,2023-08-24 17:04:45 CEST,23760.0,0,⚠️ Low
Crocs femme,Rare Isabella Crocs sUPERcomfy!,27.0,11,0,Crocs,,https://www.vinted.fr/items/8863100878,active,0,2026-05-09 17:04:47 CEST,24.0,1,⚠️ Low
Crocs femme,Crocs neuves avec son sac,40.0,78,0,Crocs,,https://www.vinted.fr/items/7371955146,active,7,2025-11-11 17:04:53 CET,4320.0,10,🔥 Trending
Crocs femme,Crocs,35.0,11,0,Crocs,,https://www.vinted.fr/items/8865127975,active,0,2026-05-09 17:04:57 CEST,24.0,1,⚠️ Low
Crocs femme,Crocs bleu,29.0,14,0,Crocs,,https://www.vinted.fr/items/8863284003,active,0,2026-05-09 17:04:58 CEST,24.0,1,⚠️ Low
Crocs femme,Sandales crocs,20.0,0,0,Crocs,,https://www.vinted.fr/items/8875784423,active,0,2025-12-11 17:05:04 CET,3600.0,0,⚠️ Low
Crocs femme,"Infradito con paillettes molto comode, eleganti e di alta qualità",57.0,62,0,Crocs,,https://www.vinted.fr/items/8715984320,active,0,2026-04-26 17:05:10 CEST,336.0,0,⚠️ Low
Crocs femme,Crocs baya,30.0,4,0,Crocs,,https://www.vinted.fr/items/8874974701,active,0,2026-05-09 17:05:12 CEST,24.0,0,⚠️ Low
Crocs femme,Platform white crocs size 7,20.0,3,0,Crocs,,https://www.vinted.fr/items/8875589840,active,0,2024-11-16 17:05:15 CET,12960.0,0,⚠️ Low
Crocs femme,🪼🌸dreamy y2k Crocs Mega Crush Platform Clog,25.0,29,0,Crocs,,https://www.vinted.fr/items/8861099559,active,0,2026-05-09 17:05:25 CEST,24.0,3,➖ Moderate
Crocs femme,"Cosci comodi, di alta qualità e leggeri",49.0,74,0,Crocs,,https://www.vinted.fr/items/8789529027,active,0,2026-05-09 17:05:29 CEST,24.0,7,📈 Growing
Crocs femme,Sac crocs avec les pince,6.0,3,0,Crocs,,https://www.vinted.fr/items/8872996926,active,0,2026-05-10 14:05:32 CEST,3.0,2,➖ Moderate
Crocs femme,Crocs classic Clogs Bone white Maat 38/39 EU - Nieuw met kaartjes,25.0,1,0,Crocs,,https://www.vinted.fr/items/8875491332,active,0,2024-04-20 17:05:37 CEST,18000.0,0,⚠️ Low
Crocs femme,Crocs,7.0,6,0,Crocs,,https://www.vinted.fr/items/8875202442,sold,0,2022-09-28 17:05:39 CEST,31680.0,0,⚠️ Low
Crocs femme,Crocs haute et noire.,25.0,0,0,Crocs,,https://www.vinted.fr/items/8875527527,active,0,2024-06-19 17:05:43 CEST,16560.0,0,⚠️ Low
Crocs femme,Crocs blanches Bayaband,45.0,30,0,Crocs,,https://www.vinted.fr/items/8816445949,active,0,2026-05-04 17:05:49 CEST,144.0,0,⚠️ Low
Crocs femme,Crocs negras plataforma 37,45.0,15,0,Crocs,,https://www.vinted.fr/items/8874871232,active,0,2026-05-09 17:05:53 CEST,24.0,2,➖ Moderate
Crocs femme,Crocs,20.0,4,0,Crocs,,https://www.vinted.fr/items/8872840313,active,3,2026-05-10 14:05:53 CEST,3.0,19,🔥🔥🔥 Very Strong Demand
Crocs femme,Crocs Classic noir Homme/femme,30.0,16,0,Crocs,,https://www.vinted.fr/items/8873060708,active,0,2026-05-10 14:05:59 CEST,3.0,13,🔥🔥 Strong Demand
Crocs femme,Crocs rose fushia 37/38,25.0,48,0,Crocs,,https://www.vinted.fr/items/8869373161,active,8,2026-05-10 00:06:06 CEST,17.0,20,🔥🔥🔥 Very Strong Demand
Crocs femme,crocs bleu ciel,25.0,9,0,Crocs,,https://www.vinted.fr/items/8872130954,active,4,2026-05-10 13:06:07 CEST,4.0,20,🔥🔥🔥 Very Strong Demand
Crocs femme,Crocs noires neuve,30.0,7,0,Crocs,,https://www.vinted.fr/items/8872808582,active,3,2026-05-10 14:06:13 CEST,3.0,20,🔥🔥🔥 Very Strong Demand
Crocs femme,Crocs size 41,30.0,36,0,Crocs x Beams,,https://www.vinted.fr/items/8772316824,active,0,2026-05-09 17:06:17 CEST,24.0,4,➖ Moderate
Crocs femme,crocs taille 40,20.0,34,0,Crocs,,https://www.vinted.fr/items/8862954591,active,0,2026-05-09 17:06:19 CEST,24.0,3,➖ Moderate
Crocs femme,Crocs baya clog k beige,40.0,3,0,Crocs,,https://www.vinted.fr/items/8875033298,active,0,2026-05-09 17:06:27 CEST,24.0,0,⚠️ Low
Crocs femme,Crocs platform,25.0,48,0,Crocs,,https://www.vinted.fr/items/8820566289,active,0,2026-05-04 17:06:30 CEST,144.0,1,⚠️ Low
Crocs femme,Crocs Classic clogs Zwart nieuw 36/37,25.0,2,0,Crocs,,https://www.vinted.fr/items/8875500579,active,0,2024-04-20 17:06:31 CEST,18000.0,0,⚠️ Low
Crocs femme,Crocs Cars Saetta McQueen adulte rouge – édition spéciale 37-38,32.88,0,0,Crocs,,https://www.vinted.fr/items/8874981828,active,0,2024-08-18 17:06:37 CEST,15120.0,0,⚠️ Low
Crocs femme,Crocs sandals W10 size40,38.0,41,0,Crocs,,https://www.vinted.fr/items/8832250650,active,0,2026-05-05 17:06:43 CEST,120.0,1,⚠️ Low
Crocs femme,Crocs compensé,15.0,8,0,Crocs,,https://www.vinted.fr/items/8874352252,active,0,2026-05-09 17:06:45 CEST,24.0,1,⚠️ Low
Crocs femme,Stylishe Crocs mit Plateau,13.0,0,0,Crocs,,https://www.vinted.fr/items/8875766780,active,0,2025-09-12 17:06:47 CEST,5760.0,0,⚠️ Low
Crocs femme,Crocs37/38,9.0,4,0,Crocs,,https://www.vinted.fr/items/8873975797,active,0,2026-05-10 15:06:54 CEST,2.0,5,📈 Growing
Crocs femme,Hello kitty crocs,17.0,9,0,Crocs,,https://www.vinted.fr/items/8873706586,active,0,2026-05-10 15:06:56 CEST,2.0,11,🔥 Trending
Crocs femme,Paire de Crocs blanche T.38/39,20.0,47,0,Crocs,,https://www.vinted.fr/items/8874130122,active,4,2026-05-10 15:07:00 CEST,2.0,20,🔥🔥🔥 Very Strong Demand
Crocs femme,Sabot Crocs,23.0,9,0,Crocs,,https://www.vinted.fr/items/8872244633,active,0,2026-05-10 13:07:07 CEST,4.0,5,📈 Growing
Crocs femme,Getaway platform flip - crocs,30.0,25,0,Crocs,,https://www.vinted.fr/items/8873905879,active,4,2026-05-10 15:07:09 CEST,2.0,20,🔥🔥🔥 Very Strong Demand
Crocs femme,Ballerine crocs 36,10.0,0,0,Crocs,,https://www.vinted.fr/items/8875261438,active,0,,24.0,0,⚠️ Low
Crocs femme,💙 Crocs bleues – taille 41/42 (9–11),35.0,19,0,Crocs,,https://www.vinted.fr/items/8817539051,active,0,2026-05-04 17:07:18 CEST,144.0,0,⚠️ Low
Crocs femme,Crocs pantoffels,27.0,25,0,Crocs,,https://www.vinted.fr/items/8647362593,active,0,2026-04-19 17:07:21 CEST,504.0,0,⚠️ Low
Crocs femme,Pins Crocs Chic,1.3,2,0,Crocs,,https://www.vinted.fr/items/8873171777,active,0,2026-05-10 14:07:24 CEST,3.0,2,➖ Moderate
Crocs femme,Crocs Rainbow Clogs 🌈,8.0,1,0,Crocs,,https://www.vinted.fr/items/8875401112,active,0,2024-01-21 17:07:31 CET,20160.0,0,⚠️ Low
Crocs femme,"Infradito eleganti, di alta qualità e leggere",55.0,54,0,Crocs,,https://www.vinted.fr/items/8716072619,active,0,2026-04-26 17:07:35 CEST,336.0,0,⚠️ Low
Crocs femme,sabot mule crocs lila 39-40,29.0,22,0,Crocs,,https://www.vinted.fr/items/8872634188,active,3,2026-05-10 14:07:36 CEST,3.0,20,🔥🔥🔥 Very Strong Demand
Crocs femme,"Crocs Schuhe, Größe 45/46",25.0,0,0,Crocs,,https://www.vinted.fr/items/8875421020,active,0,2023-09-23 17:07:44 CEST,23040.0,0,⚠️ Low
Crocs femme,Crocs zwart NIEUW,29.5,46,0,Crocs,,https://www.vinted.fr/items/8873510248,active,9,2026-05-10 15:07:46 CEST,2.0,20,🔥🔥🔥 Very Strong Demand
Crocs femme,Zuecos,20.0,0,0,Crocs,,https://www.vinted.fr/items/8875570008,active,0,2024-07-19 17:07:48 CEST,15840.0,0,⚠️ Low
Crocs femme,Blaue Crocs,20.0,4,0,Crocs,,https://www.vinted.fr/items/8873406332,active,0,2024-01-21 17:07:53 CET,20160.0,0,⚠️ Low
Crocs femme,Crocs sandals,10.0,12,0,Crocs,,https://www.vinted.fr/items/8873274049,active,0,2026-05-10 14:07:57 CEST,3.0,10,🔥 Trending
Crocs femme,Paire de Crocs rose T.38/39,20.0,10,0,Crocs,,https://www.vinted.fr/items/8874160819,active,0,2026-05-09 17:07:59 CEST,24.0,1,⚠️ Low
Crocs femme,Silver glitter fur lined crocs,20.0,1,0,Crocs,,https://www.vinted.fr/items/8875386460,active,0,2023-07-25 17:08:07 CEST,24480.0,0,⚠️ Low
Crocs femme,Crocs classics beige / écru – Taille 41,34.0,12,0,Crocs,,https://www.vinted.fr/items/8871332566,active,0,2026-05-10 12:08:09 CEST,5.0,6,📈 Growing
Crocs femme,Roze aardbeien crocs,11.0,31,0,Crocs,,https://www.vinted.fr/items/8873728963,active,0,2026-05-10 15:08:14 CEST,2.0,20,🔥🔥🔥 Very Strong Demand
Crocs femme,Crocs,10.0,2,0,Crocs,,https://www.vinted.fr/items/8872738886,active,0,2026-05-10 14:08:21 CEST,3.0,2,➖ Moderate
Crocs femme,Crocs 42-43 léopard neuve,35.0,80,0,Crocs,,https://www.vinted.fr/items/8868910591,active,6,2026-05-09 22:08:24 CEST,19.0,20,🔥🔥🔥 Very Strong Demand
Crocs femme,crocs bayaband blanche 38-39,32.0,1,0,Crocs,,https://www.vinted.fr/items/8874929264,active,0,2026-05-09 17:08:26 CEST,24.0,0,⚠️ Low
Crocs femme,Green crocs,15.0,10,0,Crocs,,https://www.vinted.fr/items/8875067334,active,0,2026-05-09 17:08:36 CEST,24.0,1,⚠️ Low
Crocs femme,Crocs unisexe rouge,20.0,7,0,Crocs,,https://www.vinted.fr/items/8872003664,active,0,2026-05-10 13:08:37 CEST,4.0,4,➖ Moderate
Crocs femme,Sac Crocs,25.0,45,0,Crocs,,https://www.vinted.fr/items/8873941117,active,4,2026-05-10 15:08:37 CEST,2.0,20,🔥🔥🔥 Very Strong Demand
Crocs femme,Crocs noir,30.0,103,0,Crocs,,https://www.vinted.fr/items/8859577250,sold,0,2026-05-09 17:08:46 CEST,24.0,15,🔥🔥 Strong Demand
Crocs femme,Crocs Platform,30.0,50,0,Crocs,,https://www.vinted.fr/items/8872537613,active,5,2026-05-10 13:08:48 CEST,4.0,20,🔥🔥🔥 Very Strong Demand
Crocs femme,Crocs noir,35.0,55,0,Crocs,,https://www.vinted.fr/items/8869347257,active,14,2026-05-10 00:08:49 CEST,17.0,20,🔥🔥🔥 Very Strong Demand
Crocs femme,Crocs echo clog noires 36-37,43.0,1,0,Crocs,,https://www.vinted.fr/items/8875173084,active,0,2026-05-09 17:08:58 CEST,24.0,0,⚠️ Low
Crocs femme,Crocs 41/42 rose,15.0,0,0,Crocs,,https://www.vinted.fr/items/8875453692,active,0,2023-10-23 17:08:59 CEST,22320.0,0,⚠️ Low
Crocs femme,Crocs,40.0,0,0,Crocs,,https://www.vinted.fr/items/8875371703,active,0,2023-05-26 17:08:59 CEST,25920.0,0,⚠️ Low
Crocs femme,Crocs pastel neuf 39,30.0,17,0,Crocs,,https://www.vinted.fr/items/8869428163,active,3,2026-05-10 00:09:08 CEST,17.0,10,🔥 Trending
Crocs femme,Crocs,20.0,25,0,Crocs,,https://www.vinted.fr/items/8869572423,active,0,2026-05-10 01:09:10 CEST,16.0,4,➖ Moderate
Crocs femme,Crocs Classic (38/39),45.0,11,0,Crocs,,https://www.vinted.fr/items/8839561310,active,0,2026-05-06 17:09:12 CEST,96.0,0,⚠️ Low
Crocs femme,Crocs bleu marine taille 36,23.99,7,0,Crocs,,https://www.vinted.fr/items/8872814790,active,0,,24.0,1,⚠️ Low
Crocs femme,Sabot Crocs Taille 38/39,32.0,0,0,Crocs,,https://www.vinted.fr/items/8875621762,active,0,2024-09-17 17:09:21 CEST,14400.0,0,⚠️ Low
Crocs femme,Crocs Sandale G41-42,18.0,3,0,Crocs,,https://www.vinted.fr/items/8875014183,active,0,2026-05-09 17:09:23 CEST,24.0,0,⚠️ Low
Crocs femme,Crocs,25.0,39,0,Crocs,,https://www.vinted.fr/items/8874115008,active,11,2026-05-10 15:09:32 CEST,2.0,20,🔥🔥🔥 Very Strong Demand
Crocs femme,Crocs Classic neuves,27.0,18,0,Crocs,,https://www.vinted.fr/items/8870794160,active,0,2026-05-10 11:09:32 CEST,6.0,7,📈 Growing
Crocs femme,Crocs,5.0,2,0,,,https://www.vinted.fr/items/8874538120,active,0,2026-05-09 17:09:32 CEST,24.0,0,⚠️ Low
Crocs femme,Sac Crocs,25.0,45,0,Crocs,,https://www.vinted.fr/items/8873941117,active,4,2026-05-10 15:09:43 CEST,2.0,20,🔥🔥🔥 Very Strong Demand
Crocs femme,🌸🩵Ultraleichte Sandalen Gr.38 Türkis Rosa,19.0,8,0,Crocs,,https://www.vinted.fr/items/8871190756,active,0,2026-05-10 12:09:45 CEST,5.0,4,➖ Moderate
Crocs femme,Crocs bleu marine taille 36,23.99,7,0,Crocs,,https://www.vinted.fr/items/8872814790,active,3,2026-05-10 14:09:46 CEST,3.0,20,🔥🔥🔥 Very Strong Demand
Crocs femme,Crocs,13.0,43,0,Crocs,,https://www.vinted.fr/items/8873540600,active,0,2026-05-10 15:09:53 CEST,2.0,20,🔥🔥🔥 Very Strong Demand
Crocs femme,Crocs 38-39,29.9,34,0,Crocs,,https://www.vinted.fr/items/8874349164,active,10,2026-05-09 17:09:56 CEST,24.0,20,🔥🔥🔥 Very Strong Demand
Crocs femme,Crocs bleue,20.0,14,0,Crocs,,https://www.vinted.fr/items/8871069251,active,3,2026-05-10 11:09:57 CEST,6.0,16,🔥🔥🔥 Very Strong Demand
Crocs femme,Crocs noir,30.0,103,0,Crocs,,https://www.vinted.fr/items/8859577250,sold,0,2026-05-09 17:10:03 CEST,24.0,15,🔥🔥 Strong Demand
Crocs femme,Crocs Charms - Animal Crossing,12.0,0,0,Crocs,,https://www.vinted.fr/items/8875754960,active,0,2025-05-15 17:10:05 CEST,8640.0,0,⚠️ Low
Crocs femme,Pin’s pour crocs,5.0,16,0,Crocs,,https://www.vinted.fr/items/8850117281,active,0,2026-05-08 17:10:08 CEST,48.0,1,⚠️ Low
Crocs femme,Roze aardbeien crocs,11.0,31,0,Crocs,,https://www.vinted.fr/items/8873728963,active,0,2026-05-10 15:10:14 CEST,2.0,20,🔥🔥🔥 Very Strong Demand
Crocs femme,Pins crocs,8.0,92,0,Crocs,,https://www.vinted.fr/items/8849839663,active,0,,24.0,9,🔥 Trending
Crocs femme,Sandalen Crocs,50.0,43,0,Crocs,,https://www.vinted.fr/items/8839224022,active,0,,24.0,4,➖ Moderate
Crocs femme,Sabots Crocs orange 37-38 neuves (prix fixe),29.0,28,0,Crocs,,https://www.vinted.fr/items/8863869152,active,0,2026-05-09 17:10:25 CEST,24.0,3,➖ Moderate
Crocs femme,Crocs haute taille 40 rose fuchsia,20.0,6,0,Crocs,,https://www.vinted.fr/items/8871328436,active,0,2026-05-10 12:10:29 CEST,5.0,3,➖ Moderate
Crocs femme,Crocs avec pins,40.0,18,0,Crocs,,https://www.vinted.fr/items/8873847076,active,0,2026-05-10 15:10:30 CEST,2.0,20,🔥🔥🔥 Very Strong Demand
Crocs femme,Crocs Classic Clog Beige Stucco - Totalmente Nuevas,40.0,0,0,Crocs,,https://www.vinted.fr/items/8875324207,active,0,2023-01-26 17:10:37 CET,28800.0,0,⚠️ Low
Crocs femme,Crocs,25.0,18,0,Crocs,,https://www.vinted.fr/items/8874802938,sold,0,2026-05-09 17:10:44 CEST,24.0,3,➖ Moderate
Crocs femme,Crocband Crocs size 37/38,20.0,7,0,Crocs,,https://www.vinted.fr/items/8872433196,active,0,2026-05-10 13:10:46 CEST,4.0,4,➖ Moderate
Crocs femme,Strandschuhe,28.0,0,0,Crocs,,https://www.vinted.fr/items/8875731795,active,0,2025-03-16 17:10:49 CET,10080.0,0,⚠️ Low
Crocs femme,Getaway platform flip - crocs,30.0,25,0,Crocs,,https://www.vinted.fr/items/8873905879,active,4,2026-05-10 15:10:55 CEST,2.0,20,🔥🔥🔥 Very Strong Demand
Crocs femme,Pinke Brooklyn Low Wedge Sandalen Gr.37-38,24.9,3,0,Crocs,,https://www.vinted.fr/items/8873859142,active,0,2026-05-10 15:10:58 CEST,2.0,4,➖ Moderate
Crocs femme,Crocs fourrées,20.0,11,0,Crocs,,https://www.vinted.fr/items/8868460938,active,0,2026-05-09 21:11:00 CEST,20.0,1,⚠️ Low
Crocs femme,Crocs rose,25.0,97,0,Crocs,,https://www.vinted.fr/items/8836700103,active,4,2026-05-06 17:11:06 CEST,96.0,9,🔥 Trending
Crocs femme,Crocs 35,15.0,15,0,Crocs,,https://www.vinted.fr/items/8867778100,active,0,2026-05-09 20:11:08 CEST,21.0,2,➖ Moderate
Crocs femme,Crocs taille 11 (45),18.0,16,0,Crocs,,https://www.vinted.fr/items/8789407532,active,3,2026-05-09 17:11:13 CEST,24.0,9,🔥 Trending
Crocs femme,Crocs schwarz,5.0,12,0,Crocs,,https://www.vinted.fr/items/8872218873,active,0,2026-05-10 13:11:19 CEST,4.0,7,📈 Growing
Crocs femme,Crocs plateforme,30.0,62,0,Crocs,,https://www.vinted.fr/items/8863814068,active,10,2026-05-09 17:11:24 CEST,24.0,20,🔥🔥🔥 Very Strong Demand
Crocs femme,Crocs,20.0,10,0,Crocs,,https://www.vinted.fr/items/8858146888,active,3,2026-05-09 17:11:25 CEST,24.0,8,🔥 Trending
Crocs femme,Crocs,15.0,33,0,Crocs,,https://www.vinted.fr/items/8862504997,active,0,2026-05-09 17:11:30 CEST,24.0,3,➖ Moderate
Crocs femme,Crocs color blossom,30.0,30,0,Crocs,,https://www.vinted.fr/items/8873141464,active,0,2026-05-10 14:11:35 CEST,3.0,20,🔥🔥🔥 Very Strong Demand
Crocs femme,CROCS Classic Kaki,23.0,4,0,Crocs,,https://www.vinted.fr/items/8871531293,active,0,2026-05-10 12:11:39 CEST,5.0,2,➖ Moderate
Crocs femme,Crocs Women's Blue Flipflops,23.0,1,0,Crocs,,https://www.vinted.fr/items/8874871266,active,0,2026-05-09 17:11:42 CEST,24.0,0,⚠️ Low
Crocs femme,Crocs Classic Clog noirs – Pointure 38/39 – Neufs – Unisex,29.9,2,0,Crocs,,https://www.vinted.fr/items/8875583153,active,0,2024-04-20 17:11:48 CEST,18000.0,0,⚠️ Low
Crocs femme,Lot Charms Crocs,3.0,3,0,Crocs,,https://www.vinted.fr/items/8873758232,active,0,2026-05-10 15:11:52 CEST,2.0,4,➖ Moderate
Crocs femme,Pins crocs,1.5,14,0,Crocs,,https://www.vinted.fr/items/8872623788,active,0,2026-05-10 13:11:52 CEST,4.0,8,🔥 Trending
Crocs femme,Crocs neuve,30.0,14,0,Crocs,,https://www.vinted.fr/items/8869379137,active,0,2026-05-10 00:11:59 CEST,17.0,2,➖ Moderate
Crocs femme,Sandales crocs 37 38,35.0,1,0,Crocs,,https://www.vinted.fr/items/8874688884,active,0,2026-05-09 17:12:05 CEST,24.0,0,⚠️ Low
Crocs femme,Crocs bayaband brown,30.0,56,0,Crocs,,https://www.vinted.fr/items/8862921390,active,9,2026-05-09 17:12:07 CEST,24.0,19,🔥🔥🔥 Very Strong Demand
Crocs femme,Jibbitz crocs,1.0,13,0,Crocs,,https://www.vinted.fr/items/8850292039,active,0,2026-05-08 17:12:13 CEST,48.0,1,⚠️ Low
Crocs femme,Accessoires crocs Jul jibbitz charm Marseille,4.0,10,0,Crocs,,https://www.vinted.fr/items/8847151580,active,0,2026-05-07 17:12:14 CEST,72.0,0,⚠️ Low
Crocs femme,Crocs rose,25.0,4,0,Crocs,,https://www.vinted.fr/items/8873760969,active,0,2026-05-10 15:12:17 CEST,2.0,5,📈 Growing
Crocs femme,Crocs noir neuve,40.0,9,0,Crocs,,https://www.vinted.fr/items/8874544042,active,0,2026-05-09 17:12:25 CEST,24.0,1,⚠️ Low
Crocs femme,Crocs donna,29.5,9,0,Crocs,,https://www.vinted.fr/items/8870956350,active,0,2026-05-10 11:12:25 CEST,6.0,4,➖ Moderate
Crocs femme,Sabots homme blanc T 44,5.0,4,0,Crocs,,https://www.vinted.fr/items/8873297678,active,0,2026-05-10 14:12:29 CEST,3.0,3,➖ Moderate
Crocs femme,Sandales Crocs,20.0,20,0,Crocs,,https://www.vinted.fr/items/8874223949,active,0,2026-05-09 17:12:34 CEST,24.0,2,➖ Moderate
Crocs femme,Crocs Mujer,34.0,0,0,Crocs,,https://www.vinted.fr/items/8874496868,active,0,2026-05-09 17:12:38 CEST,24.0,0,⚠️ Low
Crocs femme,Pin’s/charms pour crocs pop culture Halloween/horreur,1.0,2,0,,,https://www.vinted.fr/items/8871662542,active,0,2026-05-10 12:12:40 CEST,5.0,1,⚠️ Low
Crocs femme,Crocs noir,23.0,35,0,Crocs,,https://www.vinted.fr/items/8809520121,active,0,2026-05-09 17:12:45 CEST,24.0,3,➖ Moderate
Crocs femme,White crocs,15.0,4,0,Crocs,,https://www.vinted.fr/items/8871224805,active,0,2026-05-10 12:12:51 CEST,5.0,2,➖ Moderate
Crocs femme,Jibbitz crocs Summer,12.0,8,0,Crocs,,https://www.vinted.fr/items/8856661900,sold,0,2026-05-08 17:12:51 CEST,48.0,1,⚠️ Low
Crocs femme,crocs blanc,27.0,25,0,Crocs,,https://www.vinted.fr/items/8862370998,active,6,2026-05-09 17:12:59 CEST,24.0,14,🔥🔥 Strong Demand
Crocs femme,Pins pour Crocs,9.9,13,0,Accessories,,https://www.vinted.fr/items/8869426673,active,0,2026-05-10 00:13:01 CEST,17.0,2,➖ Moderate
Crocs femme,Crocs Gr 40,13.0,13,0,Crocs,,https://www.vinted.fr/items/8873356877,active,0,2026-05-10 14:13:04 CEST,3.0,10,🔥 Trending
Crocs femme,🌸 Pins fleurs et perles pour décorer vos crocs,8.0,94,0,Crocs,,https://www.vinted.fr/items/8866286308,active,3,2026-05-09 17:13:11 CEST,24.0,17,🔥🔥🔥 Very Strong Demand
Crocs femme,Crocs,33.0,5,0,Crocs,,https://www.vinted.fr/items/8873943052,active,0,2026-05-10 15:13:14 CEST,2.0,6,📈 Growing
Crocs femme,Crocs beige,30.0,42,0,Crocs,,https://www.vinted.fr/items/8860864813,active,13,2026-05-09 17:13:16 CEST,24.0,20,🔥🔥🔥 Very Strong Demand
Crocs femme,crocs,28.0,20,0,Crocs,,https://www.vinted.fr/items/8867874979,active,4,2026-05-09 20:13:21 CEST,21.0,10,🔥 Trending
Crocs femme,Crocs cars taille 38 chaussons flash macqueen rouge 95,37.0,4,0,Crocs,,https://www.vinted.fr/items/8872729599,active,0,,24.0,0,⚠️ Low
Crocs femme,"Sandales d'été Crocs, taille 37",22.0,64,0,Crocs,,https://www.vinted.fr/items/8833251249,active,4,2026-05-06 17:13:27 CEST,96.0,8,🔥 Trending
Crocs femme,Crocs,12.0,30,0,boutique indépendante,,https://www.vinted.fr/items/8852984193,active,0,2026-05-08 17:13:34 CEST,48.0,2,➖ Moderate
Crocs femme,Original Crocs – Gr. 38 – Top Zustand,13.0,18,0,Crocs,,https://www.vinted.fr/items/8872250841,active,0,2026-05-10 13:13:35 CEST,4.0,11,🔥 Trending
Crocs femme,Crocs noire neuve 38/39,30.0,48,0,Crocs,,https://www.vinted.fr/items/8859350736,sold,0,2026-05-09 17:13:41 CEST,24.0,7,📈 Growing
Crocs femme,"Sabots "" Crocs"" blanc Pointure 39 ( M7 W9)",25.9,8,0,Crocs,,https://www.vinted.fr/items/8875379322,active,0,2022-12-27 17:13:49 CET,29520.0,0,⚠️ Low
Crocs femme,Crocs baya neuve rose,35.0,12,0,Crocs,,https://www.vinted.fr/items/8872600625,active,3,2026-05-10 13:13:50 CEST,4.0,20,🔥🔥🔥 Very Strong Demand
Crocs femme,Crocs plateforme noir,18.0,22,0,Crocs,,https://www.vinted.fr/items/8857284124,active,4,2026-05-08 17:13:56 CEST,48.0,8,🔥 Trending
Crocs femme,Crocs Mega crush Sandal,36.0,68,0,Crocs,,https://www.vinted.fr/items/8864389152,active,6,2026-05-09 17:14:01 CEST,24.0,19,🔥🔥🔥 Very Strong Demand
Crocs femme,Crocs baya neuf,26.0,7,0,Crocs,,https://www.vinted.fr/items/8868433423,active,0,2026-05-09 21:14:03 CEST,20.0,1,⚠️ Low
Crocs femme,Crocs,32.0,2,0,Crocs,,https://www.vinted.fr/items/8872769027,active,0,2026-05-10 14:14:10 CEST,3.0,2,➖ Moderate
Crocs femme,2 pins crocs jul,6.5,5,0,Crocs,,https://www.vinted.fr/items/8873629970,active,0,2026-05-10 15:14:12 CEST,2.0,6,📈 Growing
Crocs femme,Crocs,29.99,45,0,Crocs,,https://www.vinted.fr/items/8855241536,active,6,2026-05-08 17:14:16 CEST,48.0,13,🔥🔥 Strong Demand
Crocs femme,Crocs compensées femme,40.0,42,0,Crocs,,https://www.vinted.fr/items/8860442533,active,3,2026-05-09 17:14:22 CEST,24.0,11,🔥 Trending
Crocs femme,Ballerines Crocs comme neuves,13.0,8,0,Crocs,,https://www.vinted.fr/items/8872169686,active,0,2026-05-10 13:14:24 CEST,4.0,5,📈 Growing
Crocs femme,Ballerines Crocs - bleu blanc rouge - W8 - taille 39,15.0,25,0,Crocs,,https://www.vinted.fr/items/8870872201,active,0,2026-05-10 11:14:29 CEST,6.0,10,🔥 Trending
Crocs femme,Sandales Crocs T. 37-38,15.0,57,0,Crocs,,https://www.vinted.fr/items/8873433494,active,3,2026-05-10 14:14:35 CEST,3.0,20,🔥🔥🔥 Very Strong Demand
Crocs femme,crocs,25.0,31,0,Crocs,,https://www.vinted.fr/items/8854334887,active,4,2026-05-08 17:14:38 CEST,48.0,8,🔥 Trending
Crocs femme,Crocs originales grises à paillettes,12.0,25,0,Crocs,,https://www.vinted.fr/items/8847311563,active,0,2026-05-07 17:14:40 CEST,72.0,1,⚠️ Low
Crocs femme,Crocs,15.0,3,0,Crocs,,https://www.vinted.fr/items/8874590333,active,0,2026-05-09 17:14:49 CEST,24.0,0,⚠️ Low
Crocs femme,Crocs blanche,35.0,61,0,Crocs,,https://www.vinted.fr/items/8859662131,active,12,2026-05-09 17:14:50 CEST,24.0,20,🔥🔥🔥 Very Strong Demand
Crocs femme,Crocs moumoute noir,15.0,20,0,Crocs,,https://www.vinted.fr/items/8837276684,active,0,2026-05-06 17:14:50 CEST,96.0,0,⚠️ Low
Crocs femme,Crocs ballerines noires,18.0,6,0,Crocs,,https://www.vinted.fr/items/8870513838,active,0,2026-05-10 10:14:59 CEST,7.0,2,➖ Moderate
Crocs femme,Ciabatte,35.0,0,0,Crocs,,https://www.vinted.fr/items/8874817921,active,0,2026-05-09 17:15:02 CEST,24.0,0,⚠️ Low
Crocs femme,Crocs plate-forme argentée paillette,45.0,46,0,Crocs,,https://www.vinted.fr/items/8871812397,active,5,2026-05-10 12:15:02 CEST,5.0,20,🔥🔥🔥 Very Strong Demand
Crocs femme,Crocs novas nunca usadas,30.0,17,0,Crocs,,https://www.vinted.fr/items/8869671033,active,3,2026-05-10 02:15:08 CEST,15.0,11,🔥 Trending
Crocs femme,Hausschuhe,15.0,0,0,Crocs,,https://www.vinted.fr/items/8874774694,active,0,2026-05-09 17:15:14 CEST,24.0,0,⚠️ Low
Crocs femme,Crocs toddler,2.5,15,0,Crocs,,https://www.vinted.fr/items/8852158639,active,0,2026-05-08 17:15:18 CEST,48.0,1,⚠️ Low
Crocs femme,Crocs Bubble Crush Clog Triple Black,60.0,41,0,Crocs,,https://www.vinted.fr/items/8571371623,active,0,2026-04-05 17:15:19 CEST,840.0,0,⚠️ Low
Crocs femme,Clips Jibbitz crocs,7.0,42,0,Crocs,,https://www.vinted.fr/items/8756682427,active,0,2026-05-09 17:15:25 CEST,24.0,4,➖ Moderate
Crocs femme,Crocs à plateforme,30.0,29,0,Crocs,,https://www.vinted.fr/items/8869266251,active,4,2026-05-09 23:15:31 CEST,18.0,12,🔥🔥 Strong Demand
Crocs femme,Crocs roze M9 W11 maat 42/43,25.0,10,0,Crocs,,https://www.vinted.fr/items/8872660608,sold,0,2026-05-10 13:15:34 CEST,4.0,9,🔥 Trending
Crocs femme,Lot de 10 pins pour crocs,20.0,25,0,Crocs,,https://www.vinted.fr/items/8860746399,active,0,2026-05-09 17:15:38 CEST,24.0,2,➖ Moderate
Crocs femme,Crocs noir,40.0,36,0,Crocs,,https://www.vinted.fr/items/8859292601,active,6,2026-05-09 17:15:43 CEST,24.0,16,🔥🔥🔥 Very Strong Demand
Crocs femme,Crocs femme caged mules,45.0,6,0,Crocs,,https://www.vinted.fr/items/8871899274,active,0,2026-05-10 13:15:45 CEST,4.0,4,➖ Moderate
Crocs femme,white crocs,15.0,37,0,Crocs,,https://www.vinted.fr/items/8773031093,active,6,2026-05-09 17:15:50 CEST,24.0,16,🔥🔥🔥 Very Strong Demand
Crocs femme,Crocs kitchen shoes,48.0,50,0,Crocs,,https://www.vinted.fr/items/8776638317,active,0,2026-05-09 17:15:55 CEST,24.0,5,📈 Growing
Crocs femme,Crocs rose à paillettes,5.0,15,0,Crocs,,https://www.vinted.fr/items/8866059453,active,0,2026-05-09 17:15:59 CEST,24.0,2,➖ Moderate
Crocs femme,Crocs beige mixte neuf original pt 40,32.0,76,0,Crocs,,https://www.vinted.fr/items/8807118403,active,12,2026-05-09 17:16:01 CEST,24.0,20,🔥🔥🔥 Very Strong Demand
Crocs femme,crocs,25.0,31,0,Crocs,,https://www.vinted.fr/items/8854334887,active,4,2026-05-08 17:16:07 CEST,48.0,8,🔥 Trending
Crocs femme,white crocs,15.0,37,0,Crocs,,https://www.vinted.fr/items/8773031093,active,6,2026-05-09 17:16:09 CEST,24.0,16,🔥🔥🔥 Very Strong Demand
Crocs femme,Crocs blanche,30.0,52,0,Crocs,,https://www.vinted.fr/items/8856973523,active,10,2026-05-08 17:16:13 CEST,48.0,19,🔥🔥🔥 Very Strong Demand
Crocs femme,Crocs ballerines noires,18.0,6,0,Crocs,,https://www.vinted.fr/items/8870513838,active,0,2026-05-10 10:16:17 CEST,7.0,2,➖ Moderate
Crocs femme,Crocs à plateforme,30.0,29,0,Crocs,,https://www.vinted.fr/items/8869266251,active,4,2026-05-09 23:16:22 CEST,18.0,12,🔥🔥 Strong Demand
Crocs femme,Crocs mules taille 36,15.0,21,0,Crocs,,https://www.vinted.fr/items/8861375419,active,0,2026-05-09 17:16:24 CEST,24.0,2,➖ Moderate
Crocs femme,Croc’s Rose pale - Barely pink,28.0,9,0,Crocs,,https://www.vinted.fr/items/8873607630,active,0,,24.0,1,⚠️ Low
Crocs femme,Vends belle paire de Crocs,25.0,4,0,Crocs,,https://www.vinted.fr/items/8872988429,active,0,2026-05-10 14:16:32 CEST,3.0,3,➖ Moderate
Crocs femme,Crocs Cleo 9 39/40 schwarz Badeschuhe neu,18.0,7,0,Crocs,,https://www.vinted.fr/items/8873132099,active,0,2026-05-10 14:16:37 CEST,3.0,6,📈 Growing
Crocs femme,Crocs plateforme,35.0,32,0,Crocs,,https://www.vinted.fr/items/8845726089,active,3,2026-05-07 17:16:38 CEST,72.0,7,📈 Growing
Crocs femme,Crocs femme,30.0,39,0,Crocs,,https://www.vinted.fr/items/8851064012,active,6,2026-05-08 17:16:44 CEST,48.0,13,🔥🔥 Strong Demand
Crocs femme,Crocs UK9,15.0,26,0,Crocs,,https://www.vinted.fr/items/8766776744,active,0,2026-05-09 17:16:50 CEST,24.0,3,➖ Moderate
Crocs femme,Sandalias Crocs,19.0,21,0,Crocs,,https://www.vinted.fr/items/8870581860,active,6,2026-05-10 10:16:53 CEST,7.0,20,🔥🔥🔥 Very Strong Demand
Crocs femme,Crocs,18.0,32,0,Crocs,,https://www.vinted.fr/items/8857299290,active,9,2026-05-08 17:16:56 CEST,48.0,13,🔥🔥 Strong Demand
Crocs femme,Crocs CARS taille 38/39 -> M6/W8,40.0,33,0,Crocs,,https://www.vinted.fr/items/8859696807,active,6,2026-05-09 17:17:01 CEST,24.0,15,🔥🔥 Strong Demand
Crocs femme,Crocs,30.0,14,0,Crocs,,https://www.vinted.fr/items/8863261764,active,4,2026-05-09 17:17:06 CEST,24.0,9,🔥 Trending
Crocs femme,Crocs plate-forme,40.0,2,0,Crocs,,https://www.vinted.fr/items/8874082704,active,0,2026-05-10 15:17:07 CEST,2.0,2,➖ Moderate
Crocs femme,Crocs (fausse) taille haute,8.0,11,0,Crocs,,https://www.vinted.fr/items/8757320720,active,0,2026-05-09 17:17:16 CEST,24.0,1,⚠️ Low
Crocs femme,Crocs,25.0,54,0,Crocs,,https://www.vinted.fr/items/8854498057,active,9,2026-05-08 17:17:18 CEST,48.0,14,🔥🔥 Strong Demand
Crocs femme,Chinelos Crocs originais,13.0,37,0,Crocs,,https://www.vinted.fr/items/8872251121,active,5,2026-05-10 13:17:21 CEST,4.0,20,🔥🔥🔥 Very Strong Demand
Crocs femme,Crocs,30.0,0,0,Crocs,,https://www.vinted.fr/items/8875317443,active,0,2026-05-09 17:17:27 CEST,24.0,0,⚠️ Low
Crocs femme,Crocs neuf 37,30.0,34,0,Crocs,,https://www.vinted.fr/items/8858521995,active,4,2026-05-09 17:17:30 CEST,24.0,11,🔥 Trending
Crocs femme,Welly crocs,6.0,1,0,Crocs,,https://www.vinted.fr/items/8873944091,active,0,2026-05-10 15:17:33 CEST,2.0,1,⚠️ Low
Crocs femme,Crocs lilas,30.0,28,0,Crocs,,https://www.vinted.fr/items/8863606584,active,0,2026-05-09 17:17:39 CEST,24.0,3,➖ Moderate
Crocs femme,Crocs burton,20.0,60,0,Burton,,https://www.vinted.fr/items/8865711389,active,0,2026-05-09 17:17:42 CEST,24.0,6,📈 Growing
Crocs femme,Pantofole Crocs donna taglia 37-38,20.0,16,0,Crocs,,https://www.vinted.fr/items/8737383554,active,0,2026-04-26 17:17:47 CEST,336.0,0,⚠️ Low
Crocs femme,Crocs rose paillette femme taille 39/40,45.0,46,0,Crocs,,https://www.vinted.fr/items/8866739709,active,5,2026-05-09 17:17:49 CEST,24.0,16,🔥🔥🔥 Very Strong Demand
Crocs femme,Crocs Classic Clog Summer Édition,30.0,16,0,Crocs,,https://www.vinted.fr/items/8865777165,active,0,2026-05-09 17:17:52 CEST,24.0,2,➖ Moderate
Crocs femme,Crocs,18.0,33,0,Crocs,,https://www.vinted.fr/items/8868474637,active,0,2026-05-09 21:17:59 CEST,20.0,4,➖ Moderate
Crocs femme,Lot Charms Crocs,3.0,3,0,Crocs,,https://www.vinted.fr/items/8873775802,active,0,2026-05-10 15:18:02 CEST,2.0,4,➖ Moderate
Crocs femme,Crocs,32.0,35,0,Crocs,,https://www.vinted.fr/items/8858464682,active,9,2026-05-09 17:18:04 CEST,24.0,17,🔥🔥🔥 Very Strong Demand
Crocs femme,Crocs,20.0,8,0,Crocs,,https://www.vinted.fr/items/8872296772,active,0,2026-05-10 13:18:10 CEST,4.0,5,📈 Growing
Crocs femme,crocs marron,30.0,31,0,Crocs,,https://www.vinted.fr/items/8863289416,active,3,2026-05-09 17:18:13 CEST,24.0,10,🔥 Trending
Crocs femme,Crocs neuf,28.0,19,0,Crocs,,https://www.vinted.fr/items/8867944999,active,0,2026-05-09 20:18:18 CEST,21.0,2,➖ Moderate
Crocs femme,crocs platform,25.0,52,0,Crocs,,https://www.vinted.fr/items/8867740236,active,0,2026-05-09 20:18:23 CEST,21.0,6,📈 Growing
Crocs femme,Crocs,9.0,27,0,Crocs,,https://www.vinted.fr/items/8864586052,active,5,2026-05-09 17:18:24 CEST,24.0,14,🔥🔥 Strong Demand
Crocs femme,Crocs beige,36.99,0,0,Crocs,,https://www.vinted.fr/items/8875693530,active,0,2024-05-20 17:18:29 CEST,17280.0,0,⚠️ Low
Crocs femme,Crocs plateforme,35.0,59,0,Crocs,,https://www.vinted.fr/items/8846396790,active,6,2026-05-07 17:18:36 CEST,72.0,12,🔥🔥 Strong Demand
Crocs femme,Tongs CROCS,15.0,32,0,Crocs,,https://www.vinted.fr/items/8815203235,active,0,2026-05-04 17:18:38 CEST,144.0,1,⚠️ Low
Crocs femme,Crocs violette,20.0,0,0,Crocs,,https://www.vinted.fr/items/8875540452,active,0,2023-06-25 17:18:40 CEST,25200.0,0,⚠️ Low
Crocs femme,Crocs Orange,35.0,22,0,Crocs,,https://www.vinted.fr/items/8870677551,sold,0,2026-05-10 11:18:47 CEST,6.0,13,🔥🔥 Strong Demand
Crocs femme,Crocs,30.0,3,0,Crocs,,https://www.vinted.fr/items/8872143816,active,0,2026-05-10 13:18:50 CEST,4.0,2,➖ Moderate
Crocs femme,"Crocs woman trainers,new",43.0,8,0,Crocs,,https://www.vinted.fr/items/8874030570,active,0,2026-05-10 15:18:54 CEST,2.0,10,🔥 Trending
Crocs femme,Crocs t 40,19.99,1,0,Crocs,,https://www.vinted.fr/items/8873999242,active,0,2026-05-10 15:19:00 CEST,2.0,1,⚠️ Low
Crocs femme,Sabots crocs roses,28.0,24,0,Crocs,,https://www.vinted.fr/items/8870778624,active,4,2026-05-10 11:19:01 CEST,6.0,20,🔥🔥🔥 Very Strong Demand
Crocs femme,Crocs homme 42M,50.0,3,0,Crocs,,https://www.vinted.fr/items/8872782703,active,0,,24.0,0,⚠️ Low
Crocs femme,crocs echo clog,50.0,6,0,Crocs,,https://www.vinted.fr/items/8871259147,active,3,2026-05-10 12:19:10 CEST,5.0,15,🔥🔥 Strong Demand
Crocs femme,Crocs,5.0,12,0,Shein,,https://www.vinted.fr/items/8861786209,active,0,2026-05-09 17:19:12 CEST,24.0,1,⚠️ Low
Crocs femme,Sandales tongues crocs,15.0,4,0,Crocs,,https://www.vinted.fr/items/8873446918,active,0,2026-05-10 14:19:17 CEST,3.0,3,➖ Moderate
Crocs femme,Croc Charms,1.0,32,0,Crocs,,https://www.vinted.fr/items/8473207444,active,0,2026-03-29 17:19:26 CEST,1008.0,0,⚠️ Low
Crocs femme,Pins pour crocs,1.0,26,0,Crocs,,https://www.vinted.fr/items/8810129301,active,0,2026-05-09 17:19:27 CEST,24.0,3,➖ Moderate
Crocs femme,Crocs,10.0,14,0,Crocs,,https://www.vinted.fr/items/8782910708,active,0,2026-05-09 17:19:31 CEST,24.0,1,⚠️ Low
Crocs femme,Crocs rose avec pins,18.5,12,0,Crocs,,https://www.vinted.fr/items/8866759986,active,0,2026-05-09 17:19:40 CEST,24.0,1,⚠️ Low
Crocs femme,Crocs simpson,25.0,17,0,Crocs,,https://www.vinted.fr/items/8815163023,active,0,2026-05-04 17:19:40 CEST,144.0,0,⚠️ Low
Crocs femme,Crocs ballerines fleurs bleues,11.0,18,0,Crocs,,https://www.vinted.fr/items/8812251811,active,0,2026-05-09 17:19:41 CEST,24.0,2,➖ Moderate
Crocs femme,Crocs slippers maat 42,15.0,22,0,Crocs,,https://www.vinted.fr/items/8870364804,active,3,2026-05-10 10:19:52 CEST,7.0,18,🔥🔥🔥 Very Strong Demand
Crocs femme,Sabot Crocs,4.0,14,0,Crocs,,https://www.vinted.fr/items/8121584977,active,0,2026-02-09 17:19:54 CET,2160.0,0,⚠️ Low
Crocs femme,Charms crocs,1.0,0,0,Crocs,,https://www.vinted.fr/items/8872515913,active,0,2026-05-10 15:19:54 CEST,2.0,0,⚠️ Low
Crocs femme,CROCS Classic grise,23.0,6,0,Crocs,,https://www.vinted.fr/items/8871503496,active,0,2026-05-10 12:20:03 CEST,5.0,3,➖ Moderate
Crocs femme,jibbitz crocs,4.0,5,0,Crocs,,https://www.vinted.fr/items/8861666676,active,0,2026-05-09 17:20:05 CEST,24.0,0,⚠️ Low
Crocs femme,Sandales Crocs,35.0,29,0,Crocs,,https://www.vinted.fr/items/8867229495,active,0,2026-05-09 19:20:05 CEST,22.0,3,➖ Moderate
Crocs femme,Crocs paillete,32.0,59,0,Crocs,,https://www.vinted.fr/items/8819332516,active,7,2026-05-04 17:20:15 CEST,144.0,11,🔥 Trending
Crocs femme,Pins crocs carte algerie,2.5,5,0,,,https://www.vinted.fr/items/8869147003,active,0,2026-05-09 23:20:16 CEST,18.0,1,⚠️ Low
Crocs femme,crocs bayaband clog neuve,35.0,46,0,Crocs,,https://www.vinted.fr/items/8872741041,active,3,2026-05-10 13:20:17 CEST,4.0,20,🔥🔥🔥 Very Strong Demand
Crocs femme,glitzernde Crocs Clogs # glitzernde Crocs Clogs,23.0,15,0,Crocs,,https://www.vinted.fr/items/8857391023,active,6,2026-05-08 17:20:25 CEST,48.0,12,🔥🔥 Strong Demand
Crocs femme,Sandals Crocs,15.0,14,0,Crocs,,https://www.vinted.fr/items/8862930553,active,0,2026-05-09 17:20:28 CEST,24.0,1,⚠️ Low
Crocs femme,"Original Crocs M5 W7 aubergine ,ca. Gr.37",16.0,21,0,Crocs,,https://www.vinted.fr/items/8862687314,active,0,2026-05-09 17:20:29 CEST,24.0,2,➖ Moderate
Crocs femme,Crocs,20.0,25,0,Crocs,,https://www.vinted.fr/items/8866942729,active,0,,24.0,2,➖ Moderate
Crocs femme,Crocs,30.0,85,0,Crocs,,https://www.vinted.fr/items/8842112468,active,5,2026-05-07 17:20:39 CEST,72.0,13,🔥🔥 Strong Demand
Crocs femme,Crocs kaki,5.0,19,0,Crocs,,https://www.vinted.fr/items/7464683538,active,0,2025-11-11 17:20:41 CET,4320.0,0,⚠️ Low
Crocs femme,Jibbitz,1.0,31,0,Crocs,,https://www.vinted.fr/items/8808889089,active,0,2026-05-09 17:20:47 CEST,24.0,3,➖ Moderate
Crocs femme,Sandales Crocs Noir,18.0,8,0,Crocs,,https://www.vinted.fr/items/8871785593,active,3,2026-05-10 12:20:50 CEST,5.0,16,🔥🔥🔥 Very Strong Demand
Crocs femme,Crocs,28.0,17,0,Crocs,,https://www.vinted.fr/items/8783506233,active,0,2026-05-09 17:20:53 CEST,24.0,2,➖ Moderate
Crocs femme,Crocs compensés,25.0,50,0,Crocs,,https://www.vinted.fr/items/8833514051,active,0,2026-05-06 17:20:59 CEST,96.0,1,⚠️ Low
Crocs femme,"zoccoli leggeri, di alta qualità ed eleganti",49.0,15,0,Crocs,,https://www.vinted.fr/items/8860128797,active,0,2026-05-09 17:21:01 CEST,24.0,2,➖ Moderate
Crocs femme,CROCS - classic mary jane clog crocs,40.0,35,0,Crocs,,https://www.vinted.fr/items/8873133461,active,0,2026-05-10 14:21:06 CEST,3.0,20,🔥🔥🔥 Very Strong Demand
Crocs femme,Crocs,40.0,35,0,Crocs,,https://www.vinted.fr/items/8863582933,active,9,2026-05-09 17:21:11 CEST,24.0,17,🔥🔥🔥 Very Strong Demand
Crocs femme,Sandalen van Crocs maat 10,17.0,3,0,Crocs,,https://www.vinted.fr/items/8875583041,active,0,2023-07-25 17:21:13 CEST,24480.0,0,⚠️ Low
Crocs femme,Crocs,29.9,3,0,Crocs,,https://www.vinted.fr/items/8873285285,active,0,2026-05-10 14:21:18 CEST,3.0,2,➖ Moderate
Crocs femme,Sabot style crocs baya plateform,9.0,53,0,Crocs,,https://www.vinted.fr/items/8729496607,active,0,2026-04-26 17:21:26 CEST,336.0,0,⚠️ Low
Crocs femme,Crocs blanche,10.0,12,0,Crocs,,https://www.vinted.fr/items/8862096836,active,0,2026-05-09 17:21:27 CEST,24.0,1,⚠️ Low
Crocs femme,Crocs,13.0,10,0,Crocs,,https://www.vinted.fr/items/8859509875,active,0,2026-05-09 17:21:31 CEST,24.0,1,⚠️ Low
Crocs femme,Lot de pins pour crocs,20.0,90,0,Crocs,,https://www.vinted.fr/items/8827565582,active,0,2026-05-05 17:21:39 CEST,120.0,2,➖ Moderate
Crocs femme,Crocs rose avec bijoux,10.0,19,0,Crocs,,https://www.vinted.fr/items/8281829270,active,0,2026-03-11 17:21:40 CET,1440.0,0,⚠️ Low
Crocs femme,Crocs neuve,30.0,32,0,Crocs,,https://www.vinted.fr/items/8810731674,active,0,2026-05-09 17:21:48 CEST,24.0,3,➖ Moderate
Crocs femme,Crocs dames  classic Marbled clog maat 37-38,24.5,60,0,Crocs,,https://www.vinted.fr/items/8870198128,active,9,2026-05-10 09:21:49 CEST,8.0,20,🔥🔥🔥 Very Strong Demand
Crocs femme,Crocs Crush Unisex Original Gr. 38,40.0,4,0,Crocs,,https://www.vinted.fr/items/8873958424,active,0,2026-05-10 15:21:58 CEST,2.0,5,📈 Growing
Crocs femme,Sandalen,13.0,49,0,Crocs,,https://www.vinted.fr/items/8873565461,active,8,2026-05-10 15:21:59 CEST,2.0,20,🔥🔥🔥 Very Strong Demand
Crocs femme,Crocs baya plateforme,30.0,17,0,,,https://www.vinted.fr/items/8870800563,active,5,2026-05-10 11:22:00 CEST,6.0,20,🔥🔥🔥 Very Strong Demand
Crocs femme,Crocs unisex,30.0,31,0,Crocs,,https://www.vinted.fr/items/8868452070,active,4,2026-05-09 21:22:09 CEST,20.0,12,🔥🔥 Strong Demand
Crocs femme,Crocs ! voir description !!,8.5,41,0,Crocs,,https://www.vinted.fr/items/8508428083,sold,0,2026-03-29 17:22:10 CEST,1008.0,0,⚠️ Low
Crocs femme,Crocs Noir fourré  taille 39/40 W9,2.0,6,0,Crocs,,https://www.vinted.fr/items/8802870499,active,0,2026-05-09 17:22:11 CEST,24.0,1,⚠️ Low
Crocs femme,Sandales CROCS Nude 40,25.0,4,0,Crocs,,https://www.vinted.fr/items/8873519177,active,0,2026-05-10 14:22:20 CEST,3.0,3,➖ Moderate
Crocs femme,Crocs beige anti-dérapant,15.0,11,0,Crocs,,https://www.vinted.fr/items/8849581339,active,0,2026-05-07 17:22:21 CEST,72.0,0,⚠️ Low
Crocs femme,Lot de 10 pins pour crocs,20.0,12,0,Crocs,,https://www.vinted.fr/items/8860740990,active,0,2026-05-09 17:22:23 CEST,24.0,1,⚠️ Low
Crocs femme,Crocs marrons,35.0,35,0,Crocs,,https://www.vinted.fr/items/8864119179,active,6,2026-05-09 17:22:31 CEST,24.0,15,🔥🔥 Strong Demand
Crocs femme,Crocs rose,22.0,23,0,Crocs,,https://www.vinted.fr/items/8756700467,active,0,2026-05-09 17:22:32 CEST,24.0,2,➖ Moderate
Crocs femme,Crocs,20.0,25,0,Crocs,,https://www.vinted.fr/items/8866942729,active,0,,24.0,2,➖ Moderate
Crocs femme,Crocs beige anti-dérapant,15.0,11,0,Crocs,,https://www.vinted.fr/items/8849581339,active,0,2026-05-07 17:22:41 CEST,72.0,0,⚠️ Low
Crocs femme,"Women's black sandals, size 36",22.0,38,0,Crocs,,https://www.vinted.fr/items/8866943799,active,3,2026-05-09 17:22:44 CEST,24.0,11,🔥 Trending
Crocs femme,Crocs beige,40.0,15,0,Crocs,,https://www.vinted.fr/items/8859263379,active,4,2026-05-09 17:22:47 CEST,24.0,9,🔥 Trending
Crocs femme,CROCS - classic mary jane clog crocs,40.0,35,0,Crocs,,https://www.vinted.fr/items/8873133461,active,0,2026-05-10 14:22:54 CEST,3.0,20,🔥🔥🔥 Very Strong Demand
Crocs femme,Crocs,30.0,3,0,Crocs,,https://www.vinted.fr/items/8691268125,active,0,2026-04-19 17:22:58 CEST,504.0,0,⚠️ Low
Crocs femme,Crocs noir,40.0,36,0,Crocs,,https://www.vinted.fr/items/8859292601,active,6,2026-05-09 17:23:03 CEST,24.0,16,🔥🔥🔥 Very Strong Demand
Crocs femme,Crocs teenslippers,10.0,11,0,Crocs,,https://www.vinted.fr/items/8871732194,active,3,2026-05-10 12:23:05 CEST,5.0,17,🔥🔥🔥 Very Strong Demand
Crocs femme,Tonton daoud pins crocs,1.5,8,0,,,https://www.vinted.fr/items/8853985879,active,0,2026-05-08 17:23:08 CEST,48.0,0,⚠️ Low
Crocs femme,Crocs Tulum Sandal,24.0,1,0,Crocs,,https://www.vinted.fr/items/8874800696,active,0,2026-05-09 17:23:14 CEST,24.0,0,⚠️ Low
Crocs femme,Crocs,25.0,21,0,Crocs,,https://www.vinted.fr/items/8855465222,active,0,2026-05-08 17:23:17 CEST,48.0,1,⚠️ Low
Crocs femme,crocs bleu,25.0,37,0,Crocs,,https://www.vinted.fr/items/8763985684,active,0,2026-05-09 17:23:20 CEST,24.0,4,➖ Moderate
Crocs femme,Crocs - tongs à plate-forme - pointure 38,25.0,24,0,Crocs,,https://www.vinted.fr/items/8856841469,active,0,2026-05-08 17:23:26 CEST,48.0,1,⚠️ Low
Crocs femme,Crocs Sandalen metallic Schnalle 39-40,39.0,12,0,Crocs,,https://www.vinted.fr/items/8872757859,active,0,2026-05-10 13:23:28 CEST,4.0,7,📈 Growing
Crocs femme,Sandalen,13.0,49,0,Crocs,,https://www.vinted.fr/items/8873565461,active,8,2026-05-10 15:23:31 CEST,2.0,20,🔥🔥🔥 Very Strong Demand
Crocs femme,Crocs avec pins,18.5,7,0,Crocs,,https://www.vinted.fr/items/8866260078,active,0,2026-05-09 17:23:36 CEST,24.0,1,⚠️ Low
Crocs femme,Zwarte crocs,25.0,3,0,Crocs,,https://www.vinted.fr/items/8872493984,active,0,,24.0,0,⚠️ Low
Crocs femme,Crocs,40.0,35,0,Crocs,,https://www.vinted.fr/items/8863582933,active,9,2026-05-09 17:23:43 CEST,24.0,17,🔥🔥🔥 Very Strong Demand
Crocs femme,crocs rose,15.0,24,0,Crocs,,https://www.vinted.fr/items/8848810726,active,4,2026-05-07 17:23:49 CEST,72.0,7,📈 Growing
Crocs femme,Sandales CROCS Nude 40,25.0,4,0,Crocs,,https://www.vinted.fr/items/8873519177,active,0,2026-05-10 14:23:53 CEST,3.0,3,➖ Moderate
Crocs femme,Crocs,15.0,26,0,Crocs,,https://www.vinted.fr/items/8826820854,active,0,2026-05-05 17:23:55 CEST,120.0,1,⚠️ Low
Crocs femme,Chausseure femme CROCS taille 37,11.0,29,0,Crocs,,https://www.vinted.fr/items/8650948375,active,0,2026-04-19 17:23:58 CEST,504.0,0,⚠️ Low
Crocs femme,Crocs,30.0,85,0,Crocs,,https://www.vinted.fr/items/8842112468,active,5,2026-05-07 17:24:05 CEST,72.0,13,🔥🔥 Strong Demand
Crocs femme,Crocs,27.0,50,0,Crocs,,https://www.vinted.fr/items/8771065958,active,3,2026-05-09 17:24:07 CEST,24.0,12,🔥🔥 Strong Demand
Crocs femme,Crocs ballerines original kaki 39,15.0,24,0,Crocs,,https://www.vinted.fr/items/8839817789,active,0,2026-05-06 17:24:09 CEST,96.0,1,⚠️ Low
Crocs femme,Crocs,15.0,223,0,Crocs,,https://www.vinted.fr/items/7951756369,active,0,2026-02-09 17:24:18 CET,2160.0,0,⚠️ Low
Crocs femme,Crocs looney tunes,30.0,0,0,Crocs,,https://www.vinted.fr/items/8875223650,active,0,2026-05-09 17:24:19 CEST,24.0,0,⚠️ Low
Crocs femme,Zapatillas croc,24.5,33,0,Crocs,,https://www.vinted.fr/items/8866436619,active,8,2026-05-09 17:24:24 CEST,24.0,16,🔥🔥🔥 Very Strong Demand
Crocs femme,Jibbitz Mario kart,10.0,32,0,Crocs,,https://www.vinted.fr/items/8741945260,active,0,2026-04-26 17:24:29 CEST,336.0,0,⚠️ Low
Crocs femme,Croc flip flops,7.0,0,0,Crocs,,https://www.vinted.fr/items/8874566107,active,0,2026-05-09 17:24:34 CEST,24.0,0,⚠️ Low
Crocs femme,Lot de 10 pins pour crocs,20.0,12,0,Crocs,,https://www.vinted.fr/items/8860740990,active,0,2026-05-09 17:24:39 CEST,24.0,1,⚠️ Low
Crocs femme,jibbitz crocs,4.0,5,0,Crocs,,https://www.vinted.fr/items/8861666676,active,0,2026-05-09 17:24:42 CEST,24.0,0,⚠️ Low
Crocs femme,Crocs Flip Flops,10.0,14,0,Crocs,,https://www.vinted.fr/items/8871792580,active,0,2026-05-10 12:24:45 CEST,5.0,7,📈 Growing
Crocs femme,Crocs limited edition mit Palmen,5.0,17,0,Crocs,,https://www.vinted.fr/items/8783825574,active,0,2026-05-09 17:24:50 CEST,24.0,2,➖ Moderate
Crocs femme,CROCS,10.0,6,0,Crocs,,https://www.vinted.fr/items/8856442382,active,3,2026-05-08 17:24:54 CEST,48.0,7,📈 Growing
Crocs femme,Crocs Multicoloured-Size 7-EU40,18.0,24,0,Crocs,,https://www.vinted.fr/items/8867905936,active,0,2026-05-09 20:24:55 CEST,21.0,3,➖ Moderate
Crocs femme,Sacoche crocs,16.0,61,0,Crocs,,https://www.vinted.fr/items/8809345569,active,0,2026-05-09 17:25:01 CEST,24.0,6,📈 Growing
Crocs femme,Zuecos Crocs,17.0,23,0,Crocs,,https://www.vinted.fr/items/8845802533,active,4,2026-05-07 17:25:07 CEST,72.0,7,📈 Growing
Crocs femme,Crocs neu,25.0,52,0,Crocs,,https://www.vinted.fr/items/8864978302,active,14,2026-05-09 17:25:10 CEST,24.0,20,🔥🔥🔥 Very Strong Demand
Crocs femme,Crocs - très bon état,15.0,15,0,Crocs,,https://www.vinted.fr/items/8816592006,active,0,2026-05-04 17:25:13 CEST,144.0,0,⚠️ Low
Crocs femme,Crocs jamais porté taille 38/39,39.0,91,0,Crocs,,https://www.vinted.fr/items/8842194222,active,8,2026-05-07 17:25:19 CEST,72.0,14,🔥🔥 Strong Demand
Crocs femme,Pins crocs,2.0,4,0,Crocs,,https://www.vinted.fr/items/8872609713,active,0,2026-05-10 13:25:21 CEST,4.0,2,➖ Moderate
Crocs femme,Ciabatte alte Crocs,15.0,8,0,Crocs,,https://www.vinted.fr/items/8873349489,active,0,2026-05-10 14:25:24 CEST,3.0,6,📈 Growing
Crocs femme,Crocs leopard plaform comfort,28.0,34,0,Crocs,,https://www.vinted.fr/items/8860261652,active,3,2026-05-09 17:25:32 CEST,24.0,11,🔥 Trending
Crocs femme,🌴 Sandales Crocs Miami Platform Y Strap – Beige – Taille 37/38 🌴,40.0,36,0,Crocs,,https://www.vinted.fr/items/8870500643,active,0,2026-05-10 10:25:34 CEST,7.0,12,🔥🔥 Strong Demand
Crocs femme,Crocs Lightning McQueen Cars,40.0,8,0,Crocs,,https://www.vinted.fr/items/8868749401,active,0,2026-05-09 22:25:37 CEST,19.0,1,⚠️ Low
Crocs femme,Crocs 38.39,35.0,38,0,Crocs,,https://www.vinted.fr/items/8857117694,active,7,2026-05-08 17:25:45 CEST,48.0,13,🔥🔥 Strong Demand
Crocs femme,Crocs compensées,30.0,16,0,Crocs,,https://www.vinted.fr/items/8862902005,active,3,2026-05-09 17:25:47 CEST,24.0,9,🔥 Trending
Crocs femme,Sandales Crocs,20.0,27,0,Crocs,,https://www.vinted.fr/items/8805062193,active,0,2026-05-09 17:25:50 CEST,24.0,3,➖ Moderate
Crocs femme,Crocs Navy Flip Flops with Polka Dot Straps W11/UK 9,10.0,0,0,Crocs,,https://www.vinted.fr/items/8875208526,active,0,2026-05-09 17:25:57 CEST,24.0,0,⚠️ Low
Crocs femme,Crocs compensées,20.0,33,0,Crocs,,https://www.vinted.fr/items/8848461054,active,5,2026-05-07 17:26:00 CEST,72.0,11,🔥 Trending
Crocs femme,Crocs beige,30.0,23,0,Crocs,,https://www.vinted.fr/items/8862507804,active,6,2026-05-09 17:26:03 CEST,24.0,14,🔥🔥 Strong Demand
Crocs femme,Lot de 10 pins pour crocs,20.0,77,0,Crocs,,https://www.vinted.fr/items/8827602287,active,0,2026-05-05 17:26:08 CEST,120.0,2,➖ Moderate
Crocs femme,Crocs Lila,30.0,19,0,Crocs,,https://www.vinted.fr/items/8857687553,active,3,2026-05-08 17:26:10 CEST,48.0,8,🔥 Trending
Crocs femme,Chaussons crocs taille 37 38,18.0,3,0,Crocs,,https://www.vinted.fr/items/8873384202,active,0,2026-05-10 14:26:15 CEST,3.0,2,➖ Moderate
Crocs femme,Sandals Crocs,15.0,14,0,Crocs,,https://www.vinted.fr/items/8862930553,active,0,2026-05-09 17:26:22 CEST,24.0,1,⚠️ Low
Crocs femme,Crocs Glitter à plateforme 39/40 dorée Ultra tendance pour cet été,40.0,16,0,Crocs,,https://www.vinted.fr/items/8859405882,active,3,2026-05-09 17:26:25 CEST,24.0,9,🔥 Trending
Crocs femme,Crocs Schuhe Ballerina Strand Schwimmschuhe Gr. 39,12.0,31,0,Crocs,,https://www.vinted.fr/items/8861479178,active,0,2026-05-09 17:26:25 CEST,24.0,3,➖ Moderate
Crocs femme,Crocs schlapfen,15.0,1,0,Crocs,,https://www.vinted.fr/items/8871860870,active,0,2026-05-10 12:26:31 CEST,5.0,0,⚠️ Low
Crocs femme,Ballerines crocs marron pointure 40 (w9),8.0,24,0,Crocs,,https://www.vinted.fr/items/8858534957,active,0,2026-05-09 17:26:39 CEST,24.0,2,➖ Moderate
Crocs femme,Charms Crocs,3.0,1,0,Crocs,,https://www.vinted.fr/items/8873729069,active,0,2026-05-10 15:26:41 CEST,2.0,1,⚠️ Low
Crocs femme,Crocs|Clog Bayaband Blancas,34.82,18,0,Crocs,,https://www.vinted.fr/items/8863298188,active,0,2026-05-09 17:26:46 CEST,24.0,2,➖ Moderate
Crocs femme,Crocs,20.0,21,0,Crocs,,https://www.vinted.fr/items/8862312476,active,3,2026-05-09 17:26:53 CEST,24.0,9,🔥 Trending
Crocs femme,Original Crocs Gr. 34-35,15.0,2,0,Crocs,,https://www.vinted.fr/items/8871492825,active,0,2026-05-10 12:26:53 CEST,5.0,1,⚠️ Low
Crocs femme,Crocs,35.0,32,0,Crocs,,https://www.vinted.fr/items/8854533796,active,4,2026-05-08 17:27:00 CEST,48.0,8,🔥 Trending
Crocs femme,Crocs sandales,11.0,14,0,Crocs,,https://www.vinted.fr/items/8867863581,active,3,2026-05-09 20:27:06 CEST,21.0,9,🔥 Trending
Crocs femme,Crocs Stomp Plateau Sandalen Slider,35.0,9,0,Crocs,,https://www.vinted.fr/items/8871239711,active,0,2026-05-10 11:27:08 CEST,6.0,4,➖ Moderate
Crocs femme,Pins crocs,3.0,13,0,,,https://www.vinted.fr/items/8849772443,active,0,2026-05-07 17:27:14 CEST,72.0,0,⚠️ Low
Crocs femme,Tongs Crocs noires,18.0,16,0,Crocs,,https://www.vinted.fr/items/8866196059,active,0,2026-05-09 17:27:16 CEST,24.0,2,➖ Moderate
Crocs femme,Ballerines couleur bleu turquoise CROCS Taille 41,16.0,8,0,Crocs,,https://www.vinted.fr/items/8871475049,active,0,2026-05-10 12:27:19 CEST,5.0,4,➖ Moderate
Crocs femme,Crocs getaway platform,20.0,25,0,Crocs,,https://www.vinted.fr/items/8818880130,active,3,2026-05-04 17:27:27 CEST,144.0,7,📈 Growing
Crocs femme,Crocs,15.0,4,0,Crocs,,https://www.vinted.fr/items/8872477747,active,0,2026-05-10 13:27:30 CEST,4.0,2,➖ Moderate
Crocs femme,Crocs Echo Wave  Clogs,40.0,3,0,Crocs,,https://www.vinted.fr/items/8874833948,active,0,2026-05-09 17:27:33 CEST,24.0,0,⚠️ Low
Crocs femme,Crocs 39,10.0,29,0,Crocs,,https://www.vinted.fr/items/8867388096,active,4,2026-05-09 19:27:37 CEST,22.0,11,🔥 Trending
Crocs femme,Crocs clásicos rosa pálido. Talla 36-37,29.0,48,0,Crocs,,https://www.vinted.fr/items/8861197939,active,7,2026-05-09 17:27:40 CEST,24.0,17,🔥🔥🔥 Very Strong Demand
Crocs femme,"Sandalias Crocs, talla 36",22.0,30,0,Crocs,,https://www.vinted.fr/items/8868001877,active,5,2026-05-09 20:27:46 CEST,21.0,15,🔥🔥 Strong Demand
Crocs femme,Crocs,25.0,7,0,Crocs,,https://www.vinted.fr/items/8809590663,active,0,2026-05-09 17:27:51 CEST,24.0,1,⚠️ Low
Crocs femme,Crocs prix FERME,33.13,40,0,Crocs,,https://www.vinted.fr/items/8852217392,active,9,2026-05-08 17:27:54 CEST,48.0,13,🔥🔥 Strong Demand
Crocs femme,Crocs pink,6.0,0,0,Crocs,,https://www.vinted.fr/items/8873382190,active,0,2026-05-10 14:27:56 CEST,3.0,0,⚠️ Low
Crocs femme,Zapatillas crocs,8.0,2,0,Crocs,,https://www.vinted.fr/items/8874934305,active,0,2026-05-09 17:28:03 CEST,24.0,0,⚠️ Low
Crocs femme,Crocs,7.0,18,0,Crocs,,https://www.vinted.fr/items/8699853939,active,0,2026-04-26 17:28:06 CEST,336.0,0,⚠️ Low
Crocs femme,crocs noir,10.0,27,0,,,https://www.vinted.fr/items/8850126309,active,6,2026-05-08 17:28:08 CEST,48.0,12,🔥🔥 Strong Demand
Crocs femme,Lot Charms Crocs neuf,3.0,2,0,Crocs,,https://www.vinted.fr/items/8873808240,active,0,2026-05-10 15:28:14 CEST,2.0,2,➖ Moderate
Crocs femme,Crocs gris pailleté,45.0,35,0,Crocs,,https://www.vinted.fr/items/8859675584,active,5,2026-05-09 17:28:15 CEST,24.0,15,🔥🔥 Strong Demand
Crocs femme,Jibbitz pack Crocs,10.0,30,0,Crocs,,https://www.vinted.fr/items/8769812209,active,0,2026-05-09 17:28:20 CEST,24.0,3,➖ Moderate
Crocs femme,Crocs Glogs grau/grün,15.0,19,0,Crocs,,https://www.vinted.fr/items/8808997430,active,0,2026-05-09 17:28:25 CEST,24.0,2,➖ Moderate
Crocs femme,CROCS rose à plate-forme,25.0,2,0,Crocs,,https://www.vinted.fr/items/8873709584,active,0,2026-05-10 15:28:31 CEST,2.0,2,➖ Moderate
Crocs femme,crocs blanche,25.0,65,0,Crocs,,https://www.vinted.fr/items/7633003437,active,3,2025-12-11 17:28:38 CET,3600.0,6,📈 Growing
Crocs femme,Crocs neuves taille 39-40,15.0,58,0,Crocs,,https://www.vinted.fr/items/8763909100,active,0,,24.0,6,📈 Growing
Crocs femme,Sandales Crocs brooklyn woven buckle,28.0,73,0,Crocs,,https://www.vinted.fr/items/8839477733,active,0,2026-05-06 17:28:43 CEST,96.0,2,➖ Moderate
Crocs femme,Crocs à talons compensés,9.0,12,0,Crocs,,https://www.vinted.fr/items/8871250035,active,0,2026-05-10 11:28:51 CEST,6.0,5,📈 Growing
Crocs femme,Baskets Crocs,20.0,9,0,Crocs,,https://www.vinted.fr/items/8839940507,active,0,2026-05-06 17:28:55 CEST,96.0,0,⚠️ Low
Crocs femme,Chanclas Crocs Bayaband size 39-40 M6 W8,26.0,43,0,Crocs,,https://www.vinted.fr/items/8853788752,active,13,2026-05-08 17:28:55 CEST,48.0,19,🔥🔥🔥 Very Strong Demand
Crocs femme,Black Crocs,6.0,10,0,Crocs,,https://www.vinted.fr/items/8795373450,active,0,2026-05-09 17:29:02 CEST,24.0,1,⚠️ Low
Crocs femme,Crocs,28.0,24,0,Crocs,,https://www.vinted.fr/items/8853938705,active,5,2026-05-08 17:29:05 CEST,48.0,12,🔥🔥 Strong Demand
Crocs femme,Crocs avec plateforme taille 39 40 noires,40.0,52,0,Crocs,,https://www.vinted.fr/items/8824664464,active,0,2026-05-05 17:29:09 CEST,120.0,1,⚠️ Low
Crocs femme,Crocs,25.0,7,0,Crocs,,https://www.vinted.fr/items/8809590663,active,0,2026-05-09 17:29:16 CEST,24.0,1,⚠️ Low
Crocs femme,Crocs baya,1.0,2,0,Crocs,,https://www.vinted.fr/items/8836604219,active,0,2026-05-06 17:29:18 CEST,96.0,0,⚠️ Low
Crocs femme,Crocs Lightning McQueen Cars,40.0,8,0,Crocs,,https://www.vinted.fr/items/8868749401,active,0,2026-05-09 22:29:20 CEST,19.0,1,⚠️ Low
Crocs femme,Baskets Crocs,20.0,9,0,Crocs,,https://www.vinted.fr/items/8839940507,active,0,2026-05-06 17:29:25 CEST,96.0,0,⚠️ Low
Crocs femme,Blue platform crocs,10.0,48,0,Crocs,,https://www.vinted.fr/items/8614780870,active,0,2026-04-12 17:29:28 CEST,672.0,0,⚠️ Low
Crocs femme,Spooky,3.0,5,0,Crocs,,https://www.vinted.fr/items/8794592050,active,0,2026-05-09 17:29:31 CEST,24.0,0,⚠️ Low
Crocs femme,Ladies crocs,13.0,10,0,Crocs,,https://www.vinted.fr/items/8854921547,active,0,2026-05-08 17:29:37 CEST,48.0,0,⚠️ Low
Crocs femme,Crocs orange,32.0,49,0,Crocs,,https://www.vinted.fr/items/8844027952,active,7,2026-05-07 17:29:43 CEST,72.0,12,🔥🔥 Strong Demand
Crocs femme,Crocs léopard,45.0,26,0,Crocs,,https://www.vinted.fr/items/8823423892,active,0,2026-05-04 17:29:44 CEST,144.0,0,⚠️ Low
Crocs femme,Crocs,6.0,0,0,Crocs,,https://www.vinted.fr/items/8873173903,active,0,2026-05-10 14:29:51 CEST,3.0,0,⚠️ Low
Crocs femme,Crocs,14.99,0,0,Crocs,,https://www.vinted.fr/items/8875215235,active,0,2026-05-09 17:29:56 CEST,24.0,0,⚠️ Low
Crocs femme,Sandales Crocs brooklyn woven buckle,28.0,73,0,Crocs,,https://www.vinted.fr/items/8839477733,active,0,2026-05-06 17:30:01 CEST,96.0,2,➖ Moderate
Crocs femme,crocs classic clog,37.0,21,0,Crocs,,https://www.vinted.fr/items/8854460216,active,5,2026-05-08 17:30:06 CEST,48.0,12,🔥🔥 Strong Demand
Crocs femme,Zapatillas crocs,8.0,2,0,Crocs,,https://www.vinted.fr/items/8874934305,active,0,2026-05-09 17:30:07 CEST,24.0,0,⚠️ Low
Crocs femme,Crocs,7.0,15,0,Crocs,,https://www.vinted.fr/items/8780855397,active,0,2026-05-09 17:30:15 CEST,24.0,2,➖ Moderate
Crocs femme,Crocs,30.0,50,0,Crocs,,https://www.vinted.fr/items/8841979838,active,0,2026-05-07 17:30:17 CEST,72.0,2,➖ Moderate
Crocs femme,Mules Crocs Unisexes Adultes Classic,50.0,1,0,Crocs,,https://www.vinted.fr/items/8874444551,active,0,2026-05-10 15:30:20 CEST,2.0,1,⚠️ Low
Crocs femme,Crocs pink,6.0,0,0,Crocs,,https://www.vinted.fr/items/8873382190,active,0,2026-05-10 14:30:28 CEST,3.0,0,⚠️ Low
Crocs femme,Crocs double  semelle noir 38,30.0,73,0,Crocs,,https://www.vinted.fr/items/8759598563,active,4,2026-05-09 17:30:28 CEST,24.0,15,🔥🔥 Strong Demand
Crocs femme,Crocs,8.0,28,0,Crocs,,https://www.vinted.fr/items/8866920463,active,0,2026-05-09 17:30:33 CEST,24.0,3,➖ Moderate
Crocs femme,Crocs noir iconic confort,35.0,37,0,Crocs,,https://www.vinted.fr/items/8837374669,active,0,2026-05-06 17:30:41 CEST,96.0,1,⚠️ Low
Crocs femme,Purple crocs,15.0,17,0,Crocs,,https://www.vinted.fr/items/8832893691,active,0,2026-05-05 17:30:43 CEST,120.0,0,⚠️ Low
Crocs femme,Crocs by Jibbitz Gr 39 Neu,18.0,2,0,Crocs,,https://www.vinted.fr/items/8873717847,active,0,2026-05-10 15:30:47 CEST,2.0,2,➖ Moderate
Crocs femme,Crocs à plate-forme,8.0,36,0,Crocs,,https://www.vinted.fr/items/8330024247,active,0,2026-03-11 17:30:58 CET,1440.0,0,⚠️ Low
Crocs femme,Lot pims crocs,6.0,49,0,Crocs,,https://www.vinted.fr/items/8743358772,active,0,2026-04-26 17:30:59 CEST,336.0,0,⚠️ Low
Crocs femme,White and red slipper style crocs,5.0,18,0,Crocs,,https://www.vinted.fr/items/8530198130,active,0,2026-04-05 17:31:00 CEST,840.0,0,⚠️ Low
Crocs femme,Tongs Crocs noires,18.0,16,0,Crocs,,https://www.vinted.fr/items/8866196059,active,0,2026-05-09 17:31:09 CEST,24.0,2,➖ Moderate
Crocs femme,Tote Bag,15.0,18,0,Crocs,,https://www.vinted.fr/items/8833943627,active,0,2026-05-06 17:31:11 CEST,96.0,0,⚠️ Low
Crocs femme,Jibbitz pack Crocs,10.0,30,0,Crocs,,https://www.vinted.fr/items/8769812209,active,0,2026-05-09 17:31:11 CEST,24.0,3,➖ Moderate
Crocs femme,Chaussons crocs taille 37 38,18.0,3,0,Crocs,,https://www.vinted.fr/items/8873384202,active,0,2026-05-10 14:31:20 CEST,3.0,2,➖ Moderate
Crocs femme,Jibbitzs crocs neuf,2.0,12,0,Crocs,,https://www.vinted.fr/items/8528180744,active,0,2026-04-05 17:31:22 CEST,840.0,0,⚠️ Low
Crocs femme,Crocs Baya Platform Glitter,40.0,26,0,Crocs,,https://www.vinted.fr/items/8814825222,active,4,2026-05-04 17:31:22 CEST,144.0,7,📈 Growing
Crocs femme,Crocs,30.0,29,0,Crocs,,https://www.vinted.fr/items/8798040743,active,0,2026-05-09 17:31:30 CEST,24.0,3,➖ Moderate
Crocs femme,Lot de bijoux pour Crocs,4.0,35,0,Crocs,,https://www.vinted.fr/items/6729984255,active,0,2025-08-13 17:31:32 CEST,6480.0,0,⚠️ Low
Crocs femme,Crocs Iconic confortable  platforme hyper confortable presque jamais porté pointure 37,49.0,30,0,Crocs,,https://www.vinted.fr/items/8871096609,active,0,2026-05-10 11:31:32 CEST,6.0,12,🔥🔥 Strong Demand
Crocs femme,Crocs argentés Metallica,50.0,1,0,Crocs,,https://www.vinted.fr/items/8872269583,active,0,2026-05-10 13:31:40 CEST,4.0,1,⚠️ Low
Crocs femme,Crocs,16.0,18,0,Crocs,,https://www.vinted.fr/items/8837059984,active,0,2026-05-06 17:31:41 CEST,96.0,0,⚠️ Low
Crocs femme,Crocs,12.0,1,0,Crocs,,https://www.vinted.fr/items/8874772871,active,0,2026-05-09 17:31:47 CEST,24.0,0,⚠️ Low
Crocs femme,Crocs,45.0,1,0,Crocs,,https://www.vinted.fr/items/8873701666,active,0,2026-05-10 15:31:53 CEST,2.0,1,⚠️ Low
Crocs femme,Crocs,33.5,24,0,Crocs,,https://www.vinted.fr/items/8864969921,active,0,2026-05-09 17:31:54 CEST,24.0,2,➖ Moderate
Crocs femme,Crocs,20.0,13,0,Crocs,,https://www.vinted.fr/items/8868501970,active,0,2026-05-09 21:32:02 CEST,20.0,2,➖ Moderate
Crocs femme,Crocs à paillettes multicolore NEUVES taille 39/40 sublimes,43.0,3,0,Crocs,,https://www.vinted.fr/items/8874039651,active,0,2026-05-10 15:32:05 CEST,2.0,4,➖ Moderate
Crocs femme,Crocs Zehensandalen - Sandalen - schwarz - 44,13.0,18,0,Crocs,,https://www.vinted.fr/items/8871505153,active,0,2026-05-10 12:32:07 CEST,5.0,9,🔥 Trending
Crocs femme,Sandales Crocs à talons,22.0,14,0,Crocs,,https://www.vinted.fr/items/8862843995,active,0,2026-05-09 17:32:12 CEST,24.0,1,⚠️ Low
Crocs femme,Crocs 37-38,35.0,75,0,Crocs,,https://www.vinted.fr/items/8808492615,active,3,2026-05-09 17:32:14 CEST,24.0,15,🔥🔥 Strong Demand
Crocs femme,Claquettes Crocs,25.0,3,0,Crocs,,https://www.vinted.fr/items/8875286183,active,0,2026-05-09 17:32:17 CEST,24.0,0,⚠️ Low
Crocs femme,Chanclas Crocs Bayaband size 39-40 M6 W8,26.0,43,0,Crocs,,https://www.vinted.fr/items/8853788752,active,13,2026-05-08 17:32:23 CEST,48.0,19,🔥🔥🔥 Very Strong Demand
Crocs femme,Crocs Stecker/Sticker,5.0,15,0,Crocs,,https://www.vinted.fr/items/8295742193,active,0,2026-03-11 17:32:26 CET,1440.0,0,⚠️ Low
Crocs femme,Zapatillas croc,24.5,33,0,Crocs,,https://www.vinted.fr/items/8866436619,active,8,2026-05-09 17:32:28 CEST,24.0,16,🔥🔥🔥 Very Strong Demand
Crocs femme,Jibbitz crocs,2.0,8,0,Crocs,,https://www.vinted.fr/items/8642548121,active,0,2026-04-19 17:32:35 CEST,504.0,0,⚠️ Low
Crocs femme,Sandali Crocs Brooklyn 4U Low Wedge – Pink Milk – n. 34/35 NUOVI,20.0,8,0,Crocs,,https://www.vinted.fr/items/8870876588,active,0,2026-05-10 11:32:38 CEST,6.0,3,➖ Moderate
Crocs femme,Crocs siren rose,59.0,59,0,Crocs,,https://www.vinted.fr/items/8850153196,active,0,2026-05-08 17:32:41 CEST,48.0,3,➖ Moderate
Crocs femme,Crocs écho clog,45.0,15,0,Crocs,,https://www.vinted.fr/items/8849395227,active,5,2026-05-07 17:32:46 CEST,72.0,11,🔥 Trending
Crocs femme,Ballerines CROCS,10.0,9,0,Crocs,,https://www.vinted.fr/items/8870940986,active,0,,24.0,1,⚠️ Low
Crocs femme,crocs,6.0,16,0,Crocs,,https://www.vinted.fr/items/7983953120,active,0,,24.0,2,➖ Moderate
Crocs femme,Croque,1.0,1,0,Crocs,,https://www.vinted.fr/items/8784274801,active,0,2026-05-09 17:32:57 CEST,24.0,0,⚠️ Low
Crocs femme,Crocs Getaway Strappy,20.0,32,0,Crocs,,https://www.vinted.fr/items/8787307671,active,0,2026-05-09 17:33:00 CEST,24.0,3,➖ Moderate
Crocs femme,Crocs Lila,30.0,19,0,Crocs,,https://www.vinted.fr/items/8857687553,active,3,2026-05-08 17:33:03 CEST,48.0,8,🔥 Trending
Crocs femme,Crocs 39,10.0,49,0,Crocs,,https://www.vinted.fr/items/8867356185,active,5,2026-05-09 19:33:09 CEST,22.0,17,🔥🔥🔥 Very Strong Demand
Crocs femme,Crocs de travail blanches originales T37/38 antidérapantes,12.5,2,0,Crocs,,https://www.vinted.fr/items/8862625202,active,0,2026-05-09 17:33:11 CEST,24.0,0,⚠️ Low
Crocs femme,Sabot femme,10.0,2,0,Femme,,https://www.vinted.fr/items/8874751517,active,0,2026-05-09 17:33:18 CEST,24.0,0,⚠️ Low
Crocs femme,Crocs,12.0,53,0,Crocs,,https://www.vinted.fr/items/8499514477,active,0,2026-03-29 17:33:21 CEST,1008.0,0,⚠️ Low
Crocs femme,Sandales crocs,15.0,0,0,Crocs,,https://www.vinted.fr/items/8872961229,active,0,2026-05-10 14:33:27 CEST,3.0,0,⚠️ Low
Crocs femme,Sabots blancs,8.0,20,0,Crocs,,https://www.vinted.fr/items/8726370673,active,0,2026-04-26 17:33:28 CEST,336.0,0,⚠️ Low
Crocs femme,Zapatillas crocs,32.0,10,0,Crocs,,https://www.vinted.fr/items/8867479570,active,0,2026-05-09 19:33:34 CEST,22.0,1,⚠️ Low
Crocs femme,Crocs donna pelose,15.0,0,0,Crocs,,https://www.vinted.fr/items/8875111464,active,0,2026-05-09 17:33:38 CEST,24.0,0,⚠️ Low
Crocs femme,Crocs à plate-forme,38.0,21,0,Crocs,,https://www.vinted.fr/items/8855745566,active,7,2026-05-08 17:33:40 CEST,48.0,12,🔥🔥 Strong Demand
Crocs femme,Style Crocs,7.0,54,0,Crocs,,https://www.vinted.fr/items/8469916427,active,0,2026-03-29 17:33:47 CEST,1008.0,0,⚠️ Low
Crocs femme,crocs 30-31,13.0,4,0,Crocs,,https://www.vinted.fr/items/8841671222,active,0,2026-05-06 17:33:49 CEST,96.0,0,⚠️ Low
Crocs femme,Claquette,7.0,25,0,Crocs,,https://www.vinted.fr/items/8415151526,active,0,2026-03-22 17:33:51 CET,1176.0,0,⚠️ Low
Crocs femme,Mules femme,12.0,39,0,Crocs,,https://www.vinted.fr/items/8762581578,active,0,2026-05-09 17:33:56 CEST,24.0,4,➖ Moderate
Crocs femme,Crocs 33,6.0,0,0,Crocs,,https://www.vinted.fr/items/8871655042,active,0,2026-05-10 12:34:01 CEST,5.0,0,⚠️ Low
Crocs femme,Mega crush clog Crocs 30-40 nieuw zwart,55.0,6,0,Crocs,,https://www.vinted.fr/items/8874365056,active,0,2026-05-10 15:34:03 CEST,2.0,7,📈 Growing
Crocs femme,Basket crocs,15.0,4,0,Crocs,,https://www.vinted.fr/items/8863282444,active,0,2026-05-09 17:34:05 CEST,24.0,0,⚠️ Low
Crocs femme,Zwarte crocs,17.0,32,0,Crocs,,https://www.vinted.fr/items/8799625019,active,0,2026-05-09 17:34:14 CEST,24.0,3,➖ Moderate
Crocs femme,Crocs compensées taille 38,22.0,30,0,Crocs,,https://www.vinted.fr/items/8842104395,active,0,2026-05-07 17:34:17 CEST,72.0,1,⚠️ Low
Crocs femme,Talon Crocs Noir,14.0,25,0,Crocs,,https://www.vinted.fr/items/8746897082,active,0,2026-04-26 17:34:17 CEST,336.0,0,⚠️ Low
Crocs femme,Crocs gris pailleté,45.0,35,0,Crocs,,https://www.vinted.fr/items/8859675584,active,5,2026-05-09 17:34:24 CEST,24.0,15,🔥🔥 Strong Demand
Crocs femme,Crocs mit Absatz,10.0,35,0,Crocs,,https://www.vinted.fr/items/7518908264,active,0,2025-12-11 17:34:28 CET,3600.0,0,⚠️ Low
Crocs femme,Crocs Arbeitsschuhe,30.0,2,0,Crocs,,https://www.vinted.fr/items/8870120607,active,0,2026-05-10 09:34:30 CEST,8.0,1,⚠️ Low
Crocs femme,CROCS rose à plate-forme,25.0,2,0,Crocs,,https://www.vinted.fr/items/8873709584,active,0,2026-05-10 15:34:34 CEST,2.0,2,➖ Moderate
Crocs femme,Crocs Classic linen,30.0,6,0,Crocs,,https://www.vinted.fr/items/8859893822,active,0,2026-05-09 17:34:39 CEST,24.0,1,⚠️ Low
Crocs femme,Croc Miami ankle strap sandal new,22.0,8,0,Crocs,,https://www.vinted.fr/items/8865486422,active,0,2026-05-09 17:34:41 CEST,24.0,1,⚠️ Low
Crocs femme,Literide by crocs,15.0,43,0,Crocs,,https://www.vinted.fr/items/8722970530,active,0,2026-04-26 17:34:49 CEST,336.0,0,⚠️ Low
Crocs femme,Pins crocs argenté,8.0,65,0,Crocs,,https://www.vinted.fr/items/8082797098,active,0,2026-02-09 17:34:52 CET,2160.0,0,⚠️ Low
Crocs femme,Crocs Baya Lined Clog Navy SANS Jibbitz,15.0,48,0,Crocs,,https://www.vinted.fr/items/8726056074,active,0,,24.0,5,📈 Growing
Crocs femme,Crocs rose paillette,30.0,20,0,Crocs,,https://www.vinted.fr/items/8839989148,active,0,2026-05-06 17:34:59 CEST,96.0,0,⚠️ Low
Crocs femme,Pins crocs,1.5,2,0,Crocs,,https://www.vinted.fr/items/8868054388,active,0,2026-05-09 20:35:04 CEST,21.0,0,⚠️ Low
Crocs femme,Crocs bae clog,30.0,54,0,Crocs,,https://www.vinted.fr/items/8872644322,active,7,2026-05-10 13:35:07 CEST,4.0,20,🔥🔥🔥 Very Strong Demand
Crocs femme,Crocs 37-38,35.0,23,0,Crocs,,https://www.vinted.fr/items/8857032174,active,7,2026-05-08 17:35:08 CEST,48.0,12,🔥🔥 Strong Demand
Crocs femme,Crocs,18.0,69,0,Crocs,,https://www.vinted.fr/items/8844845160,active,11,2026-05-07 17:35:16 CEST,72.0,18,🔥🔥🔥 Very Strong Demand
Crocs femme,Crocs biamche W10 41-42,15.0,17,0,Crocs,,https://www.vinted.fr/items/8869546558,active,9,2026-05-10 00:35:19 CEST,17.0,17,🔥🔥🔥 Very Strong Demand
Crocs femme,Crocs,15.0,2,0,Crocs,,https://www.vinted.fr/items/8872066891,active,0,2026-05-10 12:35:22 CEST,5.0,1,⚠️ Low
Crocs femme,Crocs pour femme,15.0,9,0,Crocs,,https://www.vinted.fr/items/8821175432,active,0,2026-05-04 17:35:27 CEST,144.0,0,⚠️ Low
Crocs femme,Crocs,20.0,4,0,Crocs,,https://www.vinted.fr/items/8873968199,active,0,2026-05-10 15:35:34 CEST,2.0,5,📈 Growing
Crocs femme,Crocs taille 40,14.0,6,0,Crocs,,https://www.vinted.fr/items/8858310849,active,0,2026-05-09 17:35:37 CEST,24.0,1,⚠️ Low
Crocs femme,Crocs Echo Clog grises,45.0,9,0,Crocs,,https://www.vinted.fr/items/8873518859,active,0,2026-05-10 14:35:43 CEST,3.0,7,📈 Growing
Crocs femme,Crocs mujer,4.0,9,0,Crocs,,https://www.vinted.fr/items/8147320263,active,0,2026-03-11 17:35:46 CET,1440.0,0,⚠️ Low
Crocs femme,Crocs gr 34/35 dunkelblau,12.0,30,0,Crocs,,https://www.vinted.fr/items/8367101216,active,0,2026-03-15 17:35:49 CET,1344.0,0,⚠️ Low
Crocs femme,Crocs,13.0,8,0,Crocs,,https://www.vinted.fr/items/8801194426,active,0,2026-05-09 17:35:57 CEST,24.0,1,⚠️ Low
Crocs femme,Crocs,25.0,20,0,Crocs,,https://www.vinted.fr/items/8853316407,active,0,2026-05-08 17:35:59 CEST,48.0,1,⚠️ Low
Crocs femme,Crocs comfort rembourrées,20.0,17,0,Crocs,,https://www.vinted.fr/items/8824370964,active,0,2026-05-05 17:36:04 CEST,120.0,0,⚠️ Low
Crocs femme,Crocs mixte,40.0,28,0,Crocs,,https://www.vinted.fr/items/8842047726,active,0,2026-05-07 17:36:07 CEST,72.0,1,⚠️ Low
Crocs femme,Crocs Fushia,30.0,213,0,Crocs,,https://www.vinted.fr/items/8555319965,active,0,2026-04-05 17:36:10 CEST,840.0,1,⚠️ Low
Crocs femme,Crocs compensées taille 38,22.0,30,0,Crocs,,https://www.vinted.fr/items/8842104395,active,0,2026-05-07 17:36:17 CEST,72.0,1,⚠️ Low
Crocs femme,Crocs mega crush,35.0,64,0,Crocs,,https://www.vinted.fr/items/8862625183,active,3,2026-05-09 17:36:18 CEST,24.0,14,🔥🔥 Strong Demand
Crocs femme,Crocs 🐼  Baya Platform Sandal Panda,15.0,4,0,Crocs,,https://www.vinted.fr/items/8871445620,active,0,2026-05-10 11:36:23 CEST,6.0,2,➖ Moderate
Crocs femme,L'autre paire de chaussettes crocs taille S/M neuf avec étiquette,4.0,32,0,Crocs,,https://www.vinted.fr/items/7813308438,active,0,2026-01-10 17:36:31 CET,2880.0,0,⚠️ Low
Crocs femme,Mega crush clog Crocs 30-40 nieuw zwart,55.0,6,0,Crocs,,https://www.vinted.fr/items/8874365056,active,0,2026-05-10 15:36:32 CEST,2.0,7,📈 Growing
Crocs femme,crocs noire,32.0,20,0,Crocs,,https://www.vinted.fr/items/8817043590,active,0,2026-05-04 17:36:37 CEST,144.0,0,⚠️ Low
Crocs femme,Crocs blanche rayures noir,40.0,0,0,Crocs,,https://www.vinted.fr/items/8874676907,active,0,2026-05-09 17:36:47 CEST,24.0,0,⚠️ Low
Crocs femme,Sabot Crocs,45.0,51,0,Crocs,,https://www.vinted.fr/items/8870467711,active,5,2026-05-10 10:36:48 CEST,7.0,20,🔥🔥🔥 Very Strong Demand
Crocs femme,Groene crocs,25.0,4,0,Crocs,,https://www.vinted.fr/items/8864769017,active,0,2026-05-09 17:36:54 CEST,24.0,0,⚠️ Low
Crocs femme,Crocs,20.0,15,0,Crocs,,https://www.vinted.fr/items/8765583349,active,0,2026-05-09 17:36:59 CEST,24.0,2,➖ Moderate
Crocs femme,crocs,40.0,45,0,Crocs,,https://www.vinted.fr/items/8810178773,active,0,2026-05-09 17:37:00 CEST,24.0,4,➖ Moderate
Crocs femme,Crocs mit Absatz,10.0,35,0,Crocs,,https://www.vinted.fr/items/7518908264,active,0,2025-12-11 17:37:05 CET,3600.0,0,⚠️ Low
Crocs femme,Jibbitz hello kitty,10.0,20,0,Crocs,,https://www.vinted.fr/items/8784695299,active,0,2026-05-09 17:37:10 CEST,24.0,2,➖ Moderate
Crocs femme,Crocs Gummistiefel Unisex 39/40,22.0,16,0,Crocs,,https://www.vinted.fr/items/8872764698,active,0,2026-05-10 13:37:15 CEST,4.0,10,🔥 Trending
Crocs femme,Crocs femme,15.0,20,0,Crocs,,https://www.vinted.fr/items/8800116328,active,0,2026-05-09 17:37:16 CEST,24.0,2,➖ Moderate
Crocs femme,Sabrinas Crocs,8.0,23,0,Crocs,,https://www.vinted.fr/items/6853007175,active,0,2025-09-12 17:37:20 CEST,5760.0,0,⚠️ Low
Crocs femme,Crocs Clogs mit Glitzern New,35.0,15,0,Crocs,,https://www.vinted.fr/items/8871436190,active,4,2026-05-10 11:37:28 CEST,6.0,18,🔥🔥🔥 Very Strong Demand
Crocs femme,Crocs Schuhe Gr. 36 / 37 M4 W6 Glitzer + jibbitz Anstecker,13.99,26,0,Crocs,,https://www.vinted.fr/items/8787178672,active,0,2026-05-09 17:37:28 CEST,24.0,3,➖ Moderate
Crocs femme,Crocs,35.0,4,0,Crocs,,https://www.vinted.fr/items/8873143487,active,0,2026-05-10 14:37:34 CEST,3.0,3,➖ Moderate
Crocs femme,Crocs lite ride,10.0,3,0,Crocs,,https://www.vinted.fr/items/8870575724,active,0,2026-05-10 10:37:40 CEST,7.0,1,⚠️ Low
Crocs femme,Crocs,14.0,42,0,Crocs,,https://www.vinted.fr/items/8850689968,active,7,2026-05-08 17:37:43 CEST,48.0,13,🔥🔥 Strong Demand
Crocs femme,Crocs,1.5,19,0,Crocs,,https://www.vinted.fr/items/7398283933,active,0,2025-11-11 17:37:46 CET,4320.0,0,⚠️ Low
Crocs femme,Crocs femme T 40/41,40.0,11,0,Crocs,,https://www.vinted.fr/items/8839432123,active,0,2026-05-06 17:37:56 CEST,96.0,0,⚠️ Low
Crocs femme,Crocs Iconic Comfort,20.0,9,0,Crocs,,https://www.vinted.fr/items/8867372540,active,0,2026-05-09 19:37:57 CEST,22.0,1,⚠️ Low
Crocs femme,Crocs crush clog paillettes argentées,20.0,17,0,Crocs,,https://www.vinted.fr/items/8806755071,active,0,2026-05-09 17:37:58 CEST,24.0,2,➖ Moderate
Crocs femme,"décorations pour lacets, il y en a 6 en tout",2.0,24,0,Crocs,,https://www.vinted.fr/items/8771022110,active,0,2026-05-09 17:38:07 CEST,24.0,2,➖ Moderate
Crocs femme,Chaussures style crocs.,10.0,31,0,Crocs,,https://www.vinted.fr/items/8720972541,active,0,2026-04-26 17:38:08 CEST,336.0,0,⚠️ Low
Crocs femme,Crocs sandales compensées Taille 36,14.0,3,0,Crocs,,https://www.vinted.fr/items/8871960706,active,0,2026-05-10 12:38:10 CEST,5.0,1,⚠️ Low
Crocs femme,Sandalias Crocs,17.0,49,0,Crocs,,https://www.vinted.fr/items/8836079431,active,0,2026-05-06 17:38:19 CEST,96.0,1,⚠️ Low
Crocs femme,"Sandales blanches pour femme, pointure 36",19.9,49,0,Crocs,,https://www.vinted.fr/items/8838324493,active,0,2026-05-06 17:38:21 CEST,96.0,1,⚠️ Low
Crocs femme,Crocs pour femme,15.0,9,0,Crocs,,https://www.vinted.fr/items/8821175432,active,0,2026-05-04 17:38:21 CEST,144.0,0,⚠️ Low
Crocs femme,Crocs mandala,35.0,35,0,Crocs,,https://www.vinted.fr/items/8797043122,active,0,2026-05-09 17:38:30 CEST,24.0,3,➖ Moderate
Crocs femme,Lot charms Crocs,3.0,2,0,Crocs,,https://www.vinted.fr/items/8873742225,active,0,2026-05-10 14:38:32 CEST,3.0,2,➖ Moderate
Crocs femme,Crocs P39/40,18.0,18,0,Crocs,,https://www.vinted.fr/items/8777287396,active,0,2026-05-09 17:38:32 CEST,24.0,2,➖ Moderate
Crocs femme,Crocs Marine taille 36,10.0,8,0,Crocs,,https://www.vinted.fr/items/8797970954,active,0,2026-05-09 17:38:40 CEST,24.0,1,⚠️ Low
Crocs femme,Claquette crocs,25.0,23,0,Crocs,,https://www.vinted.fr/items/8861406061,active,7,2026-05-09 17:38:44 CEST,24.0,15,🔥🔥 Strong Demand
Crocs femme,Mules crocs,15.0,14,0,Crocs,,https://www.vinted.fr/items/8866331478,active,0,2026-05-09 17:38:44 CEST,24.0,1,⚠️ Low
Crocs femme,Crocs,15.0,2,0,Crocs,,https://www.vinted.fr/items/8872066891,active,0,2026-05-10 12:38:51 CEST,5.0,1,⚠️ Low
Crocs femme,Ballerine crocs,5.0,9,0,Crocs,,https://www.vinted.fr/items/8017947992,active,0,2026-02-09 17:38:53 CET,2160.0,0,⚠️ Low
Crocs femme,Lot de 10 pins pour crocs,20.0,26,0,Crocs,,https://www.vinted.fr/items/8860804247,active,0,2026-05-09 17:38:58 CEST,24.0,3,➖ Moderate
Crocs femme,Crocs - sandales Brooklyn 4u roses (pointure 38-39),26.0,122,0,Crocs,,https://www.vinted.fr/items/8842708082,active,0,2026-05-07 17:39:06 CEST,72.0,4,➖ Moderate
Crocs femme,Sandales crocs brooklyn buckle low,35.0,31,0,Crocs,,https://www.vinted.fr/items/8853952387,active,0,,24.0,3,➖ Moderate
Crocs femme,Crocs taille 37 jamais porté,12.0,1,0,Crocs,,https://www.vinted.fr/items/8871303297,active,0,2026-05-10 11:39:12 CEST,6.0,0,⚠️ Low
Crocs femme,Blauwe crocs maat 39,20.0,12,0,Crocs,,https://www.vinted.fr/items/8847481728,active,0,2026-05-07 17:39:18 CEST,72.0,0,⚠️ Low
Crocs femme,Croscs,5.0,5,0,Crocs,,https://www.vinted.fr/items/8750385524,active,0,2026-04-26 17:39:23 CEST,336.0,0,⚠️ Low
Crocs femme,crocs plateforme,30.0,69,0,Crocs,,https://www.vinted.fr/items/8806672147,active,0,2026-05-09 17:39:24 CEST,24.0,7,📈 Growing
Crocs femme,Crocs femme,13.0,5,0,Crocs,,https://www.vinted.fr/items/8797484457,active,0,2026-05-09 17:39:29 CEST,24.0,0,⚠️ Low
Crocs femme,Crocs,30.0,2,0,Crocs,,https://www.vinted.fr/items/8869571779,active,0,2026-05-10 00:39:34 CEST,17.0,0,⚠️ Low
Crocs femme,Bailarina goma crocs,10.0,34,0,Crocs,,https://www.vinted.fr/items/8768589914,active,0,2026-05-09 17:39:39 CEST,24.0,3,➖ Moderate
Crocs femme,Crocs violette,6.0,22,0,Crocs,,https://www.vinted.fr/items/7802898476,active,0,2026-01-10 17:39:40 CET,2880.0,0,⚠️ Low
Crocs femme,Crocs beige et doré,9.0,32,0,Crocs,,https://www.vinted.fr/items/8514383922,active,0,2026-03-29 17:39:48 CEST,1008.0,0,⚠️ Low
Crocs femme,Crocs baya,35.0,45,0,Crocs,,https://www.vinted.fr/items/8783233149,active,0,2026-05-09 17:39:51 CEST,24.0,4,➖ Moderate
Crocs femme,Tongs Crocs,24.0,19,0,Crocs,,https://www.vinted.fr/items/8855487702,active,3,2026-05-08 17:39:52 CEST,48.0,8,🔥 Trending
Crocs femme,Crocs,12.0,16,0,Crocs,,https://www.vinted.fr/items/8807618887,active,0,2026-05-09 17:39:59 CEST,24.0,2,➖ Moderate
Crocs femme,Pins crocs,1.5,2,0,Crocs,,https://www.vinted.fr/items/8868054388,active,0,2026-05-09 20:40:09 CEST,21.0,0,⚠️ Low
Crocs femme,Crocs Damen Sandalen mit Absatz,25.0,30,0,Crocs,,https://www.vinted.fr/items/8850233024,active,0,2026-05-08 17:40:11 CEST,48.0,2,➖ Moderate
Crocs femme,Tortue pasteque etoile de mer crocs pons jibbitz plage sable,5.0,11,0,KanaBeach,,https://www.vinted.fr/items/8857586114,active,0,2026-05-08 17:40:13 CEST,48.0,1,⚠️ Low
Crocs femme,Crocs,30.0,23,0,Crocs,,https://www.vinted.fr/items/8857242721,active,9,2026-05-08 17:40:20 CEST,48.0,13,🔥🔥 Strong Demand
Crocs femme,Crocs rosse,9.0,3,0,Crocs,,https://www.vinted.fr/items/8872239149,active,0,2026-05-10 13:40:21 CEST,4.0,2,➖ Moderate
Crocs femme,Crocs,18.0,16,0,Crocs,,https://www.vinted.fr/items/8754420226,active,0,2026-04-26 17:40:27 CEST,336.0,0,⚠️ Low
Crocs femme,Vends crocs,20.0,18,0,Crocs,,https://www.vinted.fr/items/8760303855,active,0,2026-05-09 17:40:33 CEST,24.0,2,➖ Moderate
Crocs femme,Crocs sandalen,15.0,5,0,Crocs,,https://www.vinted.fr/items/8871857743,active,0,2026-05-10 12:40:37 CEST,5.0,2,➖ Moderate
Crocs femme,Sandales Crocs,20.0,76,0,Crocs,,https://www.vinted.fr/items/8823802926,active,3,2026-05-04 17:40:39 CEST,144.0,7,📈 Growing
Crocs femme,Crocs 39,4.0,3,0,Crocs,,https://www.vinted.fr/items/8756355876,active,0,2026-05-09 17:40:47 CEST,24.0,0,⚠️ Low
Crocs femme,Crocs beige,30.0,10,0,Crocs,,https://www.vinted.fr/items/8807627759,active,0,2026-05-09 17:40:50 CEST,24.0,1,⚠️ Low
Crocs femme,Crocs femme,10.0,24,0,Crocs,,https://www.vinted.fr/items/6504000460,active,0,2025-07-14 17:40:59 CEST,7200.0,0,⚠️ Low
Crocs femme,Crocs noires,13.0,10,0,Crocs,,https://www.vinted.fr/items/8770980258,active,0,2026-05-09 17:41:02 CEST,24.0,1,⚠️ Low
Crocs femme,Crocs UK size 3 - just tried on round house,20.0,12,0,Crocs,,https://www.vinted.fr/items/8821025950,active,0,2026-05-04 17:41:09 CEST,144.0,0,⚠️ Low
Crocs femme,Charms,5.0,12,0,Crocs,,https://www.vinted.fr/items/8566776438,active,0,2026-04-05 17:41:10 CEST,840.0,0,⚠️ Low
Crocs femme,Crocs Platform Clog blancs,40.0,30,0,Crocs,,https://www.vinted.fr/items/8849150174,active,3,2026-05-07 17:41:17 CEST,72.0,7,📈 Growing
Crocs femme,Crocs Hello Kitty,35.0,93,0,Crocs,,https://www.vinted.fr/items/8778479470,active,0,2026-05-09 17:41:19 CEST,24.0,9,🔥 Trending
Crocs femme,Crocs Tote Bag,26.0,33,0,Crocs,,https://www.vinted.fr/items/8821329037,active,0,2026-05-04 17:41:23 CEST,144.0,1,⚠️ Low
Crocs femme,Crocs sandales pointure 37 tbe,12.0,22,0,Crocs,,https://www.vinted.fr/items/8742223017,active,0,2026-04-26 17:41:30 CEST,336.0,0,⚠️ Low
Crocs femme,Sandales Crocs jamais mise mixte,27.0,11,0,Crocs,,https://www.vinted.fr/items/8857287359,active,3,2026-05-08 17:41:32 CEST,48.0,7,📈 Growing
Crocs femme,Crocs Clogs mit Glitzern New,35.0,6,0,Crocs,,https://www.vinted.fr/items/8871385288,active,3,2026-05-10 11:41:36 CEST,6.0,13,🔥🔥 Strong Demand
Crocs femme,Crocs in weiß in Größe 10,13.0,7,0,Crocs,,https://www.vinted.fr/items/8800238066,active,0,2026-05-09 17:41:41 CEST,24.0,1,⚠️ Low
Crocs femme,Crocs ciabatte mare,8.0,31,0,Crocs,,https://www.vinted.fr/items/8871587533,active,5,2026-05-10 12:41:46 CEST,5.0,20,🔥🔥🔥 Very Strong Demand
Crocs femme,Crocs Cars,32.0,47,0,Crocs,,https://www.vinted.fr/items/8801259120,active,0,2026-05-09 17:41:51 CEST,24.0,5,📈 Growing
Crocs femme,Infradito Crocs Nere - Come Nuove,17.0,18,0,Crocs,,https://www.vinted.fr/items/8800795976,active,0,2026-05-09 17:41:54 CEST,24.0,2,➖ Moderate
Crocs femme,Porte monnaie Crocs XL,15.0,0,0,Crocs,,https://www.vinted.fr/items/8862876247,active,0,2026-05-09 17:42:00 CEST,24.0,0,⚠️ Low
Crocs femme,Crocs 37-38,35.0,28,0,Crocs,,https://www.vinted.fr/items/8834599900,active,0,2026-05-06 17:42:03 CEST,96.0,1,⚠️ Low
Crocs femme,crocs personnalisé,75.0,109,0,Crocs,,https://www.vinted.fr/items/8818137888,active,0,2026-05-04 17:42:07 CEST,144.0,2,➖ Moderate
Crocs femme,Crocs noir,10.0,34,0,Crocs,,https://www.vinted.fr/items/8635825937,active,0,2026-04-19 17:42:11 CEST,504.0,0,⚠️ Low
Crocs femme,Crocs,35.0,66,0,Crocs,,https://www.vinted.fr/items/8816187683,active,0,2026-05-04 17:42:14 CEST,144.0,1,⚠️ Low
Crocs femme,Original Crocs Black Platform Sandals W10,17.0,18,0,Crocs,,https://www.vinted.fr/items/8856934575,active,0,2026-05-08 17:42:20 CEST,48.0,1,⚠️ Low
Crocs femme,Crocs taille 39,22.0,7,0,Crocs,,https://www.vinted.fr/items/8870260374,active,0,2026-05-10 09:42:21 CEST,8.0,2,➖ Moderate
Crocs femme,Crocs Spiderman,39.99,39,0,Crocs,,https://www.vinted.fr/items/8856600550,active,6,2026-05-08 17:42:25 CEST,48.0,13,🔥🔥 Strong Demand
Crocs femme,crocs personnalisé,75.0,109,0,Crocs,,https://www.vinted.fr/items/8818137888,active,0,2026-05-04 17:42:34 CEST,144.0,2,➖ Moderate
Crocs femme,Sandali Crocs Brooklyn Low Wedge,16.0,29,0,Crocs,,https://www.vinted.fr/items/8790278636,active,0,2026-05-09 17:42:34 CEST,24.0,3,➖ Moderate
Crocs femme,Crocs 37/38,32.0,36,0,Crocs,,https://www.vinted.fr/items/8826742068,active,3,2026-05-05 17:42:39 CEST,120.0,7,📈 Growing
Crocs femme,Crocs Cars,32.0,47,0,Crocs,,https://www.vinted.fr/items/8801259120,active,0,2026-05-09 17:42:46 CEST,24.0,5,📈 Growing
Crocs femme,Crocs taille 39,22.0,7,0,Crocs,,https://www.vinted.fr/items/8870260374,active,0,2026-05-10 09:42:47 CEST,8.0,2,➖ Moderate
Crocs femme,Vends pantoufles Crocs taille 38,1.0,10,0,Crocs,,https://www.vinted.fr/items/8662356334,active,0,2026-04-19 17:42:53 CEST,504.0,0,⚠️ Low
Crocs femme,Ballerine Crocs W9,10.0,24,0,Crocs,,https://www.vinted.fr/items/8785159314,active,0,,24.0,2,➖ Moderate
Crocs femme,Crocs 37-38,35.0,24,0,Crocs,,https://www.vinted.fr/items/8834541201,active,0,2026-05-06 17:43:01 CEST,96.0,1,⚠️ Low
Crocs femme,Sandales Crocs Iconic Comfort beige pastel,25.0,2,0,Crocs,,https://www.vinted.fr/items/8871702838,active,0,2026-05-10 12:43:04 CEST,5.0,1,⚠️ Low
Crocs femme,Crocs noires,13.0,4,0,Crocs,,https://www.vinted.fr/items/8860257830,active,0,2026-05-09 17:43:12 CEST,24.0,0,⚠️ Low
Crocs femme,Crocs Platform Clog blancs,40.0,30,0,Crocs,,https://www.vinted.fr/items/8849150174,active,3,2026-05-07 17:43:13 CEST,72.0,7,📈 Growing
Crocs femme,Crocs Tote Bag,26.0,33,0,Crocs,,https://www.vinted.fr/items/8821329037,active,0,2026-05-04 17:43:17 CEST,144.0,1,⚠️ Low
Crocs femme,Rosa Crocs,16.0,6,0,Crocs,,https://www.vinted.fr/items/8868740674,active,0,2026-05-09 21:43:23 CEST,20.0,1,⚠️ Low
Crocs femme,Crocs bege,18.0,0,0,Crocs,,https://www.vinted.fr/items/8873481312,active,0,2026-05-10 14:43:25 CEST,3.0,0,⚠️ Low
Crocs femme,pantoufles,28.0,12,0,Crocs,,https://www.vinted.fr/items/8837193785,active,0,2026-05-06 17:43:30 CEST,96.0,0,⚠️ Low
Crocs femme,Crocs Gr. 38 schwarz innen Plüsch,18.0,29,0,Crocs,,https://www.vinted.fr/items/8757316697,active,0,2026-05-09 17:43:37 CEST,24.0,3,➖ Moderate
Crocs femme,Sabot crocs,34.0,14,0,Crocs,,https://www.vinted.fr/items/8838093687,active,0,2026-05-06 17:43:37 CEST,96.0,0,⚠️ Low
Crocs femme,Crocs,40.0,35,0,Crocs,,https://www.vinted.fr/items/8819533988,active,0,2026-05-04 17:43:42 CEST,144.0,1,⚠️ Low
Crocs femme,Crocs Spiderman,39.99,39,0,Crocs,,https://www.vinted.fr/items/8856600550,active,6,2026-05-08 17:43:47 CEST,48.0,13,🔥🔥 Strong Demand
Crocs femme,Crocs bébé taille 19-20,6.0,3,0,Crocs,,https://www.vinted.fr/items/8864903124,active,0,2026-05-09 17:43:53 CEST,24.0,0,⚠️ Low
Crocs femme,Sabots Femme Crocs Classic - Cream,40.0,8,0,Crocs,,https://www.vinted.fr/items/8868199820,active,3,2026-05-09 20:43:58 CEST,21.0,8,🔥 Trending
Crocs femme,Sandales Crocs argent,15.0,10,0,Crocs,,https://www.vinted.fr/items/8795851921,active,0,2026-05-09 17:44:00 CEST,24.0,1,⚠️ Low
Crocs femme,"Sandales d'été décontractées, pointure 36",23.0,38,0,Crocs,,https://www.vinted.fr/items/8833481631,active,0,2026-05-06 17:44:07 CEST,96.0,1,⚠️ Low
Crocs femme,Crocs,30.0,23,0,Crocs,,https://www.vinted.fr/items/8857242721,active,9,2026-05-08 17:44:15 CEST,48.0,13,🔥🔥 Strong Demand
Crocs femme,Crocs dames Huarache Wedge maat W9,29.5,5,0,Crocs,,https://www.vinted.fr/items/8871028361,active,0,2026-05-10 11:44:17 CEST,6.0,2,➖ Moderate
Crocs femme,Crocs biamche W10 41-42,15.0,17,0,Crocs,,https://www.vinted.fr/items/8869546558,active,9,2026-05-10 00:44:22 CEST,17.0,17,🔥🔥🔥 Very Strong Demand
Crocs femme,Porte monnaie Crocs XL,15.0,0,0,Crocs,,https://www.vinted.fr/items/8862876247,active,0,2026-05-09 17:44:30 CEST,24.0,0,⚠️ Low
Crocs femme,Crocs platform rosa,28.0,12,0,Crocs,,https://www.vinted.fr/items/8853922532,active,0,2026-05-08 17:44:33 CEST,48.0,1,⚠️ Low
Crocs femme,Crocs Mega Crush,50.0,7,0,Crocs,,https://www.vinted.fr/items/8872484671,active,0,2026-05-10 13:44:36 CEST,4.0,4,➖ Moderate
Crocs femme,Crocs Damen,25.0,12,0,Crocs,,https://www.vinted.fr/items/8837451707,active,0,2026-05-06 17:44:43 CEST,96.0,0,⚠️ Low
Crocs femme,Croc’s Cruch Clog,30.0,11,0,Crocs,,https://www.vinted.fr/items/8814105900,active,0,2026-05-09 17:44:46 CEST,24.0,1,⚠️ Low
Crocs femme,Crocs 37-38,35.0,28,0,Crocs,,https://www.vinted.fr/items/8834599900,active,0,2026-05-06 17:44:50 CEST,96.0,1,⚠️ Low
Crocs femme,Crocs,20.0,15,0,Crocs,,https://www.vinted.fr/items/8849824071,active,0,2026-05-07 17:44:54 CEST,72.0,0,⚠️ Low
Crocs femme,Crocs rose pâle unisexe,35.0,39,0,Crocs,,https://www.vinted.fr/items/8828126510,active,0,2026-05-05 17:44:58 CEST,120.0,1,⚠️ Low
Crocs femme,Crocs Compensées,40.0,14,0,Crocs,,https://www.vinted.fr/items/8872537676,active,0,2026-05-10 13:45:02 CEST,4.0,8,🔥 Trending
Crocs femme,Kurze Jeans,7.0,0,0,Crocs,,https://www.vinted.fr/items/8872559295,active,0,2026-05-10 13:45:05 CEST,4.0,0,⚠️ Low
Crocs femme,Crocs Sandalen,22.0,7,0,Crocs,,https://www.vinted.fr/items/8870804199,active,0,2026-05-10 10:45:22 CEST,7.0,2,➖ Moderate
Crocs femme,Croque Sneaker sind komplett aus Gummi und abwaschbar,8.0,15,0,Crocs,,https://www.vinted.fr/items/8825165326,active,0,2026-05-05 17:45:22 CEST,120.0,0,⚠️ Low
Crocs femme,Ballerines ouvertes crocs,8.0,39,0,Crocs,,https://www.vinted.fr/items/6328017995,active,0,2025-06-14 17:45:26 CEST,7920.0,0,⚠️ Low
Crocs femme,Tongues blanches crocs,15.0,17,0,Crocs,,https://www.vinted.fr/items/8864186467,active,0,2026-05-09 17:45:30 CEST,24.0,2,➖ Moderate
Crocs femme,Crocs 37-38,35.0,23,0,Crocs,,https://www.vinted.fr/items/8857032174,active,7,2026-05-08 17:45:34 CEST,48.0,12,🔥🔥 Strong Demand
Crocs femme,Crocs 38/39,42.0,7,0,Crocs,,https://www.vinted.fr/items/8866117566,active,0,2026-05-09 17:45:35 CEST,24.0,1,⚠️ Low
Crocs femme,Crocs,6.0,19,0,Crocs,,https://www.vinted.fr/items/8546307957,active,0,2026-04-05 17:45:41 CEST,840.0,0,⚠️ Low
Crocs femme,Zuecos Crocs azul marino talla 43 / 44,27.0,5,0,Crocs,,https://www.vinted.fr/items/8869092692,active,0,2026-05-09 22:45:45 CEST,19.0,1,⚠️ Low
Crocs femme,Crocs,10.0,21,0,Crocs,,https://www.vinted.fr/items/8861666561,active,0,2026-05-09 17:45:50 CEST,24.0,2,➖ Moderate
Crocs femme,Sandali originali crocs  donna neri numero 37,13.0,4,0,Crocs,,https://www.vinted.fr/items/8869512414,active,0,2026-05-10 00:45:53 CEST,17.0,1,⚠️ Low
Crocs femme,Crocs Neu Damen Sandalen-W11 Neu mit etikett,29.0,4,0,Crocs,,https://www.vinted.fr/items/8869366021,active,0,2026-05-09 23:45:59 CEST,18.0,1,⚠️ Low
Crocs femme,Crocs platform,28.0,15,0,Crocs,,https://www.vinted.fr/items/8807077280,active,0,2026-05-09 17:46:03 CEST,24.0,2,➖ Moderate
Crocs femme,Jibbiz crocs,1.0,7,0,Crocs,,https://www.vinted.fr/items/7028831888,active,0,2025-09-12 17:46:05 CEST,5760.0,0,⚠️ Low
Crocs femme,Sandale Crocs 35 neuve,35.0,48,0,Crocs,,https://www.vinted.fr/items/8855399087,active,0,2026-05-08 17:46:10 CEST,48.0,2,➖ Moderate
Crocs femme,Jibbitz clips crocs,3.0,12,0,Crocs,,https://www.vinted.fr/items/7024058969,active,0,2025-09-12 17:46:15 CEST,5760.0,0,⚠️ Low
Crocs femme,SABOT,28.0,38,0,Crocs,,https://www.vinted.fr/items/8846134056,active,3,2026-05-07 17:46:16 CEST,72.0,8,🔥 Trending
Crocs femme,crocs à plate-forme,15.0,51,0,Crocs,,https://www.vinted.fr/items/8788258767,active,0,,24.0,5,📈 Growing
Crocs femme,Crocs nere taglia 39-40 + 8 charme in silicone,30.0,48,0,Crocs,,https://www.vinted.fr/items/8799775657,active,0,2026-05-09 17:46:33 CEST,24.0,5,📈 Growing
Crocs femme,"Damen Crocs für den Sommer/ den Strandurlaub, 42,5 ( 11)",20.0,21,0,Crocs,,https://www.vinted.fr/items/8863355229,active,0,2026-05-09 17:46:38 CEST,24.0,2,➖ Moderate
Crocs femme,Crocs Femme Miami Slide 40,25.0,16,0,Crocs,,https://www.vinted.fr/items/8818664473,active,0,2026-05-04 17:46:39 CEST,144.0,0,⚠️ Low
Crocs femme,Crocs,10.0,35,0,Crocs,,https://www.vinted.fr/items/8747363653,active,0,2026-04-26 17:46:46 CEST,336.0,0,⚠️ Low
Crocs femme,Crocs,30.0,9,0,Crocs,,https://www.vinted.fr/items/8842641640,active,0,2026-05-07 17:46:51 CEST,72.0,0,⚠️ Low
Crocs femme,Crocs Monstres et Compagnie 41/42,39.0,25,0,Crocs,,https://www.vinted.fr/items/8804882092,active,0,2026-05-09 17:46:55 CEST,24.0,2,➖ Moderate
Crocs femme,Crocs Badeschlapfen,10.0,41,0,Crocs,,https://www.vinted.fr/items/8760414540,active,0,2026-05-09 17:47:01 CEST,24.0,4,➖ Moderate
Crocs femme,Crocs 37/38 💕,35.0,22,0,Crocs,,https://www.vinted.fr/items/8796533399,active,0,2026-05-09 17:47:01 CEST,24.0,2,➖ Moderate
Crocs femme,Chaussures Sabots Mules Getaway Strappy noir Crocs Femme,20.99,25,0,Crocs,,https://www.vinted.fr/items/8773239915,active,0,2026-05-09 17:47:05 CEST,24.0,2,➖ Moderate
Crocs femme,Crocs slides,25.0,14,0,Crocs,,https://www.vinted.fr/items/8857519317,active,0,2026-05-08 17:47:12 CEST,48.0,1,⚠️ Low
Crocs femme,Crocs donna 36,15.0,2,0,Crocs,,https://www.vinted.fr/items/8869683840,active,0,2026-05-10 02:47:12 CEST,15.0,0,⚠️ Low
Crocs femme,Sandales Crocs jamais mise mixte,27.0,11,0,Crocs,,https://www.vinted.fr/items/8857287359,active,3,2026-05-08 17:47:16 CEST,48.0,7,📈 Growing
Crocs femme,Ciabatte Crocs donna,15.0,20,0,Crocs,,https://www.vinted.fr/items/8809184912,active,0,2026-05-09 17:47:22 CEST,24.0,2,➖ Moderate
Crocs femme,Crocs Compensés,17.0,8,0,Crocs,,https://www.vinted.fr/items/8828252318,active,0,2026-05-05 17:47:27 CEST,120.0,0,⚠️ Low
Crocs femme,Crocs beige blanc,40.0,15,0,Crocs,,https://www.vinted.fr/items/8859180776,active,0,2026-05-09 17:47:28 CEST,24.0,2,➖ Moderate
Crocs femme,Crocs,20.0,17,0,Crocs,,https://www.vinted.fr/items/8839036781,active,0,2026-05-06 17:47:37 CEST,96.0,0,⚠️ Low
Crocs femme,Crocs Baya truffel/ bruin maat 39-40,45.0,44,0,Crocs,,https://www.vinted.fr/items/8861987459,active,9,2026-05-09 17:47:39 CEST,24.0,18,🔥🔥🔥 Very Strong Demand
Crocs femme,Crocs noire NEUVE Bae Clog Black 36-37,39.0,65,0,Crocs,,https://www.vinted.fr/items/8787488528,sold,0,2026-05-09 17:47:41 CEST,24.0,10,🔥 Trending
Crocs femme,Crocs,30.0,74,0,Crocs,,https://www.vinted.fr/items/8766973265,active,26,2026-05-09 17:47:47 CEST,24.0,20,🔥🔥🔥 Very Strong Demand
Crocs femme,Crocs tongs compensées,30.0,77,0,Crocs,,https://www.vinted.fr/items/8850779779,active,0,2026-05-08 17:47:50 CEST,48.0,4,➖ Moderate
Crocs femme,Crocs,33.0,44,0,Crocs,,https://www.vinted.fr/items/8849087161,active,0,2026-05-07 17:47:54 CEST,72.0,1,⚠️ Low
Crocs femme,Mule crocs été,40.0,13,0,Crocs,,https://www.vinted.fr/items/8873320389,active,0,2026-05-10 14:48:00 CEST,3.0,10,🔥 Trending
Crocs femme,Crocs baya seasonal printed clog Taille 43-44 Jamais Porte Etiquette,32.0,21,0,Crocs,,https://www.vinted.fr/items/8864971428,active,0,2026-05-09 17:48:00 CEST,24.0,2,➖ Moderate
Crocs femme,Crocs,10.0,7,0,Crocs,,https://www.vinted.fr/items/8770681061,active,0,2026-05-09 17:48:07 CEST,24.0,1,⚠️ Low
Crocs femme,Crocs Bae Burberry,35.0,45,0,Crocs,,https://www.vinted.fr/items/8836659496,active,0,2026-05-06 17:48:14 CEST,96.0,1,⚠️ Low
Crocs femme,Crocs,25.0,20,0,Crocs,,https://www.vinted.fr/items/8853316407,active,0,2026-05-08 17:48:19 CEST,48.0,1,⚠️ Low
Crocs femme,Sabots crocs jaune taille 42,18.0,21,0,Crocs,,https://www.vinted.fr/items/8739733257,active,0,2026-04-26 17:48:23 CEST,336.0,0,⚠️ Low
Crocs femme,Crocs bleu marine,13.0,12,0,Crocs,,https://www.vinted.fr/items/8838201706,active,3,2026-05-06 17:48:24 CEST,96.0,7,📈 Growing
Crocs femme,Pins pour crocs stitch jibbitz,8.0,20,0,Crocs,,https://www.vinted.fr/items/8773979464,active,0,2026-05-09 17:48:31 CEST,24.0,2,➖ Moderate
Crocs femme,"Women's white sandals, size 36",22.0,25,0,Crocs,,https://www.vinted.fr/items/8848515546,active,0,2026-05-07 17:48:34 CEST,72.0,1,⚠️ Low
Crocs femme,Pins crocs,20.0,197,0,Crocs,,https://www.vinted.fr/items/7802318089,active,4,2026-01-10 17:48:36 CET,2880.0,6,📈 Growing
Crocs femme,Crocs,13.0,47,0,Crocs,,https://www.vinted.fr/items/6918094439,active,0,2025-09-12 17:48:44 CEST,5760.0,0,⚠️ Low
Crocs femme,Crocs blanche,10.0,9,0,Crocs,,https://www.vinted.fr/items/8857283068,active,0,2026-05-08 17:48:45 CEST,48.0,0,⚠️ Low
Crocs femme,Crocs Classic Clogs Lichtpaars/Lavender maat 38/39 EU,25.0,6,0,Crocs,,https://www.vinted.fr/items/8875104580,active,0,2026-05-09 17:48:46 CEST,24.0,1,⚠️ Low
Crocs femme,Crocs Sandalen,12.0,20,0,Crocs,,https://www.vinted.fr/items/8842279662,active,0,2026-05-07 17:48:56 CEST,72.0,1,⚠️ Low
Crocs femme,Crocs fermée grises,10.0,21,0,Crocs,,https://www.vinted.fr/items/8674700074,active,0,2026-04-19 17:48:58 CEST,504.0,0,⚠️ Low
Crocs femme,Crocs,10.0,5,0,Crocs,,https://www.vinted.fr/items/8792063244,active,0,2026-05-09 17:48:59 CEST,24.0,0,⚠️ Low
Crocs femme,Crocs mules,15.0,7,0,,,https://www.vinted.fr/items/8868141451,active,0,2026-05-09 20:49:07 CEST,21.0,1,⚠️ Low
Crocs femme,Crocs,32.0,35,0,Crocs,,https://www.vinted.fr/items/8831755715,active,0,2026-05-05 17:49:15 CEST,120.0,1,⚠️ Low
Crocs femme,Crocs Damen slides Größe 38-39,12.0,4,0,Crocs,,https://www.vinted.fr/items/8871075107,active,0,2026-05-10 11:49:17 CEST,6.0,2,➖ Moderate
Crocs femme,crocs Gr. 38,10.0,12,0,Crocs,,https://www.vinted.fr/items/8750696319,active,0,2026-04-26 17:49:21 CEST,336.0,0,⚠️ Low
Crocs femme,Crocs Super Crunch in Lilac,25.0,33,0,Crocs,,https://www.vinted.fr/items/8777627803,active,0,2026-05-09 17:49:27 CEST,24.0,3,➖ Moderate
Crocs femme,Jibbitz diamant crocs,5.0,13,0,Crocs,,https://www.vinted.fr/items/8755017527,active,0,2026-04-26 17:49:30 CEST,336.0,0,⚠️ Low
Crocs femme,Claquettes crocs m6 w8,10.0,29,0,Crocs,,https://www.vinted.fr/items/8445988188,active,0,2026-03-22 17:49:33 CET,1176.0,0,⚠️ Low
Crocs femme,Crocs Bae Burberry,35.0,45,0,Crocs,,https://www.vinted.fr/items/8836659496,active,0,2026-05-06 17:49:41 CEST,96.0,1,⚠️ Low
Crocs femme,Crocs Pro 39-40,25.0,11,0,Crocs,,https://www.vinted.fr/items/8850515747,active,3,2026-05-08 17:49:43 CEST,48.0,7,📈 Growing
Crocs femme,Crocs plate-forme blanche avec pins,35.0,28,0,Crocs,,https://www.vinted.fr/items/8852361246,active,0,2026-05-08 17:49:43 CEST,48.0,1,⚠️ Low
Crocs femme,Crocs Super Crunch in Lilac,25.0,33,0,Crocs,,https://www.vinted.fr/items/8777627803,active,0,2026-05-09 17:49:52 CEST,24.0,3,➖ Moderate
Crocs femme,Crocs 37-38,35.0,23,0,Crocs,,https://www.vinted.fr/items/8857032174,active,7,2026-05-08 17:49:53 CEST,48.0,12,🔥🔥 Strong Demand
Crocs femme,Crocs bleu marine,13.0,12,0,Crocs,,https://www.vinted.fr/items/8838201706,active,3,2026-05-06 17:49:54 CEST,96.0,7,📈 Growing
Crocs femme,Crocs,30.0,18,0,Crocs,,https://www.vinted.fr/items/8860357312,active,0,2026-05-09 17:50:03 CEST,24.0,2,➖ Moderate
Crocs femme,Sandales crocs,35.0,52,0,Crocs,,https://www.vinted.fr/items/8815679287,active,0,2026-05-04 17:50:04 CEST,144.0,1,⚠️ Low
Crocs femme,Crocs à talons Cyprus gris – 39/40 – Très bon état f,14.0,1,0,Crocs,,https://www.vinted.fr/items/8875216001,active,0,2026-05-09 17:50:06 CEST,24.0,0,⚠️ Low
Crocs femme,Pin's pour crocs,1.2,13,0,Crocs,,https://www.vinted.fr/items/7721586235,active,0,2025-12-11 17:50:14 CET,3600.0,0,⚠️ Low
Crocs femme,Damen  Schuhe Crocs,10.0,17,0,Crocs,,https://www.vinted.fr/items/8738549477,active,0,2026-04-26 17:50:17 CEST,336.0,0,⚠️ Low
Crocs femme,Crocs,8.0,9,0,Crocs,,https://www.vinted.fr/items/8749830119,active,0,2026-04-26 17:50:21 CEST,336.0,0,⚠️ Low
Crocs femme,Crocs plataforma,30.0,25,0,Crocs,,https://www.vinted.fr/items/8863881502,active,0,2026-05-09 17:50:23 CEST,24.0,2,➖ Moderate
Crocs femme,Sandalen von Crocs,12.0,47,0,Crocs,,https://www.vinted.fr/items/8816570538,active,0,2026-05-04 17:50:31 CEST,144.0,1,⚠️ Low
Crocs femme,crocs blancs t 36,6.0,21,0,Crocs,,https://www.vinted.fr/items/8651100986,active,0,,24.0,2,➖ Moderate
Crocs femme,Crocs neu,26.0,22,0,Crocs,,https://www.vinted.fr/items/8856179124,active,4,2026-05-08 17:50:37 CEST,48.0,8,🔥 Trending
Crocs femme,Sandales crocs,10.0,23,0,Crocs,,https://www.vinted.fr/items/6794211211,active,0,2025-08-13 17:50:43 CEST,6480.0,0,⚠️ Low
Crocs femme,Tongs Crocs,7.0,26,0,Crocs,,https://www.vinted.fr/items/7931910713,active,0,2026-02-09 17:50:46 CET,2160.0,0,⚠️ Low
Crocs femme,Crocs,8.0,25,0,Crocs,,https://www.vinted.fr/items/8799887754,active,0,2026-05-09 17:50:51 CEST,24.0,2,➖ Moderate
Crocs femme,Mule crocs été,40.0,13,0,Crocs,,https://www.vinted.fr/items/8873320389,active,0,2026-05-10 14:50:55 CEST,3.0,10,🔥 Trending
Crocs femme,Zeppe Crocs nere 35,17.0,10,0,Crocs,,https://www.vinted.fr/items/8861006797,active,0,2026-05-09 17:50:57 CEST,24.0,1,⚠️ Low
Crocs femme,Original White Crocs – Excellent Condition – Comfortable & Stylish W9,39.0,16,0,Crocs,,https://www.vinted.fr/items/8848449786,active,0,2026-05-07 17:51:04 CEST,72.0,1,⚠️ Low
Crocs femme,Ballerine crocs,50.0,24,0,Crocs,,https://www.vinted.fr/items/8855961481,active,0,2026-05-08 17:51:07 CEST,48.0,1,⚠️ Low
Crocs femme,Crocs Neu Damen Sandalen-W11 Neu mit etikett,29.0,4,0,Crocs,,https://www.vinted.fr/items/8869366021,active,0,2026-05-09 23:51:09 CEST,18.0,1,⚠️ Low
Crocs femme,"Sandali Crocs 38,5 W8 black",19.99,23,0,Crocs,,https://www.vinted.fr/items/8866805096,active,0,2026-05-09 17:51:15 CEST,24.0,2,➖ Moderate
Crocs femme,Pin’s Crocs motif fleurs,8.0,7,0,Crocs,,https://www.vinted.fr/items/8804908585,active,0,2026-05-09 17:51:19 CEST,24.0,1,⚠️ Low
Crocs femme,Crocs compensées,32.0,7,0,Crocs,,https://www.vinted.fr/items/8812639139,active,0,2026-05-09 17:51:23 CEST,24.0,1,⚠️ Low
Crocs femme,Crocs slippers,10.0,17,0,Crocs,,https://www.vinted.fr/items/8832242527,active,0,2026-05-05 17:51:27 CEST,120.0,0,⚠️ Low
Crocs femme,Crocs zweimal getragen,15.0,15,0,Crocs,,https://www.vinted.fr/items/8856189807,active,0,2026-05-08 17:51:30 CEST,48.0,1,⚠️ Low
Crocs femme,Crocs,12.0,1,0,Crocs,,https://www.vinted.fr/items/8874691758,active,0,2026-05-10 15:51:33 CEST,2.0,1,⚠️ Low
Crocs femme,Crocs beige blanc,40.0,15,0,Crocs,,https://www.vinted.fr/items/8859180776,active,0,2026-05-09 17:51:39 CEST,24.0,2,➖ Moderate
Crocs femme,Crocs Iconic Comfort,35.0,4,0,Crocs,,https://www.vinted.fr/items/8863443469,active,0,2026-05-09 17:51:42 CEST,24.0,0,⚠️ Low
Crocs femme,Nuevas Crocs Classic Clog Rosa Pastel Talla 39-40 M7-W9 Con Etiquetas,40.0,9,0,Crocs,,https://www.vinted.fr/items/8868420866,active,0,2026-05-09 21:51:47 CEST,20.0,1,⚠️ Low
Crocs femme,Sandali Crocs donna,14.0,18,0,Crocs,,https://www.vinted.fr/items/8864167790,active,4,2026-05-09 17:51:50 CEST,24.0,9,🔥 Trending
Crocs femme,Yeezy foam Crocs couleur blanc taille 37,25.0,19,0,Crocs,,https://www.vinted.fr/items/8858904935,active,0,2026-05-09 17:51:55 CEST,24.0,2,➖ Moderate
Crocs femme,Crocs,30.0,25,0,Crocs,,https://www.vinted.fr/items/8816263906,active,0,2026-05-04 17:51:58 CEST,144.0,0,⚠️ Low
Crocs femme,Crocs sandales serena,15.0,14,0,Crocs,,https://www.vinted.fr/items/8808194044,active,0,2026-05-09 17:52:02 CEST,24.0,1,⚠️ Low
Crocs femme,Crocs Dylan Platform wheat 41/42,30.0,30,0,Crocs,,https://www.vinted.fr/items/8810778808,active,0,2026-05-09 17:52:06 CEST,24.0,3,➖ Moderate
Crocs femme,Crocs,20.0,4,0,Crocs,,https://www.vinted.fr/items/8831832474,active,0,2026-05-05 17:52:12 CEST,120.0,0,⚠️ Low
Crocs femme,Crocs crush clog couleur bone - beige,35.0,20,0,Crocs,,https://www.vinted.fr/items/8830643573,active,0,2026-05-05 17:52:12 CEST,120.0,0,⚠️ Low
Crocs femme,Damen Crocs Gr.9,23.0,25,0,Crocs,,https://www.vinted.fr/items/8830042009,active,0,2026-05-05 17:52:17 CEST,120.0,0,⚠️ Low
Crocs femme,"zoccoli leggeri, di alta qualità ed eleganti",49.0,15,0,Crocs,,https://www.vinted.fr/items/8860128797,active,0,2026-05-09 17:52:24 CEST,24.0,2,➖ Moderate
Crocs femme,Sandales compensées Crocs,15.0,15,0,Crocs,,https://www.vinted.fr/items/8803026256,active,0,2026-05-09 17:52:25 CEST,24.0,2,➖ Moderate
Crocs femme,Crocs,30.0,38,0,Crocs,,https://www.vinted.fr/items/8798476980,active,0,2026-05-09 17:52:38 CEST,24.0,4,➖ Moderate
Crocs femme,crocs tong,25.0,17,0,Crocs,,https://www.vinted.fr/items/8863435428,active,0,2026-05-09 17:52:38 CEST,24.0,2,➖ Moderate
Crocs femme,"Lot de 3 Jibbitz charms pour Crocs, strass irisés + ours doré",6.0,21,0,Crocs,,https://www.vinted.fr/items/8720466719,sold,0,2026-04-26 17:52:39 CEST,336.0,0,⚠️ Low
Crocs femme,Crocs Sandale,22.0,23,0,Crocs,,https://www.vinted.fr/items/8868231496,active,0,2026-05-09 20:52:49 CEST,21.0,3,➖ Moderate
Crocs femme,Crocs noir,23.0,2,0,Crocs,,https://www.vinted.fr/items/8865748259,active,0,2026-05-09 17:52:50 CEST,24.0,0,⚠️ Low
Crocs femme,"Crocs sandalen Gr 41,5 Neu beige",13.0,37,0,Crocs,,https://www.vinted.fr/items/8409271897,active,0,2026-03-22 17:52:51 CET,1176.0,0,⚠️ Low
Crocs femme,Crocs Classic Crafter Clog Concrete,35.0,11,0,Crocs,,https://www.vinted.fr/items/8863063128,active,0,2026-05-09 17:53:00 CEST,24.0,1,⚠️ Low
Crocs femme,"Ballerines crocs neuves taille W5 37,5",6.0,11,0,Crocs,,https://www.vinted.fr/items/8511696771,active,0,2026-04-05 17:53:02 CEST,840.0,0,⚠️ Low
Crocs femme,Crocs sandal mega crush 42,28.0,68,0,Crocs,,https://www.vinted.fr/items/8768881255,active,0,2026-05-09 17:53:03 CEST,24.0,7,📈 Growing
Crocs femme,Crocs,13.0,3,0,Crocs,,https://www.vinted.fr/items/8869458273,active,0,2026-05-09 23:53:10 CEST,18.0,0,⚠️ Low
Crocs femme,Chaussures style Crocs pour femme taille 39,6.0,9,0,Crocs,,https://www.vinted.fr/items/8402700017,active,0,2026-03-15 17:53:15 CET,1344.0,0,⚠️ Low
Crocs femme,Crocs plataforma,40.0,3,0,Crocs,,https://www.vinted.fr/items/8872192978,active,0,2026-05-10 12:53:17 CEST,5.0,1,⚠️ Low
Crocs femme,Crocs beige,20.0,1,0,Crocs,,https://www.vinted.fr/items/8833563955,active,0,2026-05-06 17:53:20 CEST,96.0,0,⚠️ Low
Crocs femme,Ciabattina comodissima,15.0,33,0,Crocs,,https://www.vinted.fr/items/8786654106,active,0,2026-05-09 17:53:25 CEST,24.0,3,➖ Moderate
Crocs femme,Crocs Damen Sandalen mit Absatz,25.0,30,0,Crocs,,https://www.vinted.fr/items/8850233024,active,0,2026-05-08 17:53:27 CEST,48.0,2,➖ Moderate
Crocs femme,Bottine crocs,35.0,22,0,Crocs,,https://www.vinted.fr/items/8811764056,active,0,2026-05-09 17:53:31 CEST,24.0,2,➖ Moderate
Crocs femme,Sandale crocs noir en tres bon etat,35.0,21,0,Crocs,,https://www.vinted.fr/items/8849853130,active,0,,24.0,2,➖ Moderate
Crocs femme,Jibbitz Pokémon,10.0,17,0,Crocs,,https://www.vinted.fr/items/8765220202,active,0,,24.0,2,➖ Moderate
Crocs femme,Crocs NEU mit Etikett 36/37,26.0,71,0,Crocs,,https://www.vinted.fr/items/8855060703,active,20,2026-05-08 17:53:41 CEST,48.0,20,🔥🔥🔥 Very Strong Demand
Crocs femme,Crocs baya silver glitter clog size 41-42,40.0,73,0,Crocs,,https://www.vinted.fr/items/8865838056,active,6,2026-05-09 17:53:48 CEST,24.0,19,🔥🔥🔥 Very Strong Demand
Crocs femme,Crocs Slides,20.0,15,0,Crocs,,https://www.vinted.fr/items/8775838156,active,0,2026-05-09 17:53:51 CEST,24.0,2,➖ Moderate
Crocs femme,Crocs crush plate-forme,28.0,46,0,Crocs,,https://www.vinted.fr/items/8827304463,active,0,2026-05-05 17:53:53 CEST,120.0,1,⚠️ Low
Crocs femme,Sac banane bandoulières Crocs,45.0,41,0,Crocs,,https://www.vinted.fr/items/8805451113,sold,0,2026-05-09 17:54:00 CEST,24.0,6,📈 Growing
Crocs femme,Simili crocs,18.0,51,0,Crocs,,https://www.vinted.fr/items/8773796000,active,0,2026-05-09 17:54:02 CEST,24.0,5,📈 Growing
Crocs femme,Crocs fucsias,10.0,32,0,Crocs,,https://www.vinted.fr/items/8821974496,active,0,2026-05-04 17:54:05 CEST,144.0,1,⚠️ Low
Crocs femme,Lila crocs maat 41,20.0,3,0,Crocs,,https://www.vinted.fr/items/8869917567,active,0,2026-05-10 08:54:14 CEST,9.0,1,⚠️ Low
Crocs femme,Crocs dunkelblau,25.0,8,0,Crocs,,https://www.vinted.fr/items/8867468012,active,4,2026-05-09 19:54:15 CEST,22.0,9,🔥 Trending
Crocs femme,Crocs,20.0,14,0,Crocs,,https://www.vinted.fr/items/8865871705,active,0,2026-05-09 17:54:15 CEST,24.0,1,⚠️ Low
Crocs femme,Sandales à talon Crocs taille 36,10.0,17,0,Crocs,,https://www.vinted.fr/items/8598268814,active,0,2026-04-12 17:54:24 CEST,672.0,0,⚠️ Low
Crocs femme,Crocs Flip-Flops,5.0,13,0,Crocs,,https://www.vinted.fr/items/8334370263,active,0,2026-03-11 17:54:26 CET,1440.0,0,⚠️ Low
Crocs femme,Crocs Classic platform,35.0,66,0,Crocs,,https://www.vinted.fr/items/8767755501,active,0,2026-05-09 17:54:27 CEST,24.0,7,📈 Growing
Crocs femme,Crocs x BAPE lilás 38-39,67.0,9,0,Crocs,,https://www.vinted.fr/items/8871719155,active,0,2026-05-10 12:54:35 CEST,5.0,4,➖ Moderate
Crocs femme,Crocs,32.0,35,0,Crocs,,https://www.vinted.fr/items/8831755715,active,0,,24.0,3,➖ Moderate
Crocs femme,"Chaussures Crocs blanches, quasiment neuves, avec étiquettes.",26.99,4,0,Crocs,,https://www.vinted.fr/items/8861899534,active,0,,24.0,0,⚠️ Low
Crocs femme,Crocs neuves,30.0,9,0,Crocs,,https://www.vinted.fr/items/8860744930,active,0,2026-05-09 17:54:47 CEST,24.0,1,⚠️ Low
Crocs femme,Crocs pailletées argenté,38.0,13,0,Crocs,,https://www.vinted.fr/items/8856653127,active,0,2026-05-08 17:54:50 CEST,48.0,1,⚠️ Low
Crocs femme,Pin’s rap JUL pour crocs,3.5,13,0,Set,,https://www.vinted.fr/items/8868754089,sold,0,2026-05-09 21:54:57 CEST,20.0,2,➖ Moderate
Crocs femme,Crocs schwarz Grösse 41 / 42 M8 W10,23.0,24,0,Crocs,,https://www.vinted.fr/items/8813405073,active,5,2026-05-09 17:54:58 CEST,24.0,14,🔥🔥 Strong Demand
Crocs femme,crocs classic crafted clog sabot nere velluto tg. 38,35.0,20,0,Crocs,,https://www.vinted.fr/items/8856226510,active,0,2026-05-09 17:55:03 CEST,24.0,2,➖ Moderate
Crocs femme,Crocs 42/43 jamais porté encore neuve,35.0,17,0,Crocs,,https://www.vinted.fr/items/8868137439,active,4,2026-05-09 20:55:07 CEST,21.0,10,🔥 Trending
Crocs femme,Ciabatte,25.0,28,0,Crocs,,https://www.vinted.fr/items/8789286265,active,0,2026-05-09 17:55:10 CEST,24.0,3,➖ Moderate
Crocs femme,Lot charms Crocs,3.0,2,0,Crocs,,https://www.vinted.fr/items/8873742225,active,0,2026-05-10 14:55:17 CEST,3.0,2,➖ Moderate
Crocs femme,Ballerines Crocs 37,5.0,17,0,Crocs,,https://www.vinted.fr/items/5630225389,active,0,2025-02-14 17:55:18 CET,10800.0,0,⚠️ Low
Crocs femme,Crocs,15.0,7,0,Crocs,,https://www.vinted.fr/items/8872599706,active,0,2026-05-10 13:55:23 CEST,4.0,4,➖ Moderate
Crocs femme,Crocs Mega crush sandal,15.0,17,0,Crocs,,https://www.vinted.fr/items/8859745679,active,0,2026-05-09 17:55:31 CEST,24.0,2,➖ Moderate
Crocs femme,Pins Crocs,15.0,3,0,Crocs,,https://www.vinted.fr/items/8810838510,active,0,2026-05-09 17:55:33 CEST,24.0,0,⚠️ Low
Crocs femme,Crocs Crush Sandal  roze maat 39/40,22.5,13,0,Crocs,,https://www.vinted.fr/items/8866596439,active,0,2026-05-09 17:55:36 CEST,24.0,1,⚠️ Low
Crocs femme,simil crocs rosa pastello taglia 37,8.0,27,0,Crocs,,https://www.vinted.fr/items/8253430017,active,0,2026-03-11 17:55:42 CET,1440.0,0,⚠️ Low
Crocs femme,Ballerinas,5.0,8,0,Crocs,,https://www.vinted.fr/items/8680761249,active,0,2026-04-19 17:55:45 CEST,504.0,0,⚠️ Low
Crocs femme,Crocs neuve,45.0,4,0,Crocs,,https://www.vinted.fr/items/8872591047,active,0,2026-05-10 13:55:49 CEST,4.0,2,➖ Moderate
Crocs femme,"lettres ""A N t o i n e"" pour crocs",7.0,12,0,Crocs,,https://www.vinted.fr/items/8787368762,active,0,2026-05-09 17:55:56 CEST,24.0,1,⚠️ Low
Crocs femme,Crocs plateados con lazo,35.0,83,0,Crocs,,https://www.vinted.fr/items/8872208220,sold,0,2026-05-10 12:55:59 CEST,5.0,20,🔥🔥🔥 Very Strong Demand
Crocs femme,Crocs baya silver glitter clog size 41-42,40.0,73,0,Crocs,,https://www.vinted.fr/items/8865838056,active,6,2026-05-09 17:56:01 CEST,24.0,19,🔥🔥🔥 Very Strong Demand
Crocs femme,Slippers,18.0,18,0,Crocs,,https://www.vinted.fr/items/8820582842,active,0,2026-05-04 17:56:08 CEST,144.0,0,⚠️ Low
Crocs femme,Crocs sandales serena fleurs,20.0,13,0,Crocs,,https://www.vinted.fr/items/8808267275,active,0,2026-05-09 17:56:13 CEST,24.0,1,⚠️ Low
Crocs femme,Crocs,9.0,15,0,Crocs,,https://www.vinted.fr/items/8821073912,active,0,2026-05-04 17:56:18 CEST,144.0,0,⚠️ Low
Crocs femme,Sandali bellissimi,15.0,48,0,Crocs,,https://www.vinted.fr/items/8870402732,active,0,2026-05-10 09:56:19 CEST,8.0,14,🔥🔥 Strong Demand
Crocs femme,Crocs,11.0,14,0,Crocs,,https://www.vinted.fr/items/8809156052,active,0,2026-05-09 17:56:25 CEST,24.0,1,⚠️ Low
Crocs femme,Sandales crocs,15.0,25,0,Crocs,,https://www.vinted.fr/items/8797778805,active,0,2026-05-09 17:56:28 CEST,24.0,2,➖ Moderate
Crocs femme,Pink crocs size 39-40,35.0,25,0,Crocs,,https://www.vinted.fr/items/8867113378,active,5,2026-05-09 17:56:32 CEST,24.0,14,🔥🔥 Strong Demand
Crocs femme,Crocs,25.0,26,0,Crocs,,https://www.vinted.fr/items/8751757434,active,0,2026-04-26 17:56:39 CEST,336.0,0,⚠️ Low
Crocs femme,crocs grises tailles 36/37,18.0,3,0,Crocs,,https://www.vinted.fr/items/8832404214,active,0,2026-05-05 17:56:44 CEST,120.0,0,⚠️ Low
Crocs femme,Crocs Damen Sandalen mit Absatz,25.0,30,0,Crocs,,https://www.vinted.fr/items/8850233024,active,0,2026-05-08 17:56:47 CEST,48.0,2,➖ Moderate
Crocs femme,Crocs neuve,45.0,4,0,Crocs,,https://www.vinted.fr/items/8872591047,active,0,2026-05-10 13:56:50 CEST,4.0,2,➖ Moderate
Crocs femme,crocs tong,25.0,17,0,Crocs,,https://www.vinted.fr/items/8863435428,active,0,2026-05-09 17:56:58 CEST,24.0,2,➖ Moderate
Crocs femme,Crocs Plateau,13.0,22,0,Crocs,,https://www.vinted.fr/items/8833403732,active,0,2026-05-05 17:57:00 CEST,120.0,0,⚠️ Low
Crocs femme,Jibbitz charms Crocs,2.0,15,0,Crocs,,https://www.vinted.fr/items/8228170922,active,0,2026-03-11 17:57:05 CET,1440.0,0,⚠️ Low
Crocs femme,Iconic comfort crocs w8- maat 38,20.0,16,0,Crocs,,https://www.vinted.fr/items/8822931188,active,0,2026-05-04 17:57:12 CEST,144.0,0,⚠️ Low
Crocs femme,Crocs,30.0,3,0,Crocs,,https://www.vinted.fr/items/8873675198,active,0,2026-05-10 14:57:14 CEST,3.0,2,➖ Moderate
Crocs femme,"CROCS Brooklyn Buckle beige scuro 36/37
Sabot con zeppa Brooklyn Buckle",25.0,15,0,Crocs,,https://www.vinted.fr/items/8832882235,active,0,2026-05-05 17:57:17 CEST,120.0,0,⚠️ Low
Crocs femme,Rosa Crocs,10.0,49,0,Crocs,,https://www.vinted.fr/items/7746579586,active,0,2026-01-10 17:57:23 CET,2880.0,0,⚠️ Low
Crocs femme,Jibbitz charms Crocs,10.0,15,0,Crocs,,https://www.vinted.fr/items/8747992810,active,0,2026-04-26 17:57:26 CEST,336.0,0,⚠️ Low
Crocs femme,Echo clog,40.0,34,0,Crocs,,https://www.vinted.fr/items/8840730128,active,5,2026-05-06 17:57:29 CEST,96.0,11,🔥 Trending
Crocs femme,Ballerinas von Crocs W10,11.0,40,0,Crocs,,https://www.vinted.fr/items/8753874172,active,0,2026-05-09 17:57:36 CEST,24.0,4,➖ Moderate
Crocs femme,Crocs fourre,10.0,1,0,Crocs,,https://www.vinted.fr/items/8866085667,active,0,2026-05-09 17:57:39 CEST,24.0,0,⚠️ Low
Crocs femme,Crocs Schuhe Mint Farbe Mintgrün Hausschuhe Badeschlappen Latschen Badeschuhe Gr. 40,8.95,20,0,Crocs,,https://www.vinted.fr/items/8808919196,active,0,2026-05-09 17:57:42 CEST,24.0,2,➖ Moderate
Crocs femme,Crocs brown size 22/23,20.0,0,0,Crocs,,https://www.vinted.fr/items/8864546904,active,0,2026-05-09 17:57:48 CEST,24.0,0,⚠️ Low
Crocs femme,Yeezy foam Crocs couleur blanc taille 37,25.0,19,0,Crocs,,https://www.vinted.fr/items/8858904935,active,0,2026-05-09 17:57:50 CEST,24.0,2,➖ Moderate
Crocs femme,Crocs,9.0,21,0,Crocs,,https://www.vinted.fr/items/8851564769,active,0,2026-05-08 17:57:54 CEST,48.0,1,⚠️ Low
Crocs femme,Crocs ins Beige,10.0,29,0,Crocs,,https://www.vinted.fr/items/8117196684,active,0,2026-02-09 17:58:00 CET,2160.0,0,⚠️ Low
Crocs femme,Crocs  fourré,20.0,27,0,Crocs,,https://www.vinted.fr/items/8865518260,active,6,2026-05-09 17:58:02 CEST,24.0,15,🔥🔥 Strong Demand
Crocs femme,Crocs,15.0,7,0,Crocs,,https://www.vinted.fr/items/8872599706,active,0,2026-05-10 13:58:08 CEST,4.0,4,➖ Moderate
Crocs femme,Sabot crocs,12.0,7,0,Crocs,,https://www.vinted.fr/items/8774714060,active,0,2026-05-09 17:58:11 CEST,24.0,1,⚠️ Low
Crocs femme,Crocs compensées,25.0,8,0,Crocs,,https://www.vinted.fr/items/8862490887,active,0,2026-05-09 17:58:12 CEST,24.0,1,⚠️ Low
Crocs femme,Bijoux crocs charms,2.0,7,0,Crocs,,https://www.vinted.fr/items/8484471027,active,0,2026-03-29 17:58:20 CEST,1008.0,0,⚠️ Low
Crocs femme,Crocs jaune,20.0,10,0,Crocs,,https://www.vinted.fr/items/8816922138,active,0,2026-05-04 17:58:22 CEST,144.0,0,⚠️ Low
Crocs femme,Ballerines Crocs,4.0,19,0,Crocs,,https://www.vinted.fr/items/7196573484,active,0,2025-10-12 17:58:22 CEST,5040.0,0,⚠️ Low
Crocs femme,Crocs,25.0,4,0,Crocs,,https://www.vinted.fr/items/8824426891,active,0,2026-05-04 17:58:32 CEST,144.0,0,⚠️ Low
Crocs femme,Lot neuf de 20 charms pin's pour crocs pokémon pikachu carapuce pins,7.0,1,0,sans marque,,https://www.vinted.fr/items/8872896599,active,0,2026-05-10 13:58:34 CEST,4.0,1,⚠️ Low
Crocs femme,Botas impermeables de crocs,14.0,10,0,Crocs,,https://www.vinted.fr/items/8872473340,active,0,2026-05-10 12:58:35 CEST,5.0,5,📈 Growing
Crocs femme,Crocs Damen slides Größe 38-39,12.0,4,0,Crocs,,https://www.vinted.fr/items/8871075107,active,0,2026-05-10 11:58:41 CEST,6.0,2,➖ Moderate
Crocs femme,Simili crocs,18.0,38,0,Crocs,,https://www.vinted.fr/items/8773755315,active,0,,24.0,4,➖ Moderate
Crocs femme,Crocs Iconic Comfort,15.0,22,0,Crocs,,https://www.vinted.fr/items/8775653600,active,0,,24.0,2,➖ Moderate
Crocs femme,Crocs scarpa da vela tg uk4 blu e bianco,15.0,10,0,Crocs,,https://www.vinted.fr/items/8810935233,active,0,2026-05-09 17:58:51 CEST,24.0,1,⚠️ Low
Crocs femme,Croc's,5.0,20,0,Crocs,,https://www.vinted.fr/items/7553539035,active,0,2025-12-11 17:58:56 CET,3600.0,0,⚠️ Low
Crocs femme,Crocs ballerines,15.0,40,0,Crocs,,https://www.vinted.fr/items/8696227560,active,0,2026-04-19 17:59:05 CEST,504.0,0,⚠️ Low
Crocs femme,Sandali Crocs Brooklyn Cork Buckle - Taglia 34/35 - NUOVI,28.0,84,0,Crocs,,https://www.vinted.fr/items/8820573222,active,0,2026-05-04 17:59:06 CEST,144.0,1,⚠️ Low
Crocs femme,Croc Slippers,13.0,27,0,Crocs,,https://www.vinted.fr/items/8862679273,active,0,2026-05-09 17:59:08 CEST,24.0,3,➖ Moderate
Crocs femme,Lot de 10 pins pour crocs,20.0,5,0,Crocs,,https://www.vinted.fr/items/8860752362,active,0,2026-05-09 17:59:14 CEST,24.0,0,⚠️ Low
Crocs femme,Chaussures crocs,5.0,26,0,Crocs,,https://www.vinted.fr/items/7716839837,active,0,2025-12-11 17:59:17 CET,3600.0,0,⚠️ Low
Crocs femme,Sandali Crocs Brooklyn Low Wedge,27.0,48,0,Crocs,,https://www.vinted.fr/items/8814703398,active,0,2026-05-09 17:59:19 CEST,24.0,5,📈 Growing
Crocs femme,Classic Crush Rain Boot,35.0,35,0,Crocs,,https://www.vinted.fr/items/8867840513,active,0,2026-05-09 19:59:26 CEST,22.0,4,➖ Moderate
Crocs femme,Crocs,25.0,4,0,Crocs,,https://www.vinted.fr/items/8855312719,active,0,2026-05-08 17:59:29 CEST,48.0,0,⚠️ Low
Crocs femme,Crocs roses,25.0,15,0,Crocs,,https://www.vinted.fr/items/8781056014,active,0,2026-05-09 17:59:34 CEST,24.0,2,➖ Moderate
Crocs femme,Crocs,6.0,17,0,Crocs,,https://www.vinted.fr/items/8049520400,active,0,2026-02-09 17:59:36 CET,2160.0,0,⚠️ Low
Crocs femme,Unisex crocs,5.0,22,0,Crocs,,https://www.vinted.fr/items/8349544477,active,0,2026-03-15 17:59:42 CET,1344.0,0,⚠️ Low
Crocs femme,Platform crocs,25.0,22,0,Crocs,,https://www.vinted.fr/items/8823805919,active,0,2026-05-04 17:59:46 CEST,144.0,0,⚠️ Low
Crocs femme,Crocs compensées,30.0,12,0,Crocs,,https://www.vinted.fr/items/8796926372,active,0,2026-05-09 17:59:48 CEST,24.0,1,⚠️ Low
Crocs femme,Crocs Classic Clog color Taupe nuevas talla 35 36,40.0,9,0,Crocs,,https://www.vinted.fr/items/8862151671,active,0,2026-05-09 17:59:56 CEST,24.0,1,⚠️ Low
Crocs femme,"Crocs Clogs classic in de kleur Lavender, maat EU 38-39 (gebruikt, maar nog in een prima staat)",49.0,8,0,Crocs,,https://www.vinted.fr/items/8864536216,active,0,2026-05-09 17:59:58 CEST,24.0,1,⚠️ Low
Crocs femme,Pin’s crocs,1.0,15,0,Crocs,,https://www.vinted.fr/items/6389293541,active,0,2025-06-14 18:00:01 CEST,7920.0,0,⚠️ Low
Crocs femme,Crocs rot Kinder/Erwachsene Unisex,10.0,18,0,Crocs,,https://www.vinted.fr/items/8833081221,active,0,2026-05-05 18:00:08 CEST,120.0,0,⚠️ Low
Crocs femme,Sabot crocs neuf,35.0,8,0,Crocs,,https://www.vinted.fr/items/8864521347,active,0,2026-05-09 18:00:10 CEST,24.0,1,⚠️ Low
Crocs femme,Crocs,8.0,15,0,Crocs,,https://www.vinted.fr/items/6830793389,active,0,2025-08-13 18:00:14 CEST,6480.0,0,⚠️ Low
Crocs femme,Crocs Miami Ankle Strap Sandal,28.3,46,0,Crocs,,https://www.vinted.fr/items/8842172465,active,3,2026-05-07 18:00:19 CEST,72.0,8,🔥 Trending
Crocs femme,croc beige,10.0,19,0,Crocs,,https://www.vinted.fr/items/6971314202,active,0,2025-09-12 18:00:22 CEST,5760.0,0,⚠️ Low
Crocs femme,Crocs donna azzurre. Numero 38,23.0,15,0,Crocs,,https://www.vinted.fr/items/8852513388,active,0,2026-05-08 18:00:29 CEST,48.0,1,⚠️ Low
Crocs femme,Crocs novas,23.9,11,0,Crocs,,https://www.vinted.fr/items/8865302147,active,0,2026-05-09 18:00:31 CEST,24.0,1,⚠️ Low
Crocs femme,Crocs mixte,20.0,15,0,Crocs,,https://www.vinted.fr/items/8863534660,active,0,2026-05-09 18:00:36 CEST,24.0,2,➖ Moderate
Crocs femme,Ciabatta Crocs tg 36 nera,12.0,18,0,Crocs,,https://www.vinted.fr/items/8833594338,active,0,2026-05-06 18:00:43 CEST,96.0,0,⚠️ Low
Crocs femme,Crocs Platform,35.0,35,0,Crocs,,https://www.vinted.fr/items/8834704501,active,0,2026-05-06 18:00:45 CEST,96.0,1,⚠️ Low
Crocs femme,Ciabatte Crocs n.39,12.0,11,0,Crocs,,https://www.vinted.fr/items/8829294074,active,0,2026-05-05 18:00:49 CEST,120.0,0,⚠️ Low
Crocs femme,Crocs Ballerina W 10 41/42 / Leo Crocs,20.0,26,0,Crocs,,https://www.vinted.fr/items/8823767338,active,0,2026-05-04 18:00:53 CEST,144.0,0,⚠️ Low
Crocs femme,Crocs neuves,30.0,9,0,Crocs,,https://www.vinted.fr/items/8860744930,active,0,2026-05-09 18:00:56 CEST,24.0,1,⚠️ Low
Crocs femme,Chaussure Crocs femme,35.0,12,0,Crocs,,https://www.vinted.fr/items/8825573572,active,0,2026-05-05 18:01:02 CEST,120.0,0,⚠️ Low
Crocs femme,"Crocs, size 8",7.0,18,0,Crocs,,https://www.vinted.fr/items/8866064814,active,0,2026-05-09 18:01:04 CEST,24.0,2,➖ Moderate
Crocs femme,Crocs 42/43 jamais porté encore neuve,35.0,17,0,Crocs,,https://www.vinted.fr/items/8868137439,active,4,2026-05-09 21:01:10 CEST,21.0,10,🔥 Trending
Crocs femme,Crocs sabots fourrés 36/37,10.0,36,0,Crocs,,https://www.vinted.fr/items/6780083118,active,0,2025-08-13 18:01:12 CEST,6480.0,0,⚠️ Low
Crocs femme,Crocs rose fourrées,30.0,26,0,Crocs,,https://www.vinted.fr/items/8795838807,active,0,2026-05-09 18:01:21 CEST,24.0,3,➖ Moderate
Crocs femme,Baskets Crocs LiteRide 206705 - Noir - Pointure W7 (37),15.0,4,0,Crocs,,https://www.vinted.fr/items/8829407016,active,0,2026-05-06 18:01:22 CEST,96.0,0,⚠️ Low
Crocs femme,Crocs Getaway Platform – bequem & stylisch,10.0,8,0,Crocs,,https://www.vinted.fr/items/8805369808,active,0,2026-05-09 18:01:23 CEST,24.0,1,⚠️ Low
Crocs femme,Crocs plateforme,35.0,21,0,Crocs,,https://www.vinted.fr/items/8870608917,active,0,2026-05-10 11:01:32 CEST,7.0,7,📈 Growing
Crocs femme,Crocs Tote Bag,25.0,109,0,Crocs,,https://www.vinted.fr/items/8821340832,active,3,2026-05-04 18:01:32 CEST,144.0,8,🔥 Trending
Crocs femme,Crocs Jibbitz Smiley,2.5,12,0,Crocs,,https://www.vinted.fr/items/8454898620,active,0,2026-03-22 18:01:33 CET,1176.0,0,⚠️ Low
Crocs femme,Crocs platform,30.0,57,0,Crocs,,https://www.vinted.fr/items/8778220339,active,0,2026-05-09 18:01:44 CEST,24.0,6,📈 Growing
Crocs femme,Crocs (SANS les pins),15.0,58,0,Crocs,,https://www.vinted.fr/items/8006949974,active,0,2026-02-09 18:01:45 CET,2160.0,0,⚠️ Low
Crocs femme,Crocs noir sandales,17.0,38,0,Crocs,,https://www.vinted.fr/items/8776357755,active,0,2026-05-09 18:01:47 CEST,24.0,4,➖ Moderate
Crocs femme,Crocs femme,17.0,3,0,Crocs,,https://www.vinted.fr/items/8866691009,active,0,2026-05-09 18:01:55 CEST,24.0,0,⚠️ Low
Crocs femme,Chaussons cars rouge pointure 37 Crocs flash macqueen,37.0,5,0,Crocs,,https://www.vinted.fr/items/8867456563,active,0,2026-05-09 21:01:55 CEST,21.0,1,⚠️ Low
Crocs femme,Crocs slides,20.0,47,0,Crocs,,https://www.vinted.fr/items/8737327363,active,0,2026-04-26 18:02:00 CEST,336.0,0,⚠️ Low
Crocs femme,"CROCS dames sandalen , mt 39, mt 6",12.0,29,0,Crocs,,https://www.vinted.fr/items/8665361092,active,0,2026-04-19 18:02:06 CEST,504.0,0,⚠️ Low
Crocs femme,Crocs schwarz M 6 W 8 Größe 38/39,16.0,22,0,Crocs,,https://www.vinted.fr/items/8774099437,active,0,2026-05-09 18:02:08 CEST,24.0,2,➖ Moderate
Crocs femme,Breloques jibbitz pins avocado chef,7.5,15,0,Crocs,,https://www.vinted.fr/items/8874101703,active,0,2026-05-10 16:02:11 CEST,2.0,18,🔥🔥🔥 Very Strong Demand
Crocs femme,crocs classic crafted clog sabot nere velluto tg. 38,35.0,20,0,Crocs,,https://www.vinted.fr/items/8856226510,active,0,2026-05-09 18:02:17 CEST,24.0,2,➖ Moderate
Crocs femme,💛 Crocs Classic Crush Clog Yellow 37-38 New 💛,39.0,57,0,Crocs,,https://www.vinted.fr/items/8868592971,active,0,,24.0,6,📈 Growing
Crocs femme,Crocs plataforma,35.0,3,0,Crocs,,https://www.vinted.fr/items/8873985529,active,0,2026-05-10 15:02:23 CEST,3.0,2,➖ Moderate
Crocs femme,Crocs invierno talla 38/39 nuevos,24.0,41,0,Crocs,,https://www.vinted.fr/items/8748699200,active,0,2026-04-26 18:02:26 CEST,336.0,0,⚠️ Low
Crocs femme,Goed uitziende Crocs,15.0,73,0,Crocs,,https://www.vinted.fr/items/5819108218,active,0,2025-03-16 18:02:29 CET,10080.0,0,⚠️ Low
Crocs femme,Iconic comfort crocs w8- maat 38,20.0,16,0,Crocs,,https://www.vinted.fr/items/8822931188,active,0,2026-05-04 18:02:38 CEST,144.0,0,⚠️ Low
Crocs femme,Crocs Crush Clog Platform Plateau Quartz 39 40 Neu Etikett,30.0,59,0,Crocs,,https://www.vinted.fr/items/8842072682,active,4,2026-05-06 18:02:40 CEST,96.0,8,🔥 Trending
Crocs femme,Simili crocs,18.0,38,0,Crocs,,https://www.vinted.fr/items/8773755315,active,0,2026-05-09 18:02:41 CEST,24.0,4,➖ Moderate
Crocs femme,Crocs Miami Ankle Strap Sandal,28.3,46,0,Crocs,,https://www.vinted.fr/items/8842172465,active,3,2026-05-06 18:02:48 CEST,96.0,7,📈 Growing
Crocs femme,Crocs,14.0,11,0,Crocs,,https://www.vinted.fr/items/8848746906,active,0,2026-05-07 18:02:53 CEST,72.0,0,⚠️ Low
Crocs femme,"Crocs Clogs classic in de kleur Lavender, maat EU 38-39 (gebruikt, maar nog in een prima staat)",49.0,8,0,Crocs,,https://www.vinted.fr/items/8864536216,active,0,2026-05-09 18:02:53 CEST,24.0,1,⚠️ Low
Crocs femme,Sabot crocs neuf,35.0,8,0,Crocs,,https://www.vinted.fr/items/8864521347,active,0,2026-05-09 18:02:59 CEST,24.0,1,⚠️ Low
Crocs femme,Crocs schoenen,10.0,10,0,Crocs,,https://www.vinted.fr/items/8762601130,active,0,2026-05-09 18:03:05 CEST,24.0,1,⚠️ Low
Crocs femme,Chaussures crocs,30.0,11,0,Crocs,,https://www.vinted.fr/items/8851893523,active,4,2026-05-08 18:03:11 CEST,48.0,7,📈 Growing
Crocs femme,Crocs Crush Sandal Gr 40 W8 M7 schwarz,33.0,3,0,Crocs,,https://www.vinted.fr/items/8871255612,active,0,2026-05-10 12:03:11 CEST,6.0,1,⚠️ Low
Crocs femme,Gefütterte Crocs Clogs – Größe 41 M8/W10– sehr gut,18.0,5,0,Crocs,,https://www.vinted.fr/items/8869260209,active,0,2026-05-09 23:03:17 CEST,19.0,1,⚠️ Low
Crocs femme,Crocs,10.0,28,0,Crocs,,https://www.vinted.fr/items/7674527596,active,0,2025-12-11 18:03:20 CET,3600.0,0,⚠️ Low
Crocs femme,Crocs bag,20.0,12,0,Crocs,,https://www.vinted.fr/items/8845231370,active,0,,24.0,1,⚠️ Low
Crocs femme,croc beige,10.0,19,0,Crocs,,https://www.vinted.fr/items/6971314202,active,0,2025-09-12 18:03:27 CEST,5760.0,0,⚠️ Low
Crocs femme,Baskets Crocs LiteRide 206705 - Noir - Pointure W7 (37),15.0,4,0,Crocs,,https://www.vinted.fr/items/8829407016,active,0,2026-05-06 18:03:31 CEST,96.0,0,⚠️ Low
Crocs femme,Jibbitz 3 D chateau princesse,5.0,0,0,Crocs,,https://www.vinted.fr/items/8866340895,active,0,2026-05-09 18:03:31 CEST,24.0,0,⚠️ Low
Crocs femme,Crocs slippers,20.0,17,0,Crocs,,https://www.vinted.fr/items/8857505105,active,0,2026-05-08 18:03:37 CEST,48.0,1,⚠️ Low
Crocs femme,"Crocs-Ironic comfort 37,5",12.0,40,0,Crocs,,https://www.vinted.fr/items/8461966435,active,0,2026-03-29 18:03:44 CEST,1008.0,0,⚠️ Low
Crocs femme,Charms Crocs Enfermería Medicina,2.0,28,0,Crocs,,https://www.vinted.fr/items/8683575071,active,0,2026-04-19 18:03:48 CEST,504.0,0,⚠️ Low
Crocs femme,Croc Slippers,13.0,27,0,Crocs,,https://www.vinted.fr/items/8862679273,active,0,2026-05-09 18:03:49 CEST,24.0,3,➖ Moderate
Crocs femme,Crocs Pink maat US  W7,15.0,30,0,Crocs,,https://www.vinted.fr/items/8753085198,active,0,2026-04-26 18:03:55 CEST,336.0,0,⚠️ Low
Crocs femme,Classic Crush Rain Boot,35.0,35,0,Crocs,,https://www.vinted.fr/items/8867840513,active,0,2026-05-09 20:03:58 CEST,22.0,4,➖ Moderate
Crocs femme,CROCS Schnürr- und Schlumpfschuh Gr. 39,12.0,0,0,Crocs,,https://www.vinted.fr/items/8874556908,active,0,2026-05-10 16:04:02 CEST,2.0,0,⚠️ Low
Crocs femme,Crocs 36/37,14.0,7,0,Crocs,,https://www.vinted.fr/items/8855711008,active,3,2026-05-08 18:04:08 CEST,48.0,7,📈 Growing
Crocs femme,Mocassins Crocs Pointure 41,9.0,25,0,Crocs,,https://www.vinted.fr/items/8783780234,active,0,2026-05-09 18:04:12 CEST,24.0,2,➖ Moderate
Crocs femme,Pin’s pour crocs,4.0,8,0,Crocs,,https://www.vinted.fr/items/8691096964,active,0,2026-04-19 18:04:16 CEST,504.0,0,⚠️ Low
Crocs femme,Jibbitz crocs nourriture smiley,5.0,12,0,Crocs,,https://www.vinted.fr/items/8388017546,active,0,2026-03-15 18:04:18 CET,1344.0,0,⚠️ Low
Crocs femme,Crocs réglables neuves,30.0,26,0,Crocs,,https://www.vinted.fr/items/8834554818,active,0,2026-05-06 18:04:26 CEST,96.0,1,⚠️ Low
Crocs femme,Crocs sabots fourrés 36/37,10.0,36,0,Crocs,,https://www.vinted.fr/items/6780083118,active,0,2025-08-13 18:04:27 CEST,6480.0,0,⚠️ Low
Crocs femme,Super bequeme Crocs,10.0,61,0,Crocs,,https://www.vinted.fr/items/8424288312,active,0,2026-03-22 18:04:31 CET,1176.0,0,⚠️ Low
Crocs femme,Crocs Damen Getaway Platform H-Strap,5.0,12,0,Crocs,,https://www.vinted.fr/items/8489356516,active,0,2026-03-29 18:04:37 CEST,1008.0,0,⚠️ Low
Crocs femme,Crocs vendu avec pins,75.0,99,0,Crocs,,https://www.vinted.fr/items/8819282508,active,0,2026-05-04 18:04:42 CEST,144.0,2,➖ Moderate
Crocs femme,Bailarinas Crocs,29.0,10,0,Crocs,,https://www.vinted.fr/items/8861974263,active,0,2026-05-09 18:04:45 CEST,24.0,1,⚠️ Low
Crocs femme,Crocs sleehak,7.5,22,0,Crocs,,https://www.vinted.fr/items/8702145546,active,0,2026-04-26 18:04:47 CEST,336.0,0,⚠️ Low
Crocs femme,Crocs donna azzurre. Numero 38,23.0,15,0,Crocs,,https://www.vinted.fr/items/8852513388,active,0,2026-05-08 18:04:54 CEST,48.0,1,⚠️ Low
Crocs femme,Ballerinas /Crocs /8,7.5,23,0,Crocs,,https://www.vinted.fr/items/8763975801,active,0,2026-05-09 18:04:56 CEST,24.0,2,➖ Moderate
Crocs femme,Crocs / slipper / maat 37-38,15.0,21,0,Crocs,,https://www.vinted.fr/items/8786914066,active,0,2026-05-09 18:05:01 CEST,24.0,2,➖ Moderate
Crocs femme,Crocs Ballerinas  W 8,13.0,23,0,Crocs,,https://www.vinted.fr/items/8829834475,active,0,2026-05-05 18:05:08 CEST,120.0,0,⚠️ Low
Crocs femme,platform whre crocs,12.0,9,0,Crocs,,https://www.vinted.fr/items/8838383424,active,0,2026-05-06 18:05:09 CEST,96.0,0,⚠️ Low
Crocs femme,Sandali bellissimi,15.0,48,0,Crocs,,https://www.vinted.fr/items/8870402732,active,0,2026-05-10 10:05:12 CEST,8.0,14,🔥🔥 Strong Demand
Crocs femme,Ciabatte Crocs baya seasonal nuove,29.99,33,0,Crocs,,https://www.vinted.fr/items/8841310687,active,0,2026-05-06 18:05:19 CEST,96.0,1,⚠️ Low
Crocs femme,Crocs nieuwe sneakers,36.0,23,0,Crocs,,https://www.vinted.fr/items/8856217810,active,5,2026-05-08 18:05:21 CEST,48.0,12,🔥🔥 Strong Demand
Crocs femme,Sabot crocs,30.0,25,0,Crocs,,https://www.vinted.fr/items/8795153832,active,0,2026-05-09 18:05:25 CEST,24.0,2,➖ Moderate
Crocs femme,crocs,25.0,5,0,Crocs,,https://www.vinted.fr/items/8861663546,active,0,2026-05-09 18:05:30 CEST,24.0,0,⚠️ Low
Crocs femme,Charms chat pour chaussures crocs,6.9,6,0,Crocs,,https://www.vinted.fr/items/8873247173,active,0,2026-05-10 14:05:33 CEST,4.0,4,➖ Moderate
Crocs femme,Crocs noires,19.0,8,0,Crocs,,https://www.vinted.fr/items/8824338922,active,0,2026-05-04 18:05:36 CEST,144.0,0,⚠️ Low
Crocs femme,Zuecos de colores Unisex,18.0,8,0,Crocs,,https://www.vinted.fr/items/8815392361,active,0,2026-05-04 18:05:42 CEST,144.0,0,⚠️ Low
Crocs femme,Crocs compensées beige 36,45.0,23,0,Crocs,,https://www.vinted.fr/items/8846370683,active,5,2026-05-07 18:05:44 CEST,72.0,11,🔥 Trending
Crocs femme,Crocs Femmes Original/ 36-37,35.0,22,0,Crocs,,https://www.vinted.fr/items/8859225592,active,4,2026-05-09 18:05:49 CEST,24.0,10,🔥 Trending
Crocs femme,Crocs bianche 38,9.0,25,0,Crocs,,https://www.vinted.fr/items/7656599622,active,0,2025-12-11 18:05:52 CET,3600.0,0,⚠️ Low
Crocs femme,Crocs,32.5,6,0,Crocs,,https://www.vinted.fr/items/8849114635,active,0,2026-05-07 18:05:55 CEST,72.0,0,⚠️ Low
Crocs femme,Leder Schuhe von Crocs,7.0,28,0,Crocs,,https://www.vinted.fr/items/8853541215,active,0,2026-05-08 18:06:03 CEST,48.0,1,⚠️ Low
Crocs femme,Crocs,24.75,20,0,Crocs,,https://www.vinted.fr/items/8760637001,active,0,2026-05-09 18:06:06 CEST,24.0,2,➖ Moderate
Crocs femme,Crocs Zehentreter,10.0,20,0,Crocs,,https://www.vinted.fr/items/8861853641,active,0,2026-05-09 18:06:07 CEST,24.0,2,➖ Moderate
Crocs femme,💛 Crocs Classic Crush Clog Yellow 37-38 New 💛,39.0,57,0,Crocs,,https://www.vinted.fr/items/8868592971,active,7,2026-05-09 22:06:13 CEST,20.0,20,🔥🔥🔥 Very Strong Demand
Crocs femme,Bailarina Crocs,30.0,17,0,Crocs,,https://www.vinted.fr/items/8851799655,active,0,2026-05-08 18:06:15 CEST,48.0,1,⚠️ Low
Crocs femme,Crocs platform,35.0,8,0,Crocs,,https://www.vinted.fr/items/8813792248,active,0,2026-05-09 18:06:18 CEST,24.0,1,⚠️ Low
Crocs femme,Crocs femme neuve,29.0,12,0,Crocs,,https://www.vinted.fr/items/8858998202,active,3,2026-05-09 18:06:24 CEST,24.0,8,🔥 Trending
Crocs femme,"Chaussures, crocs",20.0,14,0,Crocs,,https://www.vinted.fr/items/8752649731,active,0,,24.0,1,⚠️ Low
Crocs femme,"Boucles d'oreilles fantaisie ""thème Crocs""",3.0,5,0,,,https://www.vinted.fr/items/8867751912,active,0,,24.0,0,⚠️ Low
Crocs femme,Crocs Batman,45.0,40,0,Crocs,,https://www.vinted.fr/items/8810138823,active,0,2026-05-09 18:06:34 CEST,24.0,4,➖ Moderate
Crocs femme,Crocs mega crush sandals,35.0,72,0,Crocs,,https://www.vinted.fr/items/8784137477,active,0,2026-05-09 18:06:38 CEST,24.0,7,📈 Growing
Crocs femme,"Crocs Plateau-Sandalen, sehr bequem, weite W",10.0,20,0,Crocs,,https://www.vinted.fr/items/8814557315,active,0,2026-05-09 18:06:40 CEST,24.0,2,➖ Moderate
Crocs femme,Charms Crocs,1.5,21,0,Crocs,,https://www.vinted.fr/items/3854199493,active,0,2026-05-09 18:06:48 CEST,24.0,2,➖ Moderate
Crocs femme,Crocs Bride,45.0,15,0,Crocs,,https://www.vinted.fr/items/8861157675,active,3,2026-05-09 18:06:48 CEST,24.0,9,🔥 Trending
Crocs femme,Crocs Brooklyn sandali,25.0,23,0,Crocs,,https://www.vinted.fr/items/8834318182,active,0,2026-05-06 18:06:52 CEST,96.0,1,⚠️ Low
Crocs femme,Crocs con tacco,17.0,27,0,Crocs,,https://www.vinted.fr/items/8833939519,active,0,2026-05-06 18:06:58 CEST,96.0,1,⚠️ Low
Crocs femme,Crocs w7 37-38,20.0,33,0,Crocs,,https://www.vinted.fr/items/8815283229,active,0,2026-05-04 18:07:02 CEST,144.0,1,⚠️ Low
Crocs femme,Crocs Classic rose,35.0,32,0,Crocs,,https://www.vinted.fr/items/8809784666,active,0,2026-05-09 18:07:03 CEST,24.0,3,➖ Moderate
Crocs femme,Banana print crocs like new,30.0,11,0,Crocs,,https://www.vinted.fr/items/8860793299,active,0,2026-05-09 18:07:09 CEST,24.0,1,⚠️ Low
Crocs femme,Crocs brooklyn low wedge,32.0,20,0,Crocs,,https://www.vinted.fr/items/8834715811,active,0,2026-05-06 18:07:16 CEST,96.0,0,⚠️ Low
Crocs femme,zuecos Crocs Classic All-Terrain,25.0,51,0,Crocs,,https://www.vinted.fr/items/8830767156,active,0,2026-05-05 18:07:17 CEST,120.0,1,⚠️ Low
Crocs femme,crics rosso,3.0,8,0,Crocs,,https://www.vinted.fr/items/7503017907,active,0,2025-11-11 18:07:23 CET,4320.0,0,⚠️ Low
Crocs femme,rocs Plateau Sandalen schwarz Gr. W8 / EU 39–40 🖤,24.0,24,0,Crocs,,https://www.vinted.fr/items/8852000009,active,0,2026-05-08 18:07:28 CEST,48.0,1,⚠️ Low
Crocs femme,Jibbitz crocs,3.0,35,0,Crocs,,https://www.vinted.fr/items/8844123025,active,0,2026-05-07 18:07:30 CEST,72.0,1,⚠️ Low
Crocs femme,"Chaussures Crocs fermées à lacets LiteRide , marine, taille W6(36)",10.0,3,0,Crocs,,https://www.vinted.fr/items/8804273005,active,0,,24.0,0,⚠️ Low
Crocs femme,Tongs,8.0,6,0,Crocs,,https://www.vinted.fr/items/8807793086,active,0,2026-05-09 18:07:38 CEST,24.0,1,⚠️ Low
Crocs femme,Crocs,10.0,1,0,Crocs,,https://www.vinted.fr/items/8862965401,active,0,2026-05-09 18:07:44 CEST,24.0,0,⚠️ Low
Crocs femme,"Sandalias Crocs negras, talla 36",20.0,25,0,Crocs,,https://www.vinted.fr/items/8842016977,active,9,2026-05-06 18:07:49 CEST,96.0,11,🔥 Trending
Crocs femme,nieuwe Crocs Miami sandalen 41/42,30.0,34,0,Crocs,,https://www.vinted.fr/items/8853983539,active,4,2026-05-08 18:07:50 CEST,48.0,8,🔥 Trending
Crocs femme,Crocs Rose | 33,18.0,10,0,Crocs,,https://www.vinted.fr/items/8867082947,active,4,2026-05-09 18:07:58 CEST,24.0,9,🔥 Trending
Crocs femme,Crocs Miami jelly Sandalen,30.0,4,0,Crocs,,https://www.vinted.fr/items/8872837704,active,0,2026-05-10 14:07:59 CEST,4.0,2,➖ Moderate
Crocs femme,pins crocs,3.0,8,0,Crocs,,https://www.vinted.fr/items/8859839694,active,0,2026-05-09 18:07:59 CEST,24.0,1,⚠️ Low
Crocs femme,Crocs Flipflops schwarz Gummi Badelatschen 36 6,12.0,6,0,Crocs,,https://www.vinted.fr/items/8867305587,active,0,2026-05-09 18:08:09 CEST,24.0,1,⚠️ Low
Crocs femme,Crocs zwarte flatjes,12.5,9,0,Crocs,,https://www.vinted.fr/items/8855499938,active,0,2026-05-08 18:08:11 CEST,48.0,0,⚠️ Low
Crocs femme,Crocs in Größe 4-5,12.99,5,0,Crocs,,https://www.vinted.fr/items/8864953312,active,0,2026-05-09 18:08:11 CEST,24.0,0,⚠️ Low
Crocs femme,Crocs plataforma verdes 38/39,25.0,62,0,Crocs,,https://www.vinted.fr/items/8846986783,active,4,2026-05-07 18:08:20 CEST,72.0,9,🔥 Trending
Crocs femme,Crocs etiqueta 37/38 nuevas,35.0,10,0,Crocs,,https://www.vinted.fr/items/8862936113,active,0,2026-05-09 18:08:21 CEST,24.0,1,⚠️ Low
Crocs femme,Crocs ballerina W9,6.0,21,0,Crocs,,https://www.vinted.fr/items/6903543648,active,0,2025-09-12 18:08:23 CEST,5760.0,0,⚠️ Low
Crocs femme,Crocs cloutées,30.0,9,0,Crocs,,https://www.vinted.fr/items/8846706975,active,0,2026-05-07 18:08:30 CEST,72.0,0,⚠️ Low
Crocs femme,Crocs Comfort,10.0,42,0,Crocs,,https://www.vinted.fr/items/6846315356,active,0,2025-09-12 18:08:34 CEST,5760.0,0,⚠️ Low
Crocs femme,Crocs,12.0,43,0,Crocs,,https://www.vinted.fr/items/8649615737,active,0,,24.0,4,➖ Moderate
Crocs femme,Crocs Gefüttert Flieder/Lila Gr. 37 Cozy 💜,7.0,14,0,Crocs,,https://www.vinted.fr/items/8852791632,active,0,2026-05-08 18:08:41 CEST,48.0,1,⚠️ Low
Crocs femme,Crocs,7.0,5,0,marque indépendante,,https://www.vinted.fr/items/8857817581,active,0,2026-05-08 18:08:44 CEST,48.0,0,⚠️ Low
Crocs femme,Crocs gris anthracite,35.0,32,0,Crocs,,https://www.vinted.fr/items/8795707639,active,0,2026-05-09 18:08:48 CEST,24.0,3,➖ Moderate
Crocs femme,Crocs Crush clog,45.0,20,0,Crocs,,https://www.vinted.fr/items/8834465245,active,0,2026-05-06 18:08:52 CEST,96.0,0,⚠️ Low
Stanley bottle,Stanley-style thermal mug 1.2L with handle,20.0,29,0,Stanley,,https://www.vinted.fr/items/8832621053,active,0,2026-05-05 18:08:59 CEST,120.0,1,⚠️ Low
Stanley bottle,Gourde Stanley avec sangle rose,50.0,0,0,Stanley,,https://www.vinted.fr/items/8875779490,active,0,2026-05-09 18:08:59 CEST,24.0,0,⚠️ Low
Stanley bottle,Stanley All Day Bottle - Rose Quartz,30.0,0,0,Stanley,,https://www.vinted.fr/items/8875773974,active,0,2026-05-09 18:09:05 CEST,24.0,0,⚠️ Low
Stanley bottle,Stanley,20.0,31,0,Stanley,,https://www.vinted.fr/items/8873653380,active,0,2026-05-10 15:09:11 CEST,3.0,20,🔥🔥🔥 Very Strong Demand
Stanley bottle,Bottle Stanley,20.0,0,0,Stanley,,https://www.vinted.fr/items/8875384869,active,0,2026-05-09 18:09:14 CEST,24.0,0,⚠️ Low
Stanley bottle,Taylor Swift Stanley,25.0,19,0,Stanley,,https://www.vinted.fr/items/8872056179,active,0,2026-05-10 13:09:19 CEST,5.0,9,🔥 Trending
Stanley bottle,Stanley Quencher 18oz,30.0,95,0,Stanley,,https://www.vinted.fr/items/8858591579,active,5,2026-05-09 18:09:25 CEST,24.0,20,🔥🔥🔥 Very Strong Demand
Stanley bottle,Stanley Stainless Steel Bottle 591 ml,35.0,18,0,Stanley,,https://www.vinted.fr/items/8858866179,active,3,2026-05-09 18:09:27 CEST,24.0,9,🔥 Trending
Stanley bottle,Stanley Quencher Travel Mug Cup,23.0,14,0,Stanley,,https://www.vinted.fr/items/8871919749,active,0,2026-05-10 13:09:30 CEST,5.0,7,📈 Growing
Stanley bottle,Stanley Iceflow Bottle Flip Straw 2.0,35.0,87,0,Stanley,,https://www.vinted.fr/items/8863187412,active,5,2026-05-09 18:09:36 CEST,24.0,20,🔥🔥🔥 Very Strong Demand
Stanley bottle,"Stanley cup 1,18L",40.0,0,0,Stanley,,https://www.vinted.fr/items/8875457611,active,0,2026-05-09 18:09:40 CEST,24.0,0,⚠️ Low
Stanley bottle,"Stanley Iceflow Bottle 0,6l 20Oz",25.0,40,0,Stanley,,https://www.vinted.fr/items/8786544258,active,0,2026-05-09 18:09:44 CEST,24.0,4,➖ Moderate
Stanley bottle,Purple/Blue Stanley 30oz water bottle,12.0,28,0,Stanley,,https://www.vinted.fr/items/8868291342,active,0,2026-05-09 21:09:46 CEST,21.0,3,➖ Moderate
Stanley bottle,Termo Stanley Iceflow Bottle 16oz,28.0,22,0,Stanley,,https://www.vinted.fr/items/8832290595,active,0,2026-05-05 18:09:54 CEST,120.0,0,⚠️ Low
Stanley bottle,"Stanley Iceflow Bottle | 0,6L | Nieuw",34.0,23,0,Stanley,,https://www.vinted.fr/items/8798270644,active,0,2026-05-09 18:09:55 CEST,24.0,2,➖ Moderate
Stanley bottle,"Stanley Slim Bottle | 0,59L | Nieuw",31.0,23,0,Stanley,,https://www.vinted.fr/items/8798237317,active,0,2026-05-09 18:09:59 CEST,24.0,2,➖ Moderate
Stanley bottle,Stanley cup,40.0,12,0,Stanley,,https://www.vinted.fr/items/8869352515,active,0,2026-05-10 00:10:04 CEST,18.0,2,➖ Moderate
Stanley bottle,Stanley Transit Mug 473ml,28.0,85,0,Stanley,,https://www.vinted.fr/items/8776567452,active,0,2026-05-09 18:10:06 CEST,24.0,8,🔥 Trending
Stanley bottle,Stanley Cashmere gold detailed color IceFlow Flip Straw 2.0 Tumbler | 0.89L,30.0,55,0,Stanley,,https://www.vinted.fr/items/8766223728,active,0,2026-05-09 18:10:10 CEST,24.0,5,📈 Growing
Stanley bottle,Stanley Thermo bottle 1L,40.0,55,0,Stanley,,https://www.vinted.fr/items/8741850198,active,3,2026-04-26 18:10:15 CEST,336.0,6,📈 Growing
Stanley bottle,Stanley Cup,35.0,5,0,Stanley,,https://www.vinted.fr/items/8869350703,active,0,2026-05-10 00:10:17 CEST,18.0,1,⚠️ Low
Stanley bottle,Stanley The AeroLight 473 ml Transit Bottle Mocha Latte,55.0,17,0,Stanley,,https://www.vinted.fr/items/8848529310,active,0,2026-05-07 18:10:20 CEST,72.0,1,⚠️ Low
Stanley bottle,"Stanley Classic Bottle 1,9 l",45.0,17,0,Stanley,,https://www.vinted.fr/items/8819621176,active,0,2026-05-04 18:10:27 CEST,144.0,0,⚠️ Low
Stanley bottle,Stanley cup,35.0,9,0,Stanley,,https://www.vinted.fr/items/8869357701,active,0,2026-05-10 00:10:29 CEST,18.0,1,⚠️ Low
Stanley bottle,Stanley cup,30.0,21,0,Stanley,,https://www.vinted.fr/items/8862376518,active,3,2026-05-09 18:10:31 CEST,24.0,9,🔥 Trending
Stanley bottle,Stanley Stainless Steel drinkbeker,29.99,121,0,Stanley,,https://www.vinted.fr/items/8748600245,active,0,2026-04-26 18:10:37 CEST,336.0,1,⚠️ Low
Stanley bottle,Stanley tumbler,25.0,0,0,Stanley,,https://www.vinted.fr/items/8864991917,active,0,,24.0,0,⚠️ Low
Stanley bottle,Stanley classic bottle,50.0,29,0,Stanley,,https://www.vinted.fr/items/8858802929,active,0,2026-05-09 18:10:42 CEST,24.0,3,➖ Moderate
Stanley bottle,"Stanley Slim Bottle | 0,59L | Nieuw",31.0,21,0,Stanley,,https://www.vinted.fr/items/8798245038,active,0,2026-05-09 18:10:50 CEST,24.0,2,➖ Moderate
Stanley bottle,Stanley tumbler 1.18 litres,33.0,38,0,Stanley,,https://www.vinted.fr/items/8855171592,active,5,2026-05-08 18:10:50 CEST,48.0,12,🔥🔥 Strong Demand
Stanley bottle,Stanley cup light blue 🩵,35.0,58,0,Stanley,,https://www.vinted.fr/items/8856455114,active,3,2026-05-08 18:10:57 CEST,48.0,9,🔥 Trending
Stanley bottle,Stanley,25.0,13,0,Stanley,,https://www.vinted.fr/items/8864960986,active,0,2026-05-09 18:11:02 CEST,24.0,1,⚠️ Low
Stanley bottle,Stanley Quencher H2.0 FlowState Tumbler 1.18L,30.0,26,0,Stanley,,https://www.vinted.fr/items/8861097792,active,3,2026-05-09 18:11:05 CEST,24.0,10,🔥 Trending
Stanley bottle,"Stanley Slim Bottle | 0,59L | Nieuw",31.0,11,0,Stanley,,https://www.vinted.fr/items/8798223722,active,0,2026-05-09 18:11:07 CEST,24.0,1,⚠️ Low
Stanley bottle,brand new stanley cup tumbler,25.0,118,0,Stanley,,https://www.vinted.fr/items/8806390463,active,4,2026-05-09 18:11:14 CEST,24.0,19,🔥🔥🔥 Very Strong Demand
Stanley bottle,Stanley | Aerolight Iceflow Bottle (nieuw),27.5,52,0,Stanley,,https://www.vinted.fr/items/8688927105,active,5,2026-04-19 18:11:16 CEST,504.0,10,🔥 Trending
Stanley bottle,Stanley Transit Mug 473ml,28.0,49,0,Stanley,,https://www.vinted.fr/items/8769036397,active,0,2026-05-09 18:11:18 CEST,24.0,5,📈 Growing
Stanley bottle,Stanley | Activate Shaker Bottle (nieuw),42.5,38,0,Stanley,,https://www.vinted.fr/items/8777112078,active,0,2026-05-09 18:11:28 CEST,24.0,4,➖ Moderate
Stanley bottle,"Stanley Iceflow Bottle | 0,6L | Nieuw",34.0,37,0,Stanley,,https://www.vinted.fr/items/8798275459,active,0,2026-05-09 18:11:30 CEST,24.0,4,➖ Moderate
Stanley bottle,Stanley Cup,40.0,2,0,Stanley,,https://www.vinted.fr/items/8872863783,active,0,2026-05-10 14:11:31 CEST,4.0,1,⚠️ Low
Stanley bottle,Stanley Clutch Bottle 473ml,60.0,4,0,Stanley,,https://www.vinted.fr/items/8837558731,active,0,2026-05-06 18:11:38 CEST,96.0,0,⚠️ Low
Stanley bottle,Stanley Cross Bottle 680ml,45.0,26,0,Stanley,,https://www.vinted.fr/items/8772635514,active,0,,24.0,3,➖ Moderate
Stanley bottle,Stanley Classic Bottle 1L Thermosflasche Original,50.0,19,0,Stanley,,https://www.vinted.fr/items/8839551052,active,0,,24.0,2,➖ Moderate
Stanley bottle,Stanley peach,25.0,13,0,Stanley,,https://www.vinted.fr/items/8833480999,active,0,2026-05-05 18:11:48 CEST,120.0,0,⚠️ Low
Stanley bottle,"Stanley Iceflow Bottle | 0,6L | Nieuw",34.0,9,0,Stanley,,https://www.vinted.fr/items/8798263622,active,0,2026-05-09 18:11:54 CEST,24.0,1,⚠️ Low
Stanley bottle,Stanley | Classic Wellspring Bottle (nieuw),27.5,38,0,Stanley,,https://www.vinted.fr/items/8784643870,active,0,2026-05-09 18:11:57 CEST,24.0,4,➖ Moderate
Stanley bottle,Stanley cup,20.0,105,0,Stanley,,https://www.vinted.fr/items/8375918171,active,0,2026-03-15 18:12:01 CET,1344.0,0,⚠️ Low
Stanley bottle,Stanley 1913 Classic Legendary Thermos,63.0,5,0,Stanley,,https://www.vinted.fr/items/8858390697,active,0,2026-05-08 18:12:06 CEST,48.0,0,⚠️ Low
Stanley bottle,Stanley Quencher H2.O FlowState M Tumbler 40 OZ Hot Coral,32.0,19,0,Stanley,,https://www.vinted.fr/items/8854804232,active,0,2026-05-08 18:12:08 CEST,48.0,1,⚠️ Low
Stanley bottle,Stanley Transit Mug 473ml,28.0,45,0,Stanley,,https://www.vinted.fr/items/8768410701,active,0,2026-05-09 18:12:13 CEST,24.0,4,➖ Moderate
Stanley bottle,Stanley Classic Bottle,50.0,0,0,Stanley,,https://www.vinted.fr/items/8867563750,active,0,2026-05-09 20:12:19 CEST,22.0,0,⚠️ Low
Stanley bottle,Stanley IceFlow Flip Straw Tumbler | 20 oz / 0.6 L | Never Used,29.0,15,0,Stanley,,https://www.vinted.fr/items/8800518152,active,0,2026-05-09 18:12:23 CEST,24.0,2,➖ Moderate
Stanley bottle,Water bottle Stanley 887 ml.,25.0,7,0,Stanley,,https://www.vinted.fr/items/8715061866,active,0,2026-04-26 18:12:26 CEST,336.0,0,⚠️ Low
Stanley bottle,Stanley bottle botella,37.0,84,0,Stanley,,https://www.vinted.fr/items/8153134009,active,0,2026-03-11 18:12:32 CET,1440.0,0,⚠️ Low
Stanley bottle,Stanley iceflow  Bottle,65.0,8,0,Stanley,,https://www.vinted.fr/items/8649136014,active,0,2026-04-19 18:12:35 CEST,504.0,0,⚠️ Low
Stanley bottle,"Stanley Bottle Flasche Thermoflasche 1,9l 1.9l",54.99,26,0,Stanley,,https://www.vinted.fr/items/8667432599,active,0,2026-04-19 18:12:39 CEST,504.0,0,⚠️ Low
Stanley bottle,Stanley,35.0,40,0,Stanley,,https://www.vinted.fr/items/8666603404,active,0,2026-04-19 18:12:45 CEST,504.0,0,⚠️ Low
Stanley bottle,Stanley water bottle,36.0,5,0,Stanley,,https://www.vinted.fr/items/8839096890,active,0,2026-05-06 18:12:48 CEST,96.0,0,⚠️ Low
Stanley bottle,Brand new Stanley cup,33.0,44,0,Stanley,,https://www.vinted.fr/items/8838681985,active,0,2026-05-06 18:12:52 CEST,96.0,1,⚠️ Low
Stanley bottle,Stanley Labubu,25.0,12,0,Stanley,,https://www.vinted.fr/items/8821205635,active,0,2026-05-04 18:12:55 CEST,144.0,0,⚠️ Low
Stanley bottle,Stanley cup,45.0,15,0,Stanley,,https://www.vinted.fr/items/8808130210,active,0,2026-05-09 18:13:00 CEST,24.0,2,➖ Moderate
Stanley bottle,Stanley Black Mug,25.0,46,0,Stanley,,https://www.vinted.fr/items/8737351330,active,0,2026-04-26 18:13:02 CEST,336.0,0,⚠️ Low
Stanley bottle,Stanley Classic vacuum bottle 1L,50.0,5,0,Stanley,,https://www.vinted.fr/items/8647803350,active,0,2026-04-19 18:13:07 CEST,504.0,0,⚠️ Low
Stanley bottle,Stanley cup,40.0,2,0,Stanley,,https://www.vinted.fr/items/8869381238,active,0,2026-05-10 00:13:13 CEST,18.0,0,⚠️ Low
Stanley bottle,Stanley cup,40.0,8,0,Stanley,,https://www.vinted.fr/items/8869369947,active,0,2026-05-10 00:13:16 CEST,18.0,1,⚠️ Low
Stanley bottle,Coffret cadeau tasses,75.0,9,0,Stanley,,https://www.vinted.fr/items/8757815994,active,0,2026-05-09 18:13:19 CEST,24.0,1,⚠️ Low
Stanley bottle,stanley,28.0,21,0,Stanley,,https://www.vinted.fr/items/8757516986,active,0,2026-05-09 18:13:27 CEST,24.0,2,➖ Moderate
Stanley bottle,Stanley Classic Legendary Thermo bottle,45.0,72,0,Stanley,,https://www.vinted.fr/items/8020003551,active,0,2026-02-09 18:13:30 CET,2160.0,0,⚠️ Low
Stanley bottle,Ice molds for Stanley bottles,9.0,11,0,Stanley,,https://www.vinted.fr/items/8837284643,active,0,2026-05-06 18:13:32 CEST,96.0,0,⚠️ Low
Stanley bottle,Stanley Quencher H2.0 FlowState 40oz 1.18L Tumbler Thermos Hydratation Premium,37.0,5,0,Stanley,,https://www.vinted.fr/items/8859334315,active,0,2026-05-09 18:13:39 CEST,24.0,0,⚠️ Low
Stanley bottle,Tumbler Bottle Bottle Luna 887ml (30oz) - NEUF - Noir Mat,18.0,9,0,Bottle Bottle,,https://www.vinted.fr/items/8858265678,active,0,2026-05-08 18:13:41 CEST,48.0,0,⚠️ Low
Stanley bottle,Stanley Iceflow Bottle,29.0,60,0,Stanley,,https://www.vinted.fr/items/6012737419,active,0,2025-04-15 18:13:48 CEST,9360.0,0,⚠️ Low
Stanley bottle,"Stanley Chassis Bottle 1,9 Liter",44.0,0,0,Stanley,,https://www.vinted.fr/items/8864523616,active,0,2026-05-09 18:13:53 CEST,24.0,0,⚠️ Low
Stanley bottle,Stanley Quencher H2.0 Tumbler,25.0,16,0,Stanley,,https://www.vinted.fr/items/8789585717,active,0,2026-05-09 18:13:54 CEST,24.0,2,➖ Moderate
Stanley bottle,Stanley the Aerolight Iceflow bottle lilac flip straw,47.5,48,0,Stanley,,https://www.vinted.fr/items/8288032385,active,0,2026-03-11 18:14:02 CET,1440.0,0,⚠️ Low
Stanley bottle,Stanley,35.0,65,0,Stanley,,https://www.vinted.fr/items/8617846018,active,0,2026-04-12 18:14:04 CEST,672.0,0,⚠️ Low
Stanley bottle,stanley bottle,56.0,11,0,Stanley,,https://www.vinted.fr/items/8663771407,active,0,2026-04-19 18:14:10 CEST,504.0,0,⚠️ Low
Stanley bottle,Stanley’s bottle holder,3.0,17,0,,,https://www.vinted.fr/items/8627207526,active,0,2026-04-12 18:14:14 CEST,672.0,0,⚠️ Low
Stanley bottle,Gourde Isotherme Bottle Bottle Luna 887ml + Paille & Accessoires - NEUF,17.0,11,0,bottlebottle,,https://www.vinted.fr/items/8828801304,active,0,2026-05-05 18:14:17 CEST,120.0,0,⚠️ Low
Stanley bottle,Termo Stanley 1L,35.0,19,0,Stanley,,https://www.vinted.fr/items/8541580745,active,0,2026-04-05 18:14:23 CEST,840.0,0,⚠️ Low
Stanley bottle,Stanley - IceFlow Flip Straw 2.0 Tumbler | 0.59L,50.0,98,0,Stanley,,https://www.vinted.fr/items/8273140246,active,0,2026-03-11 18:14:28 CET,1440.0,0,⚠️ Low
Stanley bottle,Stanley 1913 Classic Legendary Bottle 1.0 L,37.0,30,0,Stanley,,https://www.vinted.fr/items/8592851813,active,0,2026-04-12 18:14:29 CEST,672.0,0,⚠️ Low
Stanley bottle,Stanley,35.0,31,0,Stanley,,https://www.vinted.fr/items/8441525170,active,0,2026-03-22 18:14:36 CET,1176.0,0,⚠️ Low
Stanley bottle,Stanley Iceflow Bottle 1.1 l Cup Flasche thermo straw,45.0,148,0,Stanley,,https://www.vinted.fr/items/7897978254,active,0,2026-01-10 18:14:39 CET,2880.0,0,⚠️ Low
Stanley bottle,Light pink Stanley,23.0,3,0,Stanley,,https://www.vinted.fr/items/8858351691,active,0,2026-05-08 18:14:41 CEST,48.0,0,⚠️ Low
Stanley bottle,New Stanley bottle (final price),35.0,45,0,Stanley,,https://www.vinted.fr/items/6987662615,active,0,2025-09-12 18:14:49 CEST,5760.0,0,⚠️ Low
Stanley bottle,Stanley Classic Bottle,60.0,18,0,Stanley,,https://www.vinted.fr/items/8326689736,active,0,2026-03-11 18:14:50 CET,1440.0,0,⚠️ Low
Stanley bottle,Stanley Cup Iceflow Bottle,40.0,7,0,Stanley,,https://www.vinted.fr/items/8752924997,active,0,2026-04-26 18:14:54 CEST,336.0,0,⚠️ Low
Stanley bottle,Stanley Cross,75.0,10,0,Stanley,,https://www.vinted.fr/items/8014826962,active,0,2026-02-09 18:15:00 CET,2160.0,0,⚠️ Low
Stanley bottle,Stanley Legendary Classic Bottle 0.94L,60.0,11,0,Stanley,,https://www.vinted.fr/items/8613014807,active,0,2026-04-12 18:15:05 CEST,672.0,0,⚠️ Low
Stanley bottle,Isolierflasche the ice flow bottle fast flow Stanley,30.0,80,0,Stanley,,https://www.vinted.fr/items/8623638408,active,3,2026-04-12 18:15:05 CEST,672.0,6,📈 Growing
Stanley bottle,IceFlow Bottle StanLey 24oz -710ml,50.0,2,0,Stanley,,https://www.vinted.fr/items/8796565752,active,0,2026-05-09 18:15:13 CEST,24.0,0,⚠️ Low
Stanley bottle,Borraccia termica Go Bottle - Stanley,25.0,8,0,Stanley,,https://www.vinted.fr/items/8745105062,active,0,2026-04-26 18:15:15 CEST,336.0,0,⚠️ Low
Stanley bottle,Stanley 1L bottle,33.0,4,0,Stanley,,https://www.vinted.fr/items/8774442149,active,0,2026-05-09 18:15:17 CEST,24.0,0,⚠️ Low
Stanley bottle,Stanley cup,24.0,15,0,Stanley/Stella,,https://www.vinted.fr/items/8448481460,active,0,2026-03-22 18:15:25 CET,1176.0,0,⚠️ Low
Stanley bottle,Bottle holder,15.0,58,0,Stanley,,https://www.vinted.fr/items/7992908963,active,0,2026-02-09 18:15:27 CET,2160.0,0,⚠️ Low
Stanley bottle,Stanley Cup quencher,23.0,20,0,Stanley,,https://www.vinted.fr/items/8375159891,active,0,2026-03-15 18:15:33 CET,1344.0,0,⚠️ Low
Stanley bottle,stanley cup hardly used,25.0,42,0,Stanley,,https://www.vinted.fr/items/8716582401,active,0,2026-04-26 18:15:37 CEST,336.0,0,⚠️ Low
Stanley bottle,Limited Edition Stanley x LoveShackFancy Quencher,70.0,43,0,Stanley,,https://www.vinted.fr/items/8042337963,active,0,2026-02-09 18:15:38 CET,2160.0,0,⚠️ Low
Stanley bottle,Stanley Quencher Tumbler,25.0,1,0,Stanley,,https://www.vinted.fr/items/8853534343,active,0,2026-05-08 18:15:44 CEST,48.0,0,⚠️ Low
Stanley bottle,Labubu stanley tumbler,70.0,11,0,Stanley,,https://www.vinted.fr/items/8767053921,active,0,2026-05-09 18:15:47 CEST,24.0,1,⚠️ Low
Stanley bottle,Stanley cup,24.0,15,0,Stanley/Stella,,https://www.vinted.fr/items/8448481460,active,0,2026-03-22 18:15:52 CET,1176.0,0,⚠️ Low
Stanley bottle,Stanley cup,30.0,7,0,Stanley,,https://www.vinted.fr/items/8845157576,active,0,2026-05-07 18:15:53 CEST,72.0,0,⚠️ Low
Stanley bottle,Barbie Stanley,17.0,5,0,Stanley,,https://www.vinted.fr/items/8788395666,active,0,2026-05-09 18:15:58 CEST,24.0,0,⚠️ Low
Stanley bottle,Rose quartz Stanley cup,10.0,66,0,Stanley,,https://www.vinted.fr/items/8027753991,active,0,2026-02-09 18:16:05 CET,2160.0,0,⚠️ Low
Stanley bottle,Blue and yellow Stanley,35.0,17,0,Stanley,,https://www.vinted.fr/items/8645485692,active,0,2026-04-19 18:16:07 CEST,504.0,0,⚠️ Low
Stanley bottle,Stanley Slim Bottle Rosé Flasche / All Day 20oz / Sold Out,75.0,3,0,Stanley,,https://www.vinted.fr/items/8772117904,sold,0,2026-05-09 18:16:10 CEST,24.0,0,⚠️ Low
Stanley bottle,Stanley Cup 1Litre,20.0,18,0,Stanley,,https://www.vinted.fr/items/8401687501,active,0,2026-03-15 18:16:18 CET,1344.0,0,⚠️ Low
Stanley bottle,Light pink Stanley,23.0,3,0,Stanley,,https://www.vinted.fr/items/8858351691,active,0,2026-05-08 18:16:19 CEST,48.0,0,⚠️ Low
Stanley bottle,Stanley,40.0,24,0,Stanley,,https://www.vinted.fr/items/8484671282,active,0,2026-03-29 18:16:22 CEST,1008.0,0,⚠️ Low
Stanley bottle,Stanley 1913 x LoveShackFancy Coquette Bow - Winter Ice,80.0,44,0,Stanley,,https://www.vinted.fr/items/8434480750,active,0,2026-03-22 18:16:29 CET,1176.0,0,⚠️ Low
Stanley bottle,Stanley cup water bottle,40.0,20,0,Stanley,,https://www.vinted.fr/items/8779944544,active,0,2026-05-09 18:16:31 CEST,24.0,2,➖ Moderate
Stanley bottle,Stanley aerolight 710 ml,33.0,40,0,Stanley,,https://www.vinted.fr/items/8241794985,active,0,2026-03-11 18:16:34 CET,1440.0,0,⚠️ Low
Stanley bottle,"Bottle bottle Tumbler 1,2 Liter wie Stanley Cup",14.0,9,0,Bottle Bottle,,https://www.vinted.fr/items/8711030938,active,0,2026-04-26 18:16:41 CEST,336.0,0,⚠️ Low
Stanley bottle,"Stanley Legendary Classic Thermoskanne 1,0L – Hammerschlag Grün",29.0,1,0,Stanley,,https://www.vinted.fr/items/8860338321,active,0,2026-05-09 18:16:42 CEST,24.0,0,⚠️ Low
Stanley bottle,"Stanley Cup iceflow 0,71 l",38.0,19,0,Stanley,,https://www.vinted.fr/items/8850279255,active,0,2026-05-07 18:16:45 CEST,72.0,1,⚠️ Low
Stanley bottle,Stanley Active Shaker - Pine Green,45.0,0,0,Stanley,,https://www.vinted.fr/items/8869045698,active,0,2026-05-09 23:16:54 CEST,19.0,0,⚠️ Low
Stanley bottle,Stanley Cup X Wicked,15.0,4,0,Wicked,,https://www.vinted.fr/items/8726296663,active,0,2026-04-26 18:16:54 CEST,336.0,0,⚠️ Low
Stanley bottle,Stanley All Day Slim Bottle Rose Quartz | 0.59L,40.0,45,0,Stanley,,https://www.vinted.fr/items/7828823930,active,0,2026-01-10 18:16:57 CET,2880.0,0,⚠️ Low
Stanley bottle,water bottle stanley,30.0,4,0,Stanley,,https://www.vinted.fr/items/8641603984,active,0,2026-04-19 18:17:05 CEST,504.0,0,⚠️ Low
Stanley bottle,Stanley cup,30.0,18,0,Stanley,,https://www.vinted.fr/items/8486860944,active,0,2026-03-29 18:17:07 CEST,1008.0,0,⚠️ Low
Stanley bottle,Stanley termos,31.0,16,0,Stanley,,https://www.vinted.fr/items/8547175785,active,0,2026-04-05 18:17:12 CEST,840.0,0,⚠️ Low
Stanley bottle,Stanley Classic Bottle Xsmall Schwarz NEU,50.0,19,0,Stanley,,https://www.vinted.fr/items/7488776573,active,0,2025-11-11 18:17:20 CET,4320.0,0,⚠️ Low
Stanley bottle,Stanley Mug-Cross Bottle,75.0,7,0,Stanley,,https://www.vinted.fr/items/8380101451,active,0,2026-03-15 18:17:23 CET,1344.0,0,⚠️ Low
Stanley bottle,Stanley Quencher Tumbler 40oz,65.0,4,0,Stanley,,https://www.vinted.fr/items/8751923718,active,0,2026-04-26 18:17:25 CEST,336.0,0,⚠️ Low
Stanley bottle,green stanley,25.0,9,0,Stanley,,https://www.vinted.fr/items/8390608319,active,0,2026-03-15 18:17:34 CET,1344.0,0,⚠️ Low
Stanley bottle,Stanley,35.0,14,0,Stanley,,https://www.vinted.fr/items/8417906476,active,0,2026-03-22 18:17:37 CET,1176.0,0,⚠️ Low
Stanley bottle,Stanley,63.0,43,0,Stanley,,https://www.vinted.fr/items/7786847834,active,0,2026-01-10 18:17:38 CET,2880.0,0,⚠️ Low
Stanley bottle,Botella termica XXL,17.0,13,0,Stanley,,https://www.vinted.fr/items/8399079020,active,0,2026-03-15 18:17:43 CET,1344.0,0,⚠️ Low
Stanley bottle,Stanley snack tray,14.0,14,0,Stanley,,https://www.vinted.fr/items/8198262963,active,0,2026-03-11 18:17:50 CET,1440.0,0,⚠️ Low
Stanley bottle,Stanley Pink Tumbler with Straw – Like New,28.0,14,0,Stanley,,https://www.vinted.fr/items/8714818062,active,0,2026-04-26 18:17:51 CEST,336.0,0,⚠️ Low
Stanley bottle,Stanley Cross Bottle,68.0,35,0,Stanley,,https://www.vinted.fr/items/7515517997,active,0,2025-12-11 18:17:55 CET,3600.0,0,⚠️ Low
Stanley bottle,Stanley (1.2 L) - used only a few times,25.0,4,0,Stanley,,https://www.vinted.fr/items/8698117509,active,0,2026-04-26 18:18:03 CEST,336.0,0,⚠️ Low
Stanley bottle,Borraccia Termica Stanley 1913 Classic Legendary Bottle 1.0L – Acciaio Inox Hammertone Lake / Ash,54.0,11,0,Stanley,,https://www.vinted.fr/items/8502154511,active,0,2026-03-29 18:18:04 CEST,1008.0,0,⚠️ Low
Stanley bottle,Stanley Bottle Stainless Steel,35.0,2,0,Stanley,,https://www.vinted.fr/items/8371441784,active,0,2026-03-15 18:18:10 CET,1344.0,0,⚠️ Low
Stanley bottle,Stanley,2.5,7,0,Regatta,,https://www.vinted.fr/items/8308159426,active,0,2026-03-11 18:18:15 CET,1440.0,0,⚠️ Low
Stanley bottle,Stanley Iceflow Bottle Flip Straw 1.1 Liter,54.99,44,0,Stanley,,https://www.vinted.fr/items/7811946744,active,0,2026-01-10 18:18:19 CET,2880.0,0,⚠️ Low
Stanley bottle,Michelin stanley cup,5.0,8,0,Michelin,,https://www.vinted.fr/items/8483852401,active,0,2026-03-29 18:18:21 CEST,1008.0,0,⚠️ Low
Stanley bottle,Stanley Tumbler with Handle – 0.89L Flip Straw – Pink Rose Quartz,70.0,8,0,Stanley,,https://www.vinted.fr/items/8777830096,active,0,2026-05-09 18:18:28 CEST,24.0,1,⚠️ Low
Stanley bottle,stanley,25.0,7,0,Stanley,,https://www.vinted.fr/items/8519914812,active,0,2026-04-05 18:18:31 CEST,840.0,0,⚠️ Low
Stanley bottle,"Water bottle Stanley 1,18l",25.0,0,0,Stanley,,https://www.vinted.fr/items/8715194293,active,0,2026-04-26 18:18:33 CEST,336.0,0,⚠️ Low
Stanley bottle,Stanley Classic Water Bottle Vacuum Bottle Insulated Hammertone Green,59.0,7,0,Stanley,,https://www.vinted.fr/items/8105424886,active,0,2026-02-09 18:18:44 CET,2160.0,0,⚠️ Low
Stanley bottle,Stanley Flip Straw- Ash Color,55.0,9,0,Stanley,,https://www.vinted.fr/items/8606947616,active,0,2026-04-12 18:18:45 CEST,672.0,0,⚠️ Low
Stanley bottle,Stanley neon yellow bottle - 30 0z,25.0,22,0,Stanley,,https://www.vinted.fr/items/8246368212,active,0,2026-03-11 18:18:46 CET,1440.0,0,⚠️ Low
Stanley bottle,Stanley termos,31.0,14,0,Stanley,,https://www.vinted.fr/items/8547157522,active,0,2026-04-05 18:18:54 CEST,840.0,0,⚠️ Low
Stanley bottle,Stanley quencher H2.0 Tumbler,40.0,17,0,Stanley,,https://www.vinted.fr/items/8651783085,active,0,2026-04-19 18:18:56 CEST,504.0,0,⚠️ Low
Stanley bottle,Stanley Iceflow Bottle Termo Flip Straw Lid,60.0,28,0,Stanley,,https://www.vinted.fr/items/7470059639,active,0,2025-11-11 18:18:58 CET,4320.0,0,⚠️ Low
Stanley bottle,Stanley style water bottle with leather crossbody band,12.95,3,0,SO,,https://www.vinted.fr/items/8240589940,active,0,2026-03-11 18:19:04 CET,1440.0,0,⚠️ Low
Stanley bottle,Stanley cup,34.5,23,0,Stanley,,https://www.vinted.fr/items/8564959469,active,0,2026-04-05 18:19:07 CEST,840.0,0,⚠️ Low
Stanley bottle,Stanley cup,25.0,2,0,Stanley,,https://www.vinted.fr/items/8808003978,active,0,2026-05-09 18:19:13 CEST,24.0,0,⚠️ Low
Stanley bottle,"Stanley Adventure To-Go Bottle 0,75L – Neu & OVP – Schwarz",40.0,53,0,Stanley,,https://www.vinted.fr/items/8114046256,active,0,2026-02-09 18:19:15 CET,2160.0,0,⚠️ Low
Stanley bottle,Straw covers,1.0,12,0,Amazon,,https://www.vinted.fr/items/8759082124,active,0,2026-05-09 18:19:18 CEST,24.0,1,⚠️ Low
Stanley bottle,Crivit Stanley Cup,12.0,1,0,Crivit,,https://www.vinted.fr/items/8783135736,active,0,2026-05-09 18:19:26 CEST,24.0,0,⚠️ Low
Stanley bottle,Stanley cup new 1 litre,35.0,23,0,Stanley,,https://www.vinted.fr/items/8590394102,active,0,2026-04-12 18:19:26 CEST,672.0,0,⚠️ Low
Stanley bottle,Stanley x FRGMT To-Go 0.47L Bottle,80.0,9,0,Stanley,,https://www.vinted.fr/items/6862176749,active,0,2026-03-22 18:19:34 CET,1176.0,0,⚠️ Low
Stanley bottle,Stanly,50.0,30,0,Stanley,,https://www.vinted.fr/items/8211759949,active,0,2026-03-11 18:19:39 CET,1440.0,0,⚠️ Low
Stanley bottle,Stanley,28.5,8,0,Stanley,,https://www.vinted.fr/items/8703494277,active,0,2026-04-26 18:19:43 CEST,336.0,0,⚠️ Low
Stanley bottle,Stanley,35.0,3,0,Stanley,,https://www.vinted.fr/items/8774507654,active,0,2026-05-09 18:19:46 CEST,24.0,0,⚠️ Low
Stanley bottle,Kuromi stanley,7.0,37,0,Kuromi,,https://www.vinted.fr/items/8426861477,active,0,2026-03-22 18:19:52 CET,1176.0,0,⚠️ Low
Stanley bottle,Bottle holder,25.0,7,0,Stanley,,https://www.vinted.fr/items/7992953367,active,0,2026-02-09 18:19:54 CET,2160.0,0,⚠️ Low
Stanley bottle,stanley cup,23.0,13,0,Stanley,,https://www.vinted.fr/items/8767655204,active,0,2026-05-09 18:19:56 CEST,24.0,1,⚠️ Low
Stanley bottle,Stanley,25.0,5,0,Stanley,,https://www.vinted.fr/items/8672518492,active,0,2026-04-19 18:20:03 CEST,504.0,0,⚠️ Low
Stanley bottle,XL Stanley Quencher H2.0 Tumbler 40oz / 1.18L Red – FlowState Lid,39.0,23,0,Stanley,,https://www.vinted.fr/items/8646059544,active,0,2026-04-19 18:20:06 CEST,504.0,0,⚠️ Low
Stanley bottle,Stanley gourde isotherme,47.0,8,0,Stanley,,https://www.vinted.fr/items/8146747630,active,0,2026-03-11 18:20:10 CET,1440.0,0,⚠️ Low
Stanley bottle,Stanley Quick Flip Insulated Water Bottle,37.0,50,0,Stanley,,https://www.vinted.fr/items/6726751613,active,0,2025-08-13 18:20:16 CEST,6480.0,0,⚠️ Low
Stanley bottle,Stanley Legendary Classic Bottle - Lilac,65.0,69,0,Stanley,,https://www.vinted.fr/items/4758948408,active,0,2026-05-09 18:20:19 CEST,24.0,7,📈 Growing
Stanley bottle,Stanley Steel Blue water bottle,23.0,2,0,Stanley,,https://www.vinted.fr/items/8634488162,active,0,2026-04-12 18:20:21 CEST,672.0,0,⚠️ Low
Stanley bottle,Stanley Cup,45.0,0,0,Stanley,,https://www.vinted.fr/items/8848043831,active,0,2026-05-07 18:20:27 CEST,72.0,0,⚠️ Low
Stanley bottle,Stanley Classic Bottle Thermosflasche 1L grün neuwertig,70.0,13,0,Stanley,,https://www.vinted.fr/items/8143174744,active,0,2026-03-11 18:20:29 CET,1440.0,0,⚠️ Low
Stanley bottle,"Stanley Quencher H2.0 FlowState 1.2L Thermal Water Bottle, Pink",34.0,8,0,Stanley,,https://www.vinted.fr/items/8725864259,active,0,2026-04-26 18:20:34 CEST,336.0,0,⚠️ Low
Stanley bottle,"Stanley the ash quencher H flow state tumbler 1,18 litre",23.0,4,0,Stanley,,https://www.vinted.fr/items/8743225959,active,0,2026-04-26 18:20:37 CEST,336.0,0,⚠️ Low
Stanley bottle,Stanley rose quartz,32.0,11,0,Stanley,,https://www.vinted.fr/items/8105170113,active,0,2026-02-09 18:20:39 CET,2160.0,0,⚠️ Low
Stanley bottle,Stanley Aerolight Iceflow Fast Flow Gym Water Bottle 0.6L - Cold For 10 Hours,41.0,101,0,Stanley,,https://www.vinted.fr/items/6839841684,active,0,2025-08-13 18:20:46 CEST,6480.0,0,⚠️ Low
Stanley bottle,Official ABBA voyage water bottle,4.0,6,0,,,https://www.vinted.fr/items/8828124093,active,0,2026-05-05 18:20:50 CEST,120.0,0,⚠️ Low
Stanley bottle,Supreme®/Stanley® 20 oz. Vacuum Insulated Bottle,49.0,18,0,Supreme,,https://www.vinted.fr/items/8387039267,active,0,2026-03-15 18:20:52 CET,1344.0,0,⚠️ Low
Stanley bottle,New Pink Stanley bottle,45.0,26,0,Stanley,,https://www.vinted.fr/items/7184797696,active,0,2025-10-12 18:20:57 CEST,5040.0,0,⚠️ Low
Stanley bottle,Stanley Large Tumbler,30.0,0,0,Stanley,,https://www.vinted.fr/items/8845195803,active,0,2026-05-07 18:21:03 CEST,72.0,0,⚠️ Low
Stanley bottle,"Stanley Adventure To-Go Thermal Bottle 0,75L (Thermoskanne)",48.0,27,0,Stanley,,https://www.vinted.fr/items/7855810900,active,0,2026-01-10 18:21:05 CET,2880.0,0,⚠️ Low
Stanley bottle,Supreme Stanley 20oz. Vacuum Insulated Bottle,70.0,26,0,Supreme,,https://www.vinted.fr/items/8847794642,active,0,,24.0,3,➖ Moderate
Stanley bottle,Lilac Stanley cup,25.0,15,0,Stanley,,https://www.vinted.fr/items/8537347458,active,0,,24.0,2,➖ Moderate
Stanley bottle,Brand new Stanley cup 1 litre,35.0,10,0,Stanley,,https://www.vinted.fr/items/8590357263,active,0,,24.0,1,⚠️ Low
Stanley bottle,L’Oréal Paris water bottle / cup,8.99,6,0,L'Oréal,,https://www.vinted.fr/items/8138250358,active,0,,24.0,1,⚠️ Low
Stanley bottle,Fake Stanley,15.0,12,0,Wicked,,https://www.vinted.fr/items/8592268827,active,0,,24.0,1,⚠️ Low
Stanley bottle,Stanley dupe von tchibo,3.0,2,0,Tchibo,,https://www.vinted.fr/items/8676093755,active,0,,24.0,0,⚠️ Low
Stanley bottle,Christmas Stanley cup,10.0,4,0,Stanley,,https://www.vinted.fr/items/8737609288,active,0,2026-04-26 19:45:31 CEST,336.0,0,⚠️ Low
