id,title,price,created_at_ts,first_seen,last_seen,status,disappeared_at,lifespan_hours,hours_tracked,brand,color,variant
9185282989,Borraccia termica Stanley Quencher H2O,35.0,1781615445,2026-06-16 05:50:40,2026-06-17 18:59:38,disappeared,2026-07-02 07:07:49,378.0,385.3,,,
9185265862,💥Neuf lot couvercle à rabat Quencher 1200 ml -Résistants aux déversements,9.0,1781615453,2026-06-16 05:50:40,2026-07-04 06:34:57,active,,,,Quencher,,
9185212123,"Stanley Cup Farbe Rose Quartz 0,9 Liter",25.0,,2026-06-16 05:50:40,2026-06-16 05:50:40,disappeared,2026-06-17 12:30:23,,30.7,,,
9185183678,Stanley Thermobecher,20.0,,2026-06-16 05:50:40,2026-06-16 05:50:40,disappeared,2026-06-17 12:30:23,,30.7,,,
9185159356,Stanley Quencher H2.0 Flowstate Tumbler 40oz,39.99,1781615461,2026-06-16 05:50:40,2026-06-17 18:59:38,disappeared,2026-07-02 07:07:49,377.9,385.3,,,
9184409972,Stanley Quencher H2.0 FlowState 40oz Rosa – Nuevo sin etiqueta,34.0,,2026-06-16 05:50:40,2026-06-16 05:50:40,disappeared,2026-06-17 12:30:23,,30.7,,,
9182056790,"Stanley Quencher H2.0 FlowState Tumbler 40oz / 1,18 l – Creme/Gold",42.0,1781615469,2026-06-16 05:50:40,2026-07-04 06:34:57,active,,,,Stanley,,40oz cream
9182984898,Stanley Quencher H2.0,35.0,1781615478,2026-06-16 05:50:40,2026-07-04 06:34:57,active,,,,Stanley,,
9184866133,Stanley quencher/tumbler 1.18L flowstate,50.0,,2026-06-16 05:50:40,2026-06-16 05:50:40,disappeared,2026-06-17 12:30:23,,30.7,,,
9184743924,Nieuw in doos! Stanley Quencher H2.0 FlowState Tumbler van 1.18 liter,25.0,,2026-06-16 05:50:40,2026-06-16 05:50:40,disappeared,2026-06-17 12:30:23,,30.7,,,
9177505608,Quencher H2.O Flowstate (grün),33.0,,2026-06-16 05:50:40,2026-06-16 05:50:40,disappeared,2026-06-17 12:30:23,,30.7,,,
9184145267,Stanley Quencher H2.0 FlowState Tumbler 1.18l,17.8,,2026-06-16 05:50:40,2026-06-16 05:50:40,disappeared,2026-06-17 12:30:23,,30.7,,,
9182895893,Stanley Quencher 40 oz + Carry All bag Hot Coral,40.0,,2026-06-16 05:50:40,2026-06-16 05:50:40,disappeared,2026-06-17 12:30:23,,30.7,,,
9182835343,"Stanley Quencher H2.0 FlowState Tumbler 0,89L - nieuw drinkfles",40.0,1781615487,2026-06-16 05:50:40,2026-07-03 12:20:39,disappeared,2026-07-04 06:34:57,425.4,432.7,Stanley,,
9182632107,"Drinkfles - Stanley Quencher H2.0 FlowState Tumbler 0,89L – azure",40.0,1781615496,2026-06-16 05:50:40,2026-06-17 18:59:38,disappeared,2026-07-02 07:07:49,377.9,385.3,,,
9182861874,"Stanley Quencher FlowState Original 40oz (1,18L) Nuevo con Caja",90.0,1781615504,2026-06-16 05:50:40,2026-06-17 18:59:38,disappeared,2026-07-02 07:07:49,377.9,385.3,,,
9182543439,"Stanley cup beker drinkfles { 1.18 L , roze }",34.5,1781615513,2026-06-16 05:50:40,2026-06-17 18:59:38,disappeared,2026-07-02 07:07:49,377.9,385.3,,,
9181776307,Stanley cup,32.0,,2026-06-16 05:50:40,2026-06-16 05:50:40,disappeared,2026-06-17 12:30:23,,30.7,,,
9181407614,Stanley Quencher H2.0 Tumbler,27.0,,2026-06-16 05:50:40,2026-06-16 05:50:40,disappeared,2026-06-17 12:30:23,,30.7,,,
9181612941,Nieuwe stanley quencher 1.18 met rietje,27.5,,2026-06-16 05:50:40,2026-06-16 05:50:40,disappeared,2026-06-17 12:30:23,,30.7,,,
9181550476,Light Pink Stanley Cup 40 OZ/ 1.18L. Quencher H2.0 Tumbler,34.0,1781615522,2026-06-16 05:50:40,2026-06-17 18:59:38,disappeared,2026-07-02 07:07:49,377.9,385.3,,,
9177512597,Quencher H2.O Flowstate (lila),33.0,,2026-06-16 05:50:40,2026-06-16 05:50:40,disappeared,2026-06-17 12:30:23,,30.7,,,
9177495618,Quencher H2.O Flowstate (Blau),33.0,,2026-06-16 05:50:40,2026-06-16 05:50:40,disappeared,2026-06-17 12:30:23,,30.7,,,
9180568580,Stanley Cup,38.0,1781766477,2026-06-16 05:50:40,2026-07-04 06:34:57,active,,,,Stanley,Lila,
9184504906,Stanley quencher H2o,37.0,1781615530,2026-06-16 05:50:40,2026-06-17 18:59:38,disappeared,2026-07-02 07:07:49,377.9,385.3,,,
9179604080,Stanley Quencher H2.0 Tumbler 40oz - NEUF,35.0,1781529138,2026-06-16 05:50:40,2026-07-04 06:34:57,active,,,,Stanley,,
9180409816,"Stanley „Barbie Icon"" Quencher - 1.18L",60.0,1781615546,2026-06-16 05:50:40,2026-06-17 18:59:38,disappeared,2026-07-02 07:07:49,377.9,385.3,,,
9179203351,"Stanley 1913 fliederblau / blau Quencher 1,18L NEU",39.0,1781529154,2026-06-16 05:50:40,2026-06-17 18:59:38,disappeared,2026-07-02 07:07:49,401.9,385.3,,,
9179160395,Stanley 1913 H2.O Quencher 1.18 l #Stanley #Quencher,38.0,,2026-06-16 05:50:40,2026-06-16 05:50:40,disappeared,2026-06-17 12:30:23,,30.7,,,
9179258050,Stanley Cup The FlowState Quencher H2.0 Tumbler,70.0,1781529163,2026-06-16 05:50:40,2026-06-17 18:59:38,disappeared,2026-07-02 07:07:49,401.9,385.3,,,
9179007966,Stanley Naranja 40oz 1.18L,40.0,1781521768,2026-06-16 05:50:40,2026-06-17 18:59:38,disappeared,2026-07-02 07:07:49,404.0,385.3,,,
9179003348,Termo Stanley Quencher,30.0,1781521735,2026-06-16 05:50:40,2026-06-17 18:59:38,disappeared,2026-07-02 07:07:49,404.0,385.3,,,
9183134419,Stanley Quencher Flowstate Tumbler 40oz zwart NIEUW,50.0,1781547552,2026-06-16 05:50:40,2026-06-17 18:59:38,disappeared,2026-07-02 07:07:49,396.8,385.3,,,
9178037320,"Stanley Cup 1,18 l Quencher ProTour Flip Straw Tumbler × 1 Tea Rose Tile",39.0,,2026-06-16 05:50:40,2026-06-16 05:50:40,disappeared,2026-06-17 12:30:23,,30.7,,,
9178327754,Stanley Quencher H2.0 Tumbler .88L,36.0,,2026-06-16 05:50:40,2026-06-16 05:50:40,disappeared,2026-06-17 12:30:23,,30.7,,,
9174189791,"Stanley Metallic Stahl - Quencher H2.0 1,18L Rosa Lila Flieder – Neu & Original",37.0,1781457930,2026-06-16 05:50:40,2026-07-02 08:36:01,disappeared,2026-07-02 16:53:29,431.5,395.0,Stanley,,1.18l pink
9177846873,Stanley Cup isolierte Trinkflasche,28.0,,2026-06-16 05:50:40,2026-06-16 05:50:40,disappeared,2026-06-17 12:30:23,,30.7,,,
9178044247,"Stanley Cup Pink Parade // Quencher H2.0 FlowState Tumbler 40 OZ 1,18 L",55.0,1781514696,2026-06-16 05:50:40,2026-07-02 08:36:01,disappeared,2026-07-02 16:53:29,415.7,395.0,Stanley,,40oz pink
9177783907,Stanley Cup isolierte Trinkflasche,35.0,1781512491,2026-06-16 05:50:40,2026-06-17 16:00:55,disappeared,2026-06-17 18:59:38,58.4,37.1,,,
9181488106,Stanley Quencher Azure,35.0,1781538060,2026-06-16 05:50:40,2026-07-04 06:34:57,active,,,,Stanley,,
9171844439,"Stanley Quencher 1.18 Liter, schwarz",32.0,1781447457,2026-06-16 05:50:40,2026-06-17 18:59:38,disappeared,2026-07-02 07:07:49,424.6,385.3,,,
9182767301,"Stanley Becher Quencher H2.0 FlowState 1,18L Creme Quartz - Neu",30.0,,2026-06-16 05:50:40,2026-06-16 05:50:40,disappeared,2026-06-17 12:30:23,,30.7,,,
9177759514,Stanley Cup isolierte Trinkflasche,35.0,1781512266,2026-06-16 05:50:40,2026-06-17 18:59:38,disappeared,2026-07-02 07:07:49,406.6,385.3,,,
9176284887,Stanley Quencher 1.18 L Tumbler White Wit Gloednieuw Brand New Without Lid Zonde,15.0,1781471613,2026-06-16 05:50:40,2026-06-17 18:59:38,disappeared,2026-07-02 07:07:49,417.9,385.3,,,
9175400416,Stanley Cup 1.18L / Quencher H2.0 Tumbler,35.0,1781464098,2026-06-16 05:50:40,2026-06-17 18:59:38,disappeared,2026-07-02 07:07:49,420.0,385.3,,,
9175204257,Botella Termo Stanley Quencher,36.0,1781463026,2026-06-16 05:50:40,2026-06-17 18:59:38,disappeared,2026-07-02 07:07:49,420.3,385.3,,,
9174749087,Gourde thermos Stanley 1.18 L,45.0,1781460683,2026-06-16 05:50:40,2026-06-17 18:59:38,disappeared,2026-07-02 07:07:49,420.9,385.3,,,
9174570985,Nieuwe Stanley quencher 1.18 met rietje,27.5,1781459786,2026-06-16 05:50:40,2026-06-17 16:00:55,disappeared,2026-06-17 18:59:38,73.1,37.1,,,
9174245268,"Stanley Quencher H2.0 1,18L Schwarz – Trend Tumbler StanleyCup Trinkflasche",37.0,,2026-06-16 05:50:40,2026-06-16 05:50:40,disappeared,2026-06-17 12:30:23,,30.7,,,
9169250201,Stanley Quencher Thermobecher mit Strohhalm,35.0,1781435124,2026-06-16 05:50:40,2026-07-04 06:34:57,active,,,,Stanley,,
9174372670,"StanleyCup Becher Quencher H2.0 1,18L bordeaux lila orange – Neu & Original",35.0,,2026-06-16 05:50:40,2026-06-16 05:50:40,disappeared,2026-06-17 12:30:23,,30.7,,,
9174317409,"Stanley Trinkbecher Trinkflasche Quencher H2.0 1,18L – Trend Tumbler",35.0,,2026-06-16 05:50:40,2026-06-16 05:50:40,disappeared,2026-06-17 12:30:23,,30.7,,,
9173112115,Stanley cup / gourde,33.0,1781453015,2026-06-16 05:50:40,2026-06-17 18:59:38,disappeared,2026-07-02 07:07:49,423.1,385.3,,,
9174036547,Stanley Quencher 40ml,25.0,,2026-06-16 05:50:40,2026-06-16 05:50:40,disappeared,2026-06-17 12:30:23,,30.7,,,
9172777137,Stanley Quencher - 30 oz - Marina Shine (Fluted),50.0,1781451552,2026-06-16 05:50:40,2026-06-17 18:59:38,disappeared,2026-07-02 07:07:49,423.5,385.3,,,
9173244380,"Stanley The FlowState Quencher H2.0 Tumbler (40 oz / 1,18 L)",75.0,1781453602,2026-06-16 05:50:40,2026-06-17 18:59:38,disappeared,2026-07-02 07:07:49,422.9,385.3,,,
9172849580,Stanley Quencher - 40 oz - Balsam Glow,50.0,1781451872,2026-06-16 05:50:40,2026-06-17 18:59:38,disappeared,2026-07-02 07:07:49,423.4,385.3,,,
9171432340,(Novo) Copo Stanley Quencher Lionel Messi #10,55.0,1781445609,2026-06-16 05:50:40,2026-06-17 18:59:38,disappeared,2026-07-02 07:07:49,425.1,385.3,,,
9172724992,Stanley 40 oz Quencher Carry-All - Nieuw in doos,32.5,1781451326,2026-06-16 05:50:40,2026-07-04 06:34:57,active,,,,Stanley,,
9166085403,"Stanley Quencher H2.0 1,18L Rosa Nuevo",35.0,1781384601,2026-06-16 05:50:40,2026-06-17 18:59:38,disappeared,2026-07-02 07:07:49,442.1,385.3,,,
9172608732,Stanley,35.0,1781450824,2026-06-16 05:50:40,2026-07-04 06:34:57,active,,,,Stanley,,
9171662389,Copo Stanley Quencher CR7 #7 - Cristiano Ronaldo,55.0,1781446642,2026-06-16 05:50:40,2026-06-17 18:59:38,disappeared,2026-07-02 07:07:49,424.8,385.3,,,
9170444973,Stanley 1.18L,60.0,1781441046,2026-06-16 05:50:40,2026-07-04 06:34:57,active,,,,Stanley,,
9173227089,Triinkflasche,68.0,,2026-06-16 05:50:40,2026-06-16 05:50:40,disappeared,2026-06-17 12:30:23,,30.7,,,
9172201222,Stanley Quencher H2.0 Tumbler 40oz Black,39.0,1781449038,2026-06-16 05:50:40,2026-07-03 12:20:39,disappeared,2026-07-04 06:34:57,471.6,432.7,Stanley,,40oz black
9176824193,"Stanley cup Quencher H2.0 Tumbler 1,18L – Pastel Roze",48.0,1781481551,2026-06-16 05:50:40,2026-07-04 06:34:57,active,,,,Stanley,,1.18l pink
9169880797,Stanley Quencher - 40 oz - Gilded Pomegranate & Gilded Celadon,90.0,,2026-06-16 05:50:40,2026-06-16 05:50:40,disappeared,2026-06-17 12:30:23,,30.7,,,
9170962389,Stanley Quencher,25.0,,2026-06-16 05:50:40,2026-06-16 05:50:40,disappeared,2026-06-17 12:30:23,,30.7,,,
9167416592,Stanley Quencher - 40 oz - Gilded Pomegranate,50.0,1781439524,2026-06-16 05:50:40,2026-06-17 18:59:38,disappeared,2026-07-02 07:07:49,426.8,385.3,,,
9167444465,Stanley Quencher - 40 oz - Gilded Celadon,50.0,1781439574,2026-06-16 05:50:40,2026-07-04 06:34:57,active,,,,Stanley,,
9169843699,Stanley Quencher - 30 oz - Fluted 3x,125.0,1781438128,2026-06-16 05:50:40,2026-06-17 18:59:38,disappeared,2026-07-02 07:07:49,427.2,385.3,,,
9169496576,"Stanley Quencher H2.0 FlowState 1,18L (40oz) New",37.49,1781436383,2026-06-16 05:50:40,2026-06-17 18:59:38,disappeared,2026-07-02 07:07:49,427.7,385.3,,,
9169797927,Stanley Quencher Thermobecher 887 ml – Pastellgelb – Sehr guter Zustand,33.0,1781437901,2026-06-16 05:50:40,2026-06-17 18:59:38,disappeared,2026-07-02 07:07:49,427.3,385.3,,,
9181329060,"Mug isotherme Stanley Quencher H2.0 - Édition Limitée Deadly Damask (1,18L)",75.0,1781537112,2026-06-16 05:50:40,2026-06-17 18:59:38,disappeared,2026-07-02 07:07:49,399.7,385.3,,,
9164351580,Stanley beker,20.0,1781370514,2026-06-16 05:50:40,2026-06-17 16:00:55,disappeared,2026-06-17 18:59:38,97.9,37.1,,,
9167478008,Stanley Quencher - 40 oz - Black Moon,50.0,1781447549,2026-06-16 05:50:40,2026-07-04 06:34:57,active,,,,Stanley,,40oz black
9167299068,Stanley Quencher - 40 oz - Antique Pink,50.0,1781440033,2026-06-16 05:50:40,2026-06-17 18:59:38,disappeared,2026-07-02 07:07:49,426.7,385.3,,,
9172760590,Stanley Quencher - 30 oz - Wisteria Shine (Fluted),50.0,1781451480,2026-06-16 05:50:40,2026-06-17 18:59:38,disappeared,2026-07-02 07:07:49,423.5,385.3,,,
9163971525,"Stanley Quencher H2.0 FlowState 40oz / 1,18L 🍦white cream 🍦",37.0,1781368100,2026-06-16 05:50:40,2026-07-02 16:53:29,disappeared,2026-07-03 12:20:39,475.9,414.5,Stanley,,40oz white
9157810579,Stanley cup quencher h2.0 beige,33.0,1781296648,2026-06-16 05:50:40,2026-06-17 18:59:38,disappeared,2026-07-02 07:07:49,466.5,385.3,,,
9166107523,Stanley Quencher - 40 oz - Periwinkle Shimmer,35.0,1781384898,2026-06-16 05:50:40,2026-06-17 18:59:38,disappeared,2026-07-02 07:07:49,442.0,385.3,,,
9166053765,Stanley Quencher 40 oz - Chocolate Gold - Limited,90.0,,2026-06-16 05:50:40,2026-06-16 05:50:40,disappeared,2026-06-17 12:30:23,,30.7,,,
9171746289,Stanley Quencher - 40 oz - Electric Pink,50.0,1781447017,2026-06-16 05:50:40,2026-06-17 18:59:38,disappeared,2026-07-02 07:07:49,424.7,385.3,,,
9166064682,Stanley Quencher - 40 oz - Cool Serene Brushstrokes,50.0,1781439950,2026-06-16 05:50:40,2026-06-17 18:59:38,disappeared,2026-07-02 07:07:49,426.7,385.3,,,
9167409892,Stanley Quencher H2.0 FlowState Tumbler in Hellblau,40.0,1781424705,2026-06-16 05:50:40,2026-07-04 06:34:57,active,,,,Stanley,,
9166074288,Stanley Quencher - 30 oz - Twilight (Fluted),50.0,1781384454,2026-06-16 05:50:40,2026-06-17 18:59:38,disappeared,2026-07-02 07:07:49,442.1,385.3,,,
9166081503,Stanley Quencher - 40 oz - Pink Mesa Sunset,50.0,1781447072,2026-06-16 05:50:40,2026-06-17 18:59:38,disappeared,2026-07-02 07:07:49,424.7,385.3,,,
8504305689,Stanley Quencher H2.0 FlowState Tumbler Rosa/Lilla,35.0,1781418789,2026-06-16 05:50:40,2026-07-04 06:34:57,active,,,,Stanley,,
9166116263,Stanley Quencher - 40 oz - Seafoam,45.0,1781423667,2026-06-16 05:50:40,2026-06-17 18:59:38,disappeared,2026-07-02 07:07:49,431.2,385.3,,,
9158695137,Stanley Quencher H2.0 Flo Tumblr - 40oz / 1.18L (Rose Quartz),34.99,1781331115,2026-06-16 05:50:40,2026-07-04 06:34:57,active,,,,Stanley,,40oz pink
9164266756,Stanley,28.0,1781369961,2026-06-16 05:50:40,2026-06-17 18:59:38,disappeared,2026-07-02 07:07:49,446.1,385.3,,,
9164728409,Original Stanley x LoveShackFancy Tumbler 0.59L Neu in OVP,55.0,1781373095,2026-06-16 05:50:40,2026-06-17 18:59:38,disappeared,2026-07-02 07:07:49,445.3,385.3,,,
9154811473,"Stanley Quencher H2.0 Tumbler 1,18 L – Beige/Cream 🤍 Neu!",28.0,,2026-06-16 05:50:40,2026-06-16 05:50:40,disappeared,2026-06-17 12:30:23,,30.7,,,
9161976977,Stanly Quench neu Pink rosa,70.0,1781356304,2026-06-16 05:50:40,2026-07-04 06:34:57,active,,,,Stanley,,
9161915950,Neuer Stanly Quench Limited Edition gibt es nicht mehr,110.0,1781355937,2026-06-16 05:50:40,2026-07-04 06:34:57,active,,,,Stanley,,
9159190279,Stanley tumblr straw,20.0,1781337608,2026-06-16 05:50:40,2026-06-17 18:59:38,disappeared,2026-07-02 07:07:49,455.1,385.3,,,
9161190233,Stanley Cup Quencher Barbie,70.0,1781351453,2026-06-16 05:50:40,2026-07-04 06:34:57,active,,,,Stanley,,
9161228903,Stanley Cup Quencher Barbie,70.0,1781351697,2026-06-16 05:50:40,2026-07-04 06:34:57,active,,,,Stanley,,
9156577303,Stanley Quencher Tumbler + Carry-All Crossbody Holder Lilac,50.0,1781286653,2026-06-16 05:50:40,2026-06-17 18:59:38,disappeared,2026-07-02 07:07:49,469.3,385.3,,,
9157965450,"Stanley Quencher H2.0 Flow State Tumbler 1,18 l Copper Tinsel",45.0,1781298466,2026-06-16 05:50:40,2026-07-04 06:34:57,active,,,,Stanley,,
9156554798,Stanley quencher carry all,25.0,1781286490,2026-06-16 05:50:40,2026-06-17 18:59:38,disappeared,2026-07-02 07:07:49,469.3,385.3,,,
9151559454,"Standen 1913 Isolierte Trinkflasche 1,18 ltr. mit Trinkhalm",38.0,1781357105,2026-06-16 05:50:40,2026-07-04 06:34:57,active,,,,Stanley,,
9157304825,"🔥Stanley Quencher H2.0 FlowState 40oz (1,18L) Rose Quartz",40.0,1781292141,2026-06-16 05:50:40,2026-06-17 18:59:38,disappeared,2026-07-02 07:07:49,467.8,385.3,,,
9157886296,Stanley Quencher H2.0 FlowState 40oz 1.18L Tumbler Thermos Hydratation Premium,37.0,1781297478,2026-06-16 05:50:40,2026-06-17 18:59:38,disappeared,2026-07-02 07:07:49,466.3,385.3,,,
9156304470,Stanley Quencher Flowstate Tumbler 1.18 liter,20.0,1781284713,2026-06-16 05:50:40,2026-06-17 18:59:38,disappeared,2026-07-02 07:07:49,469.8,385.3,,,
9160135901,"Neuer Stanley Cup ""Quencher H2.0 Tumbler"" 1,18 Liter in lila",50.0,1781344637,2026-06-16 05:50:40,2026-07-04 06:34:57,active,,,,Stanley,,
9150620386,"Stanley Bottle Quencher Protour Tumbler 1,18L (NEW)",45.0,,2026-06-16 05:50:40,2026-06-16 05:50:40,disappeared,2026-06-17 12:30:23,,30.7,,,
9156409548,Gourde stanley cup quencher h2.o flowstate - mug isotherme,40.0,1781285448,2026-06-16 05:50:40,2026-07-04 06:34:57,active,,,,Stanley,,
9149592012,Stanley Quencher 1.2L Termo Acero Inox,39.0,1781204167,2026-06-16 05:50:40,2026-07-04 06:34:57,active,,,,Stanley,,
9152047911,Stanley Quencher H2.0 FlowState Tumbler 40oz (1.18L) - Schwarz Spruce,35.0,1781254170,2026-06-16 05:50:40,2026-06-17 18:59:38,disappeared,2026-07-02 07:07:49,478.3,385.3,,,
9148309490,Stanley Cup,40.0,1781196000,2026-06-16 05:50:40,2026-06-17 18:59:38,disappeared,2026-07-02 07:07:49,494.5,385.3,,,
9153831107,Stanley Quencher H2.0 Tumbler,40.0,1781267831,2026-06-16 05:50:40,2026-07-04 06:34:57,active,,,,Stanley,,
9167267221,L’envol des Soleils,2.0,,2026-06-16 05:50:40,2026-06-16 05:50:40,disappeared,2026-06-17 12:30:23,,30.7,,,
9155417310,Stanley drinkbeker beige 1.18l,34.5,,2026-06-16 05:50:40,2026-06-16 05:50:40,disappeared,2026-06-17 12:30:23,,30.7,,,
9154583097,Stanley Marble Flip Straw Quencher ProTour tumbler 1.18 L,74.99,1781273034,2026-06-16 05:50:40,2026-07-04 06:34:57,active,,,,Stanley,,
9137809209,Stanley Quencher H2.0 Hello Kitty NUEVO en caja + accesorios regalo,40.0,,2026-06-16 05:50:40,2026-06-16 05:50:40,disappeared,2026-06-17 12:30:23,,30.7,,,
9149129878,Stanley,33.0,,2026-06-16 05:50:40,2026-06-16 05:50:40,disappeared,2026-06-17 12:30:23,,30.7,,,
9148141331,"Stanley Quencher H2.0 FlowState 1,18L (40oz) New",37.49,1781194978,2026-06-16 05:50:40,2026-06-17 18:59:38,disappeared,2026-07-02 07:07:49,494.7,385.3,,,
9154249199,"Stanley The Flip Straw ProTour Tumbler 1,18l Neu! Auslaufsicher",46.0,1781270736,2026-06-16 05:50:40,2026-06-17 18:59:38,disappeared,2026-07-02 07:07:49,473.7,385.3,,,
9152497880,Stanley 40OZ Quencher,30.0,1781257747,2026-06-16 05:50:40,2026-06-17 18:59:38,disappeared,2026-07-02 07:07:49,477.3,385.3,,,
9152985558,Original 1.18L Stanley Quencher H2.0 Flowstate - Shale,29.0,1781261522,2026-06-16 05:50:40,2026-06-17 18:59:38,disappeared,2026-07-02 07:07:49,476.3,385.3,,,
9152196684,Gourde stanley,45.0,,2026-06-16 05:50:40,2026-06-16 05:50:40,disappeared,2026-06-17 12:30:23,,30.7,,,
9153572099,"Stanley Quencher H2.0 FlowState 0,89 L Frost Thermobecher",35.0,1781265962,2026-06-16 05:50:40,2026-07-04 06:34:57,active,,,,Stanley,,
9151678546,Quenched H2.0 Tumbler 22 oz/ 0.59 L,26.0,1781250654,2026-06-16 05:50:40,2026-06-17 18:59:38,disappeared,2026-07-02 07:07:49,479.3,385.3,,,
9151462830,"Stanley Quencher H2.0 FlowState Isolierbecher mit Strohhalm, 1,2 l,",30.0,1781247996,2026-06-16 05:50:40,2026-06-17 18:59:38,disappeared,2026-07-02 07:07:49,480.0,385.3,,,
9151526595,Original Stanley Cup Quencher H2.0 Tumbler Becher Neu,40.0,1781248862,2026-06-16 05:50:40,2026-06-17 18:59:38,disappeared,2026-07-02 07:07:49,479.8,385.3,,,
9140142707,"Gobelet Isotherme Stanley Quencher H2.0 1,18L",33.0,,2026-06-16 05:50:40,2026-06-16 05:50:40,disappeared,2026-06-17 12:30:23,,30.7,,,
9151188477,Stanley Quencher H2.0 FlowState Tumbler in Fuchsia 1.18l,35.0,1781242627,2026-06-16 05:50:40,2026-06-17 18:59:38,disappeared,2026-07-02 07:07:49,481.5,385.3,,,
9150536090,"Stanley Bottle Quencher Protour Tumbler 1,18L (NEW)",45.0,1781211946,2026-06-16 05:50:40,2026-06-17 18:59:38,disappeared,2026-07-02 07:07:49,490.0,385.3,,,
9147607783,Stanley Quencher H2.0 The Flowstate neu pink Thermo Trinkflasche 30 Oz Cup,35.0,1781191727,2026-06-16 05:50:40,2026-07-04 06:34:57,active,,,,Stanley,,30oz pink
9146897262,"Stanley Quencher Tumbler 1,2 L – Beige – Gut gepflegt",35.0,1781187165,2026-06-16 05:50:40,2026-06-17 18:59:38,disappeared,2026-07-02 07:07:49,496.9,385.3,,,
9138088926,Flasche,35.0,1781097440,2026-06-16 05:50:40,2026-06-17 18:59:38,disappeared,2026-07-02 07:07:49,521.8,385.3,,,
9165318261,Quantum de vie,5.0,,2026-06-16 05:50:40,2026-06-16 05:50:40,disappeared,2026-06-17 12:30:23,,30.7,,,
9142607145,Stanley Gourde Quencher H2.O,30.0,1781126097,2026-06-16 05:50:40,2026-06-17 18:59:38,disappeared,2026-07-02 07:07:49,513.9,385.3,,,
9149963357,Botella Stanley The Flowstate Quencher lila 40oz,45.0,1781206768,2026-06-16 05:50:40,2026-07-04 06:34:57,active,,,,Stanley,,40oz purple
9147015093,Stanley Cup Quencher ProTour Flipw,50.0,,2026-06-16 05:50:40,2026-06-16 05:50:40,disappeared,2026-06-17 12:30:23,,30.7,,,
9149239641,Borraccia Stanley,40.0,1781201870,2026-06-16 05:50:40,2026-07-04 06:34:57,active,,,,Stanley,,
9149950212,Botella Stanley The Flowstate Quencher naranja 40oz,45.0,1781206673,2026-06-16 05:50:40,2026-07-04 06:34:57,active,,,,Stanley,,
9146936316,"Stanley Quencher H2.O FlowState 1,18L - Colore Cream",35.0,1781187424,2026-06-16 05:50:40,2026-07-04 06:34:57,active,,,,Stanley,,1.18l cream
9093984077,Stanley Quencher H2.0 FlowState Tumbler,45.0,1781081312,2026-06-16 05:50:40,2026-06-17 18:59:38,disappeared,2026-07-02 07:07:49,526.3,385.3,,,
9144616157,Nieuw Stanley Quencher H2.0 flowstate,40.0,1781171410,2026-06-16 05:50:40,2026-07-04 06:34:57,active,,,,Stanley,,
9132347992,"Porte stanley cup Quencher de 1,18 L",25.0,1781027201,2026-06-16 05:50:40,2026-07-02 08:36:01,disappeared,2026-07-02 16:53:29,551.1,395.0,Stanley,,
9144497543,"Stanley Quencher H2.0 FlowState vaso térmico 1,2L azul",35.0,1781170540,2026-06-16 05:50:40,2026-06-17 18:59:38,disappeared,2026-07-02 07:07:49,501.5,385.3,,,
9136471348,"Stanley Cup | Stanley X Messi Quencher | 1,2 l GOAT Pink",60.0,1781086746,2026-06-16 05:50:40,2026-06-17 18:59:38,disappeared,2026-07-02 07:07:49,524.8,385.3,,,
9128904343,Stanley Tumbler mit Strohhalm,25.0,,2026-06-16 05:50:40,2026-06-16 05:50:40,disappeared,2026-06-17 12:30:23,,30.7,,,
9141566209,"Stanley Quencher H2.0 1,18L Floral Rose Tumbler Avec Paille Gourde Isotherme",49.0,1781117900,2026-06-16 05:50:40,2026-06-17 18:59:38,disappeared,2026-07-02 07:07:49,516.2,385.3,,,
9142017548,Stanley Quencher Becher 590 ml,32.0,1781120833,2026-06-16 05:50:40,2026-06-17 18:59:38,disappeared,2026-07-02 07:07:49,515.3,385.3,,,
9145240730,Gourde stanley Tumbler h2.0,37.0,,2026-06-16 05:50:40,2026-06-17 13:10:37,disappeared,2026-06-17 13:40:04,,31.8,,,
9146474984,Stanley Cup peach-farbend,40.0,1781184433,2026-06-16 05:50:40,2026-07-04 06:34:57,active,,,,Stanley,,
9143838014,"🌸 Stanley x LoveShackFancy Quencher H2.0 1,18L 40oz Édition Limitée Rose + Boîte",89.0,1781165117,2026-06-16 05:50:40,2026-06-17 18:59:38,disappeared,2026-07-02 07:07:49,503.0,385.3,,,
9144628328,Nieuw Stanley Quencher H2.0 flowstate,40.0,1781171500,2026-06-16 05:50:40,2026-07-04 06:34:57,active,,,,Stanley,,
9120924606,Stanley Quencher H2.0 Rosa 40oz,32.0,,2026-06-16 05:50:40,2026-06-16 05:50:40,disappeared,2026-06-17 12:30:23,,30.7,,,
9152040498,Ersatzdeckel für Becher,10.0,1781621974,2026-06-16 05:50:40,2026-07-03 12:20:39,disappeared,2026-07-04 06:34:57,423.6,432.7,,,
9137261112,"Stanley Quencher H2.0 Tumbler – helles Beige/Vanilla, 40 oz",29.0,1781092209,2026-06-16 05:50:40,2026-06-17 18:59:38,disappeared,2026-07-02 07:07:49,523.3,385.3,,,
9134922485,"Stanley Cup 1,18l Quencher Becher 1,2l Thermobecher Kaffeebecher",30.0,1781072189,2026-06-16 05:50:40,2026-06-17 18:59:38,disappeared,2026-07-02 07:07:49,528.9,385.3,,,
9143815012,"Stanley Quencher H2.0 FlowState Tumbler 1,18 l (40 oz) Neu & unbenutzt",40.0,1781164885,2026-06-16 05:50:40,2026-06-17 14:31:51,disappeared,2026-06-17 16:00:55,152.0,34.2,,,
9137248464,"Stanley Quencher H2.0 Tumbler – creme/weiß, 40 oz",29.0,,2026-06-16 05:50:40,2026-06-17 13:10:37,disappeared,2026-06-17 13:40:04,,31.8,,,
9158250228,Termo Stanley Flowstate Quencher H2O,30.0,1781303849,2026-06-16 05:50:40,2026-06-17 18:59:38,disappeared,2026-07-02 07:07:49,464.5,385.3,,,
9141429196,Gourde Stanley,20.0,,2026-06-16 05:50:40,2026-06-17 12:30:23,disappeared,2026-06-17 13:10:37,,31.3,,,
9137480583,Stanley Quencher Evergreen Glow,38.0,1781093645,2026-06-16 05:50:40,2026-06-17 18:59:38,disappeared,2026-07-02 07:07:49,522.9,385.3,,,
9136870741,Stanley Quencher Blue Spruce,33.0,1781089558,2026-06-16 05:50:40,2026-07-02 08:36:01,disappeared,2026-07-02 16:53:29,533.8,395.0,Stanley,,
9130448270,Stanley Tumbler,40.0,1781016192,2026-06-16 05:50:40,2026-07-04 06:34:57,active,,,,Stanley,,
9127470355,"🔥 Stanley Quencher H2.0 FlowState 40oz / 1,18L – Rose Quartz - Neuf 🔥",40.0,1780996117,2026-06-16 05:50:40,2026-06-17 18:59:38,disappeared,2026-07-02 07:07:49,550.0,385.3,,,
9118490245,Stanley Quencher Tragetasche Carry-All,23.0,1780905529,2026-06-16 05:50:40,2026-06-17 18:59:38,disappeared,2026-07-02 07:07:49,575.2,385.3,,,
9136661589,Stanley Quencher H2.0 Flowstate Tumbler 40oz NEW,39.99,1781088088,2026-06-16 05:50:40,2026-06-17 18:59:38,disappeared,2026-07-02 07:07:49,524.4,385.3,,,
9136722760,Stanley Aerolight Transit Mug 16oz - New,32.99,1781088518,2026-06-16 05:50:40,2026-06-17 18:59:38,disappeared,2026-07-02 07:07:49,524.3,385.3,,,
9132037177,Stanley - Thermosfles,20.0,1781025413,2026-06-16 05:50:40,2026-06-17 18:59:38,disappeared,2026-07-02 07:07:49,541.8,385.3,,,
9122021216,Stanley Adventure Quencher,25.0,1780930060,2026-06-16 05:50:40,2026-06-17 18:59:38,disappeared,2026-07-02 07:07:49,568.3,385.3,,,
9141790061,Stanley Quencher H2.0 FlowState Tumbler mit Henkel und Strohhalm. Limited,40.0,1781119311,2026-06-16 05:50:40,2026-06-17 18:59:38,disappeared,2026-07-02 07:07:49,515.8,385.3,,,
9130543260,Stanley Quencher Tumbler rosa/pink mit Strohhalm,30.0,1781016773,2026-06-16 05:50:40,2026-07-04 06:34:57,active,,,,Stanley,,
9120342985,Stanley Quencher Borraccia - Liliac,35.0,1780919518,2026-06-16 05:50:40,2026-07-04 06:34:57,active,,,,Stanley,,
9119922968,"Stanley Quencher H2.0 Tumbler 1,18L roze",28.0,1780916645,2026-06-16 05:50:40,2026-06-17 18:59:38,disappeared,2026-07-02 07:07:49,572.1,385.3,,,
9139998161,Garrafa Stanley Cup Quencher 1.2L Serene Brushstroke NOVA,32.0,1781108639,2026-06-16 05:50:40,2026-07-04 06:34:57,active,,,,,,
9093858678,Stanley Quencher 0.89L,20.0,1780665839,2026-06-16 05:50:40,2026-06-17 18:59:38,disappeared,2026-07-02 07:07:49,641.7,385.3,,,
9122651570,Stanley Quencher H2.O FlowState Tumbler,28.0,,2026-06-16 05:50:40,2026-06-16 05:50:40,disappeared,2026-06-17 12:30:23,,30.7,,,
9130429223,Stanley Tumbler,68.0,1781016073,2026-06-16 05:50:40,2026-07-04 06:34:57,active,,,,Stanley,,
9129353288,Título Vinted: Stanley Quencher H2.0 Stitch Disney 1.18L 40oz verde nuevo,70.0,1781009298,2026-06-16 05:50:40,2026-07-04 06:34:57,active,,,,Stanley,,1.18l green
9140119747,Garrafa Stanley Cup Quencher 1.2L Polar Swirl NOVA,32.0,1781109334,2026-06-16 05:50:40,2026-06-17 18:59:38,disappeared,2026-07-02 07:07:49,518.5,385.3,,,
9124919484,Stanley Quencher,28.0,1780946611,2026-06-16 05:50:40,2026-07-04 06:34:57,active,,,,Stanley,,
9113958438,Stanley,40.0,1780848483,2026-06-16 05:50:40,2026-07-04 06:34:57,active,,,,Stanley,,
9128467694,Stanley Quencher H2.0 FlowState Jade mit Gurt,58.0,1781003346,2026-06-16 05:50:40,2026-06-17 18:59:38,disappeared,2026-07-02 07:07:49,548.0,385.3,,,
9101396440,Gobelet Stanley Quencher FlowState Tumble,42.0,1780748064,2026-06-16 05:50:40,2026-07-04 06:34:57,active,,,,Stanley,,
9122212374,Stanley cup,35.0,,2026-06-16 05:50:40,2026-06-16 05:50:40,disappeared,2026-06-17 12:30:23,,30.7,,,
9120152442,Stanley,33.0,,2026-06-16 05:50:40,2026-06-16 05:50:40,disappeared,2026-06-17 12:30:23,,30.7,,,
9126521831,Stanley Cup Becher Thermobecher,33.0,1780986195,2026-06-16 05:50:40,2026-06-17 18:59:38,disappeared,2026-07-02 07:07:49,552.7,385.3,,,
9109576966,Stanley Cup rosa Quencher FlowState Tumbler 1.18L,55.0,1780829479,2026-06-16 05:50:40,2026-07-04 06:34:57,active,,,,Stanley,,1.18l pink
9101685672,"Stanley Cup Quencher Tumbler 0,59ml fliederfarben",25.0,1780749691,2026-06-16 05:50:40,2026-06-17 18:59:38,disappeared,2026-07-02 07:07:49,618.4,385.3,,,
9126400388,Stanley Quencher Tumbler 40oz Cream/Beige – NEU,35.0,1780982452,2026-06-16 05:50:40,2026-06-17 18:59:38,disappeared,2026-07-02 07:07:49,553.8,385.3,,,
9100351058,Stanley Quencher H2.0 40oz Lionel Messi,60.0,1780741882,2026-06-16 05:50:40,2026-06-17 18:59:38,disappeared,2026-07-02 07:07:49,620.6,385.3,,,
9104467908,Stanley Quencher H2.0 Rosa 40oz,31.5,1780764731,2026-06-16 05:50:40,2026-06-17 18:59:38,disappeared,2026-07-02 07:07:49,614.3,385.3,,,
9106461890,"Stanley Quencher H2.0 FlowState Tumbler 0,88L Pistachio Neuf",42.99,1780779695,2026-06-16 05:50:40,2026-07-04 06:34:57,active,,,,Stanley,,
9122095654,Stanley cup,30.0,1780930511,2026-06-16 05:50:40,2026-07-04 06:34:57,active,,,,Stanley,,
9117043302,"Stanley Cup Tumbler Quencher H2.0 1,9 Liter",35.0,1780864027,2026-06-16 05:50:40,2026-06-17 18:59:38,disappeared,2026-07-02 07:07:49,586.7,385.3,,,
9119548495,Stanley,33.0,,2026-06-16 05:50:40,2026-06-16 05:50:40,disappeared,2026-06-17 12:30:23,,30.7,,,
9104722213,Gourde Stanley cup tumbler,27.0,1780766250,2026-06-16 05:50:40,2026-06-17 18:59:38,disappeared,2026-07-02 07:07:49,613.8,385.3,,,
9094106864,Stanley Quencher H2.0 Rosa 40oz,31.5,,2026-06-16 05:50:40,2026-06-16 05:50:40,disappeared,2026-06-17 12:30:23,,30.7,,,
9097688952,"Stanley Quencher H2.0 Tumbler 1,18 l – Neu",40.0,1780692513,2026-06-16 05:50:40,2026-06-17 18:59:38,disappeared,2026-07-02 07:07:49,634.3,385.3,,,
9104489338,Stanley Quencher H2.0 Rosa 40oz,32.0,,2026-06-16 05:50:40,2026-06-16 05:50:40,disappeared,2026-06-17 12:30:23,,30.7,,,
9093247132,"Stanley Quencher H2.0 40oz 1,18L Disney Rosa Stitch Ariel Jasmine Campanilla Nue",70.0,1780661774,2026-06-16 05:50:40,2026-06-17 18:59:38,disappeared,2026-07-02 07:07:49,642.9,385.3,,,
9106317995,"Stanly ProTour Flip Straw Tumbler , 1.18L NEU Blossoum",70.0,,2026-06-16 05:50:40,2026-06-16 05:50:40,disappeared,2026-06-17 12:30:23,,30.7,,,
9106114015,2 x Quencher H2.O Flowstate Tumbler | 0.59L,55.0,1781526540,2026-06-16 05:50:40,2026-06-17 18:59:38,disappeared,2026-07-02 07:07:49,402.6,385.3,,,
9141058486,Séparateur de boissons 2 en 1 en silicone 2 en 1 avec pailles en acier inoxydabl,5.0,1781114823,2026-06-16 05:50:40,2026-07-04 06:34:57,active,,,,Amazon,,
9096471761,Stanley Quencher Thermobecher in Beige/Sand zu verkaufen.,20.0,1780682800,2026-06-16 05:50:40,2026-06-17 18:59:38,disappeared,2026-07-02 07:07:49,637.0,385.3,,,
9092034654,Stanley -The Flowstate Quencher - LoveShackFancy,64.0,1780653236,2026-06-16 05:50:40,2026-06-17 18:59:38,disappeared,2026-07-02 07:07:49,645.2,385.3,,,
9111851525,"Stanley 1913 Cup, Isolierbecher",40.0,1780839848,2026-06-16 05:50:40,2026-07-04 06:34:57,active,,,,Stanley,,
9082225644,"Neu! 1,18 Liter Stanley Quencher Flow State Tumbler  Orange Cream",35.0,1780555129,2026-06-16 05:50:40,2026-06-17 18:59:38,disappeared,2026-07-02 07:07:49,672.5,385.3,,,
9105422828,Nuevo con etiqueta - Vaso Stanley Menta Quencher Tumbler 20 oz,70.0,1780770866,2026-06-16 05:50:40,2026-07-04 06:34:57,active,,,,Stanley,,
9103717994,Stanley Quencher 1.18L,25.0,1780760580,2026-06-16 05:50:40,2026-06-17 18:59:38,disappeared,2026-07-02 07:07:49,615.4,385.3,,,
9106142447,"Neu Stanley Quencher H2.0 Tumbler Becher Edelstahl 1,2 Liter",38.0,1780776443,2026-06-16 05:50:40,2026-06-17 18:59:38,disappeared,2026-07-02 07:07:49,611.0,385.3,,,
9106341496,NEW Stanley Quencher H2.0 FlowState Tumbler 40oz 1.18L Blue Spruce,42.0,1780778365,2026-06-16 05:50:40,2026-06-17 18:59:38,disappeared,2026-07-02 07:07:49,610.5,385.3,,,
9100550844,Stanley 1913 Quencher H2.0 FlowState Tumbler 1.2L,35.0,1780743091,2026-06-16 05:50:40,2026-06-17 18:59:38,disappeared,2026-07-02 07:07:49,620.3,385.3,,,
9094081123,Stanley Quencher H2.0 Rosa 40oz,31.5,,2026-06-16 05:50:40,2026-06-16 05:50:40,disappeared,2026-06-17 12:30:23,,30.7,,,
9034741892,"Stanley Quencher H2.0 – 40 oz 1,18 L – Coloris Blanc Cream",30.0,1780066560,2026-06-16 05:50:40,2026-07-04 06:34:57,active,,,,Stanley,,40oz white
9106312839,Gobelet isotherme Stanley,40.0,1780778072,2026-06-16 05:50:40,2026-06-17 18:59:38,disappeared,2026-07-02 07:07:49,610.6,385.3,,,
9100371857,Stanley Quencher H2.0 FlowState Tumbler 1.2L,35.0,1780742007,2026-06-16 05:50:40,2026-06-17 18:59:38,disappeared,2026-07-02 07:07:49,620.6,385.3,,,
9127998627,Groene RVS thermosbeker 600 ml,4.0,1781000007,2026-06-16 05:50:40,2026-07-04 06:34:57,active,,,,,,
9092926343,Stanley Quencher H2.0 FlowState Tumbler 1.18 Purple,25.0,1780659563,2026-06-16 05:50:40,2026-06-17 18:59:38,disappeared,2026-07-02 07:07:49,643.5,385.3,,,
9070505228,"Stanley Quencher 1,18L blanc avec paille",30.0,1780418269,2026-06-16 05:50:40,2026-06-17 18:59:38,disappeared,2026-07-02 07:07:49,710.5,385.3,,,
9093225796,"Stanley Quencher H2.0 FlowState 40oz 1,18L Stitch Rosa | Termo Vaso Térmico con ",75.0,1780661628,2026-06-16 05:50:40,2026-06-17 18:59:38,disappeared,2026-07-02 07:07:49,642.9,385.3,,,
9128308734,Robe pailletée,50.0,,2026-06-16 05:50:40,2026-06-16 05:50:40,disappeared,2026-06-17 12:30:23,,30.7,,,
9099622365,Mug termico Stanley,35.0,1780737425,2026-06-16 05:50:40,2026-06-17 18:59:38,disappeared,2026-07-02 07:07:49,621.8,385.3,,,
9064046030,"Lot de deux dessous antidérapant pour Stanley 0,8L",3.99,1780344716,2026-06-16 05:50:40,2026-07-03 12:20:39,disappeared,2026-07-04 06:34:57,778.4,432.7,Stanley,,
9062408905,"Stanley Quencher H2.0 FlowState Tumbler 40 oz / 1,18 L – Neuf",40.0,1780334888,2026-06-16 05:50:40,2026-06-17 18:59:38,disappeared,2026-07-02 07:07:49,733.7,385.3,,,
9099473728,Stanley CUP NEU 1.18L,35.0,,2026-06-16 05:50:40,2026-06-17 12:30:23,disappeared,2026-06-17 13:10:37,,31.3,,,
9077398009,Stanley Quencher ProTour Vaso Rosa,39.0,1780495151,2026-06-16 05:50:40,2026-06-17 18:59:38,disappeared,2026-07-02 07:07:49,689.1,385.3,,,
9088684744,Stanley All Day Quencher Carry-All,25.0,1780597035,2026-06-16 05:50:40,2026-06-17 18:59:38,disappeared,2026-07-02 07:07:49,660.8,385.3,,,
9097829321,Stanley Quencher H2.0,30.0,1780694281,2026-06-16 05:50:40,2026-06-17 18:59:38,disappeared,2026-07-02 07:07:49,633.8,385.3,,,
9064736774,Stanley Quencher,14.0,1780354495,2026-06-16 05:50:40,2026-07-04 06:34:57,active,,,,Stanley,,
9083585031,Stanley 30 oz Quencher Carry All Tasche,30.0,1780567001,2026-06-16 05:50:40,2026-06-17 18:59:38,disappeared,2026-07-02 07:07:49,669.2,385.3,,,
9090993344,Stanley Quencher H2.0 FlowState Tumbler,25.0,1780642510,2026-06-16 05:50:40,2026-07-04 06:34:57,active,,,,Stanley,,
9068497772,Stanley Quencher H2.0 Fluted Tumbler,50.0,1780406633,2026-06-16 05:50:40,2026-07-04 06:34:57,active,,,,Stanley,,
9060909214,"Stanley Quencher H2.0 FlowState  1,18l",48.0,1780326444,2026-06-16 05:50:40,2026-06-17 18:59:38,disappeared,2026-07-02 07:07:49,736.0,385.3,,,
9088113582,Stanley 1913 Quencher H2.0 Flowstate Trinkflasche,30.0,1780593657,2026-06-16 05:50:40,2026-06-17 18:59:38,disappeared,2026-07-02 07:07:49,661.8,385.3,,,
9077241810,Stanley Cup Quencher spring blossom,80.0,1780494176,2026-06-16 05:50:40,2026-06-17 18:59:38,disappeared,2026-07-02 07:07:49,689.4,385.3,,,
9122975486,The North Face polaire noire zip col montant femme M,35.0,,2026-06-16 05:50:40,2026-06-16 05:50:40,disappeared,2026-06-17 12:30:23,,30.7,,,
9049421539,Stanley Quencher – Bordeaux/Lila,18.0,1780229598,2026-06-16 05:50:40,2026-07-04 06:34:57,active,,,,Stanley,,
9056087783,"Stanley Quencher H2.0 Tumbler - 30 oz (0,88 L) - Violet et Pêche",48.0,1780264356,2026-06-16 05:50:40,2026-07-03 12:20:39,disappeared,2026-07-04 06:34:57,800.7,432.7,Stanley,,30oz purple
9085687231,Stanley Quencher H2.0 FlowState crème,50.0,1780853373,2026-06-16 05:50:40,2026-07-04 06:34:57,active,,,,Stanley,,
9074001714,NEU Stanley Quencher H2.0 Tumbler Trinkbecher mit Strohhalm,35.0,,2026-06-16 05:50:40,2026-06-16 05:50:40,disappeared,2026-06-17 12:30:23,,30.7,,,
9063944390,Stanley Quencher H2.0 FlowState Tumbler 0.89L,20.0,1780343959,2026-06-16 05:50:40,2026-06-17 18:59:38,disappeared,2026-07-02 07:07:49,731.1,385.3,,,
9053316035,Stanley Isolierbecher,30.0,1780246815,2026-06-16 05:50:40,2026-06-17 18:59:38,disappeared,2026-07-02 07:07:49,758.1,385.3,,,
9079208976,"Stanley 1913 The Quencher H2.0 FlowState Tumbler 1,18 L – Flieder",25.0,1780506077,2026-06-16 05:50:40,2026-06-17 18:59:38,disappeared,2026-07-02 07:07:49,686.1,385.3,,,
9061684169,Stanley The Quencher H2.0 FlowState Tumbler 40 oz - Periwinkle Blue,34.0,1780330827,2026-06-16 05:50:40,2026-06-17 18:59:38,disappeared,2026-07-02 07:07:49,734.8,385.3,,,
9075854495,"Gourde Stanley Quencher 1,18L Rose – NEUVE avec étiquette + paille neuve",40.0,1780485060,2026-06-16 05:50:40,2026-07-03 12:20:39,disappeared,2026-07-04 06:34:57,739.4,432.7,Stanley,,1.18l pink
9068325723,Stanley neuve,50.0,1780405583,2026-06-16 05:50:40,2026-07-04 06:34:57,active,,,,Stanley,,
9083249547,Stanley,13.0,1780564802,2026-06-16 05:50:40,2026-06-17 18:59:38,disappeared,2026-07-02 07:07:49,669.8,385.3,,,
9079621424,"Gourde Stanley H2.0 Cherry Blossom 1,18 L NEUVE",45.0,1780508522,2026-06-16 05:50:40,2026-07-04 06:34:57,active,,,,Stanley,,
9079226841,Stanley quencher,50.0,1780506181,2026-06-16 05:50:40,2026-07-04 06:34:57,active,,,,Stanley,,
9077834833,"Stanley Tumbler mintgroen 1,18L",25.0,,2026-06-16 05:50:40,2026-06-16 05:50:40,disappeared,2026-06-17 12:30:23,,30.7,,,
9073473004,Stanley 40oz quencher carry-all,25.0,1780443753,2026-06-16 05:50:40,2026-07-04 06:34:57,active,,,,Stanley,,
9052977653,Stanley Quencher 1.18L,40.0,1780245337,2026-06-16 05:50:40,2026-07-04 06:34:57,active,,,,Stanley,,
9074869140,Stanley Carry All,30.0,1780478069,2026-06-16 05:50:40,2026-07-04 06:34:57,active,,,,Stanley,,
9031676838,Stanley Quencher H2.0,39.0,1780043285,2026-06-16 05:50:40,2026-06-17 18:59:38,disappeared,2026-07-02 07:07:49,814.7,385.3,,,
9035341701,"Stanley LoveShackFancy Quencher H2.0 FlowState Becher 1,18l",66.0,1780070725,2026-06-16 05:50:40,2026-07-03 12:20:39,disappeared,2026-07-04 06:34:57,854.5,432.7,Stanley,,
9070583503,Hello Kitty stanley cup,45.0,1780483225,2026-06-16 05:50:40,2026-06-17 18:59:38,disappeared,2026-07-02 07:07:49,692.5,385.3,,,
9053087739,Stanley beker,35.0,,2026-06-16 05:50:40,2026-06-17 13:10:37,disappeared,2026-06-17 13:40:04,,31.8,,,
9095751993,Plateau snack pour gourde Stanley 40oz,5.0,1780677994,2026-06-16 05:50:40,2026-07-04 06:34:57,active,,,,Accessoires,,
9095139096,Plateau snack pour gourde Stanley 40oz,5.0,1780674123,2026-06-16 05:50:40,2026-07-04 06:34:57,active,,,,Accessories,,
9052062412,"Stanley Quencher H2.0 FlowState Tumbler 1,18 l Beige/Kupfer",23.0,1780241463,2026-06-16 05:50:40,2026-06-17 18:59:38,disappeared,2026-07-02 07:07:49,759.6,385.3,,,
9063218497,"Stanley Quencher H2.0 FlowState, Tumbler,Rosenquarz",40.0,1780339489,2026-06-16 05:50:40,2026-06-17 18:59:38,disappeared,2026-07-02 07:07:49,732.4,385.3,,,
9058005473,Stanley Quencher H2.0 FlowState Vacuum Insulated Stainless Steel Tumbler,45.0,1780307871,2026-06-16 05:50:40,2026-06-17 18:59:38,disappeared,2026-07-02 07:07:49,741.2,385.3,,,
9056926272,"Stanley Quencher H2.0 FlowState Tumbler 1,2 liter Scarlet Tinsel",42.0,1780298933,2026-06-16 05:50:40,2026-07-04 06:34:57,active,,,,Stanley,,
9013789147,Stanley Style Quencher 40oz electric yellow,28.0,1779820156,2026-06-16 05:50:40,2026-06-17 18:59:38,disappeared,2026-07-02 07:07:49,876.6,385.3,,,
9007144662,"Stanley Quencher H2.0 FlowState 40oz / 1,18L  Pink Red Edition",40.0,1779738821,2026-06-16 05:50:40,2026-06-17 18:59:38,disappeared,2026-07-02 07:07:49,899.2,385.3,,,
9050377646,Stanley Quencher – Petrol/Türkis,14.0,1780235665,2026-06-16 05:50:40,2026-06-17 18:59:38,disappeared,2026-07-02 07:07:49,761.2,385.3,,,
9030652653,"Stanley quencher 1,2l verde",30.0,1780012697,2026-06-16 05:50:40,2026-07-04 06:34:57,active,,,,Stanley,,1.2l green
9053185917,Stanley Quencher,40.0,1780246242,2026-06-16 05:50:40,2026-07-04 06:34:57,active,,,,Stanley,,
9053157418,Stanley Quencher,40.0,1780246117,2026-06-16 05:50:40,2026-07-04 06:34:57,active,,,,Stanley,,
9028843619,Stanley Cup 40oz Baby Pink Quencher Tumbler,24.0,1779991074,2026-06-16 05:50:40,2026-06-17 18:59:38,disappeared,2026-07-02 07:07:49,829.2,385.3,,,
9025463929,Stanley 40 oz Quencher H2.0 FlowState - Sour Grape (Lila Pastel),70.0,1779967361,2026-06-16 05:50:40,2026-07-04 06:34:57,active,,,,Stanley,,40oz purple
8957205362,Stanley Quencher H2.O Tumbler,28.0,1779201065,2026-06-16 05:50:40,2026-06-17 18:59:38,disappeared,2026-07-02 07:07:49,1048.6,385.3,,,
9034671677,Stanley 1913 Quencher H2.0,40.0,1780066069,2026-06-16 05:50:40,2026-06-17 18:59:38,disappeared,2026-07-02 07:07:49,808.3,385.3,,,
9028622611,Stanley Thermo Becher Flasche mit Strohhalm,30.0,1779989568,2026-06-16 05:50:40,2026-07-04 06:34:57,active,,,,Stanley,,
9043480403,Stanley quencher H2.0 FlowState Tumbler 1.2L,38.0,1780158767,2026-06-16 05:50:40,2026-06-17 18:59:38,disappeared,2026-07-02 07:07:49,782.6,385.3,,,
9032174634,"Stanley Quencher H2.0 FlowState 40 oz / 1,18 L –",40.0,1780047356,2026-06-16 05:50:40,2026-07-04 06:34:57,active,,,,Stanley,,
9015232643,Funda oara llevar vasos Stanley. Nuevo y práctico,30.0,1779835156,2026-06-16 05:50:40,2026-06-17 18:59:38,disappeared,2026-07-02 07:07:49,872.5,385.3,,,
9027942871,Termo 1.18L,45.0,1779984996,2026-06-16 05:50:40,2026-07-04 06:34:57,active,,,,Stanley,,
9005415021,Stanley Quencher H2.0 Flowstate,32.5,1779727808,2026-06-16 05:50:40,2026-06-17 18:59:38,disappeared,2026-07-02 07:07:49,902.3,385.3,,,
9025848914,Stanley 40 oz Quencher H2.0 FlowState - Sour Grape (Lila Pastel),70.0,1779970259,2026-06-16 05:50:40,2026-07-04 06:34:57,active,,,,Stanley,,40oz purple
8889809958,Stanley Quencher H2.O Tumbler,23.0,1778571336,2026-06-16 05:50:40,2026-06-17 18:59:38,disappeared,2026-07-02 07:07:49,1223.5,385.3,,,
9009389062,"Stanley Quencher H2.0 FlowState vaso térmico lila, 1,2L",34.0,1779787978,2026-06-16 05:50:40,2026-06-17 18:59:38,disappeared,2026-07-02 07:07:49,885.6,385.3,,,
9001481208,Garrafa Stanley Cup Quencher 1.2L cinza NOVA,27.0,1779705315,2026-06-16 05:50:40,2026-06-17 18:59:38,disappeared,2026-07-02 07:07:49,908.5,385.3,,,
8986276992,Stanley Quencher H2.0 Tumbler,30.0,1779538184,2026-06-16 05:50:40,2026-06-17 18:59:38,disappeared,2026-07-02 07:07:49,955.0,385.3,,,
9019086882,Tumbler Stanley 2.0 40oz,37.0,,2026-06-16 05:50:40,2026-06-17 12:30:23,disappeared,2026-06-17 13:10:37,,31.3,,,
9012192081,Halm Glashalm Strohhalm Stanley Becher Thermosbecher,2.0,1779809325,2026-06-16 05:50:40,2026-07-04 06:34:57,active,,,,Stanley,,
9020695904,Stanley’s Black Chroma collectie 30oz,50.0,1779901417,2026-06-16 05:50:40,2026-07-04 06:34:57,active,,,,Stanley,,30oz black
9057671190,Replacement Lid For Stanley Quencher,3.0,1780305531,2026-06-16 05:50:40,2026-06-17 18:59:38,disappeared,2026-07-02 07:07:49,741.8,385.3,,,
9007226278,"Stanley Quencher H2.0 FlowState Tumbler 40 oz (1,18L) - Morado",35.0,1779739460,2026-06-16 05:50:40,2026-06-17 18:59:38,disappeared,2026-07-02 07:07:49,899.1,385.3,,,
8969471707,Stanley Quencher H2.O FlowState Tumbler 40oz,25.0,1779322970,2026-06-16 05:50:40,2026-06-17 18:59:38,disappeared,2026-07-02 07:07:49,1014.7,385.3,,,
9012673704,Nueva con etiqueta - Stanley 40oz Quencher - Edición Limitada Purple,70.0,1779812563,2026-06-16 05:50:40,2026-06-17 18:59:38,disappeared,2026-07-02 07:07:49,878.8,385.3,,,
9008518800,Stanley Quencher Tumbler,25.0,1779779334,2026-06-16 05:50:40,2026-06-17 18:59:38,disappeared,2026-07-02 07:07:49,888.0,385.3,,,
8961430897,Stanley Quencher weiß 0.7,23.0,,2026-06-16 05:50:40,2026-06-16 05:50:40,disappeared,2026-06-17 12:30:23,,30.7,,,
9000834258,Stanley Cup - lila Glitzer,30.0,1779701491,2026-06-16 05:50:40,2026-06-17 18:59:38,disappeared,2026-07-02 07:07:49,909.6,385.3,,,
8933787658,"Stanley Quencher H2.0 FlowState Tumbler 1,19L Rose",20.0,1780725695,2026-06-16 05:50:40,2026-06-17 18:59:38,disappeared,2026-07-02 07:07:49,625.1,385.3,,,
8991971927,3 couvercles,10.0,1779613429,2026-06-16 05:50:40,2026-07-04 06:34:57,active,,,,Stanley,,
8981654798,Termo Standley azul,35.0,1779470007,2026-06-16 05:50:40,2026-07-04 06:34:57,active,,,,Stanley,,
9004195612,Termo stanley 1.8 ltrs,35.0,,2026-06-16 05:50:40,2026-06-16 05:50:40,disappeared,2026-06-17 12:30:23,,30.7,,,
8980144504,Stanley Cup Tumbler Thermo,46.0,1779458184,2026-06-16 05:50:40,2026-07-04 06:34:57,active,,,,Stanley,,
8980681182,Garrafa Stanley,38.0,1779572371,2026-06-16 05:50:40,2026-07-04 06:34:57,active,,,,Stanley,,
8938808219,Stanley Quencher H2.0 Tumbler (0.88L),35.0,1779026462,2026-06-16 05:50:40,2026-06-17 18:59:38,disappeared,2026-07-02 07:07:49,1097.1,385.3,,,
9001324791,Stanley cup the flowstate Quencher H2.0,47.0,1779704382,2026-06-16 05:50:40,2026-07-04 06:34:57,active,,,,Stanley,,
8952654624,Stanley Cup - Quencher H2.0 FlowState Tumbler,60.0,1779137260,2026-06-16 05:50:40,2026-07-04 06:34:57,active,,,,Stanley,,
8952279687,Stanley Quencher H2.0,35.0,1779134094,2026-06-16 05:50:40,2026-07-04 06:34:57,active,,,,Stanley,,
8986566831,Stanley Quencher,37.0,1779540258,2026-06-16 05:50:40,2026-07-04 06:34:57,active,,,,Stanley,,
8903619362,Gourde Stanley,20.0,1778694452,2026-06-16 05:50:40,2026-06-17 18:59:38,disappeared,2026-07-02 07:07:49,1189.3,385.3,,,
8988542157,Stanly kups,70.0,1779952078,2026-06-16 05:50:40,2026-07-03 12:20:39,disappeared,2026-07-04 06:34:57,887.4,432.7,Stanley,,
8983487150,Stanley Quencher Preto Original com palhinha,47.99,1779492956,2026-06-16 05:50:40,2026-07-04 06:34:57,active,,,,Stanley,,
9035788865,Occhiali da Sole Oakley,50.0,,2026-06-16 05:50:40,2026-06-17 12:30:23,disappeared,2026-06-17 13:10:37,,31.3,,,
8875806708,Gourde Stanley,20.0,1779038282,2026-06-16 05:50:40,2026-07-04 06:34:57,active,,,,Stanley,,
8921001357,"Stanley Quencher H20 1,18L",49.0,1778861374,2026-06-16 05:50:40,2026-07-04 06:34:57,active,,,,Stanley,,
8985504610,"Wunderschöner neuer Stanley 1,18 L",40.0,,2026-06-16 05:50:40,2026-06-16 05:50:40,disappeared,2026-06-17 12:30:23,,30.7,,,
8923486423,Arsenal  Stanley Cup 40oz / 1.18L Quencher® H2.0,48.0,1778879190,2026-06-16 05:50:40,2026-07-04 06:34:57,active,,,,Stanley,,
8942243787,Stanley x Starbucks Quencher Becher,95.0,1779039614,2026-06-16 05:50:40,2026-07-04 06:34:57,active,,,,Stanley,,
8962759657,Stanley Quencher H2.0 Tumbler,34.0,1779269244,2026-06-16 05:50:40,2026-07-04 06:34:57,active,,,,Stanley,,
8960070842,"Wie neu // Stanley Thermobecher Juniper grün gold 1,18l",45.0,1779218041,2026-06-16 05:50:40,2026-06-17 18:59:38,disappeared,2026-07-02 07:07:49,1043.9,385.3,,,
8968070196,Stanley Auto-Behälter,15.0,1779303271,2026-06-16 05:50:40,2026-06-17 16:00:55,disappeared,2026-06-17 18:59:38,672.1,37.1,,,
8964458313,Never used Stanley navy 1.2L Quencher,33.0,1779281178,2026-06-16 05:50:40,2026-06-17 18:59:38,disappeared,2026-07-02 07:07:49,1026.4,385.3,,,
8916604297,"Stanley Quencher 1,18 L Pink – wie neu",39.0,1778834161,2026-06-16 05:50:40,2026-07-04 06:34:57,active,,,,Stanley,,1.18l pink
9019215564,Vaso termico 1.2l azteco gourde isotherme  dupe water tumbler neuf brand new,15.0,1779891863,2026-06-16 05:50:40,2026-06-17 18:59:38,disappeared,2026-07-02 07:07:49,856.7,385.3,,,
8922828987,"NEU | Stanley Quencher H2.0 FlowState Tumbler | 1,2L (40 oz) | Mist / Mintblau",48.0,1778873015,2026-06-16 05:50:40,2026-07-04 06:34:57,active,,,,Stanley,,
8936633428,"Stanley Quencher H2.0 Flowstate Tumbler 1,18L Cream",49.0,1779017718,2026-06-16 05:50:40,2026-07-04 06:34:57,active,,,,Stanley,,1.18l cream
8959626303,Stanley Cup mit Henkel  – Rose Quartz,26.0,,2026-06-16 05:50:40,2026-06-16 05:50:40,disappeared,2026-06-17 12:30:23,,30.7,,,
8945137247,Stanley Quencher Jade Green,55.0,1779086848,2026-06-16 05:50:40,2026-07-04 06:34:57,active,,,,Stanley,,
8883966340,Gourde Authentique Stanley rose Cherry Blossom + paille rose offerte,40.0,1778504903,2026-06-16 05:50:40,2026-06-17 18:59:38,disappeared,2026-07-02 07:07:49,1242.0,385.3,,,
8868806280,Stanley The Flip Straw Quencher ProTour Tumbler Orchid Glimmer Flieder Lila Schi,24.0,1778355847,2026-06-16 05:50:40,2026-06-17 18:59:38,disappeared,2026-07-02 07:07:49,1283.4,385.3,,,
8952881217,"Stanley The FlowState Quencher H2.0 Tumbler 40 oz / 1,18 L Neu",50.0,1779140205,2026-06-16 05:50:40,2026-06-17 18:59:38,disappeared,2026-07-02 07:07:49,1065.5,385.3,,,
8932204597,Stanley Quencher H2.0 FlowState Tumbler 1.2L – Lilac,55.0,,2026-06-16 05:50:40,2026-06-16 05:50:40,disappeared,2026-06-17 12:30:23,,30.7,,,
8939576854,"Stanley Quencher H2.0 Tumbler 1,18 L",37.0,1779029332,2026-06-16 05:50:40,2026-06-17 18:59:38,disappeared,2026-07-02 07:07:49,1096.3,385.3,,,
9008692595,Vaso térmico Angel y stitch,14.0,1779781538,2026-06-16 05:50:40,2026-07-04 06:34:57,active,,,,Disney,,
8885473928,Stanley Quencher H2.0 Tumbler,48.0,1778513704,2026-06-16 05:50:40,2026-07-04 06:34:57,active,,,,Stanley,,
8874287243,Stanley Quencher Becher H2.0 1.2liter Trinkbecher Pfingstrose Tumbler pink Therm,59.0,1778419104,2026-06-16 05:50:40,2026-07-04 06:34:57,active,,,,Stanley,,
8115616505,"Stanley Quencher H2.0 FlowState 30oz (0,88L) crema",30.0,,2026-06-16 05:50:40,2026-06-17 18:59:38,disappeared,2026-07-02 07:07:49,,385.3,,,
8890613907,Stanley Quencher H2.0 Flowstate Tumbler thermosfles 1.18 L,37.99,1778578032,2026-06-16 05:50:40,2026-06-17 18:59:38,disappeared,2026-07-02 07:07:49,1221.7,385.3,,,
8890487745,Vaso Stanley Azul – 20 oz (591 ml) Nuevo sin caja,30.0,1778577131,2026-06-16 05:50:40,2026-07-04 06:34:57,active,,,,Stanley,,20oz blue
8838606662,Stanley Quencher H2.0 Tumbler,45.0,1778061581,2026-06-16 05:50:40,2026-07-04 06:34:57,active,,,,Stanley,,
8911218164,Stanley Becher,45.0,1778770422,2026-06-16 05:50:40,2026-07-04 06:34:57,active,,,,Stanley,,
8867303757,Stanley Cup Quencher H2.0 Tumbler 1.18L Neu mit Etikett,42.0,1778345456,2026-06-16 05:50:40,2026-07-04 06:34:57,active,,,,Stanley,,
8847281540,Stanley quencher Flowstate Tumb,32.0,1778149487,2026-06-16 05:50:40,2026-07-04 06:34:57,active,,,,Stanley,,
8838666249,Stanley Quencher H2.0 Tumbler,30.0,1778061976,2026-06-16 05:50:40,2026-07-04 06:34:57,active,,,,Stanley,,
8838583788,Stanley Quencher H2.0 Tumbler,38.0,1778061433,2026-06-16 05:50:40,2026-07-04 06:34:57,active,,,,Stanley,,
8873783301,Stanley Quencher H2.0 Flowstate Tumbler thermosfles 1.18 L,37.99,1778416819,2026-06-16 05:50:40,2026-06-17 16:00:55,disappeared,2026-06-17 18:59:38,918.3,37.1,,,
8891260333,Bottiglia termica Stanley the Quencher,35.0,1778582548,2026-06-16 05:50:40,2026-07-04 06:34:57,active,,,,Stanley,,
8856255861,Stanley Cup Quencher H2.O Flowstate Tumbler | 0.59L Hot Coral neuve,33.0,1778243305,2026-06-16 05:50:40,2026-07-04 06:34:57,active,,,,Stanley,,0.59l coral
8851390366,Stanley Quencher H2.0 Thumbler 40 Oz,39.99,1778176976,2026-06-16 05:50:40,2026-07-04 06:34:57,active,,,,Stanley,,
8869964275,"Country Gold ""Lainey Wilson"" von Stanley Cup",165.0,1778394000,2026-06-16 05:50:40,2026-07-04 06:34:57,active,,,,Stanley,,
8799060186,Gourde Stanley,25.0,1777699916,2026-06-16 05:50:40,2026-06-17 18:59:38,disappeared,2026-07-02 07:07:49,1465.6,385.3,,,
8992719022,Stanley Quencher H2.0 FlowState 40oz / 1.18L,40.0,1779617905,2026-06-16 05:50:40,2026-07-04 06:34:57,active,,,,Cute,,
8851441070,Stanley,31.0,1778177306,2026-06-16 05:50:40,2026-06-17 18:59:38,disappeared,2026-07-02 07:07:49,1333.0,385.3,,,
8920308822,Stanley Big Quencher Flowstate • Garrafa de água aço inoxidável - 1.18l !!,59.8,1778857465,2026-06-16 05:50:40,2026-07-04 06:34:57,active,,,,Stanley,,
8837009010,Stanley quencher H2.0 Tumbler,30.0,1778046321,2026-06-16 05:50:40,2026-07-04 06:34:57,active,,,,Stanley,,
8859678027,"Stanley Quencher H2.0 FlowState vaso térmico 1,2L Rose Quartz",34.0,1778264779,2026-06-16 05:50:40,2026-06-17 18:59:38,disappeared,2026-07-02 07:07:49,1308.7,385.3,,,
8791024767,Stanley Flowstate Quencher H2.0 Tumbler,33.0,1777621271,2026-06-16 05:50:40,2026-06-17 16:00:55,disappeared,2026-06-17 18:59:38,1139.3,37.1,,,
8906735218,Gourde Stanley,40.0,,2026-06-16 05:50:40,2026-06-16 05:50:40,disappeared,2026-06-17 12:30:23,,30.7,,,
8894377983,Stanley Quencher H2.0 FlowState Tumbler 1.2L,45.0,1778742478,2026-06-16 05:50:40,2026-07-04 06:34:57,active,,,,Stanley,,
8985556751,Oakley display one unit x metal support lunette,30.0,,2026-06-16 05:50:40,2026-06-16 05:50:40,disappeared,2026-06-17 12:30:23,,30.7,,,
8863551219,Quencher® ProTour Flip Straw Tumbler,50.0,1778323888,2026-06-16 05:50:40,2026-07-04 06:34:57,active,,,,Stanley,,
8806479597,Stanley Quencher FlipStraw,12.0,1777752671,2026-06-16 05:50:40,2026-07-04 06:34:57,active,,,,Stanley,,
8890464761,Stanley Lila – 30 oz (0.88 L) Nuevo sin caja,40.0,1778576964,2026-06-16 05:50:40,2026-07-04 06:34:57,active,,,,Stanley,,30oz purple
8865600119,Stanley mit Labubu,55.0,1778335807,2026-06-16 05:50:40,2026-07-04 06:34:57,active,,,,Stanley,,
8839843482,"Portabottiglie Stanley ""The All Day"" 40 oz Quencher Carry-All - Rose Quartz",40.0,1778069690,2026-06-16 05:50:40,2026-07-04 06:34:57,active,,,,Stanley,,40oz pink
8890448355,Vaso Stanley Azul – 30 oz (0.88 L) Nuevo sin caja,40.0,1778576843,2026-06-16 05:50:40,2026-07-04 06:34:57,active,,,,Stanley,,30oz blue
8947076847,Gourde Starbucks by Stanley,35.0,1779103202,2026-06-16 05:50:40,2026-06-17 18:59:38,disappeared,2026-07-02 07:07:49,1075.8,385.3,,,
8783479388,Stanley Quencher H2.0 Flowstate Tumbler 40oz Prosecco Shimmer,140.0,1781510235,2026-06-16 05:50:40,2026-06-17 18:59:38,disappeared,2026-07-02 07:07:49,407.2,385.3,,,
8848644261,"Stanley Quencher H2.0 Flowstate Tumbler 1,18 L Camel",50.0,1778159200,2026-06-16 05:50:40,2026-07-04 06:34:57,active,,,,Stanley,,1.18l brown
8880911579,Stanley (887 ml),28.0,1778481423,2026-06-16 05:50:40,2026-07-04 06:34:57,active,,,,Stanley,,
8728595548,Stanley licht roze 1.18l tumbler,28.0,1776946979,2026-06-16 05:50:40,2026-06-17 18:59:38,disappeared,2026-07-02 07:07:49,1674.7,385.3,,,
8864373658,Stanley Cup Orginal,45.0,1778328848,2026-06-16 05:50:40,2026-06-17 18:59:38,disappeared,2026-07-02 07:07:49,1290.9,385.3,,,
8858730218,"Stanley Quencher H2.0 Tumbler, 30 Oz, 0,88 l, Lila paars met roze",40.0,1778258577,2026-06-16 05:50:40,2026-07-04 06:34:57,active,,,,Stanley,,30oz purple
8850727485,Gourde Stanley Quencher 1.2L,40.0,1778172773,2026-06-16 05:50:40,2026-07-04 06:34:57,active,,,,Stanley,,
8855665529,"Stanley Cup Quencher 1,2L",35.0,1778239349,2026-06-16 05:50:40,2026-07-04 06:34:57,active,,,,Stanley,,
8854921841,Gourde Stanley 1.18L neuve,38.0,,2026-06-16 05:50:40,2026-06-17 13:10:37,disappeared,2026-06-17 13:40:04,,31.8,,,
8859266446,Stanley,33.0,,2026-06-16 05:50:40,2026-06-17 13:10:37,disappeared,2026-06-17 13:40:04,,31.8,,,
8947670418,Stanley Cup X Loveshackfancy,89.0,1779347278,2026-06-16 05:50:40,2026-07-04 06:34:57,active,,,,LoveShackFancy,Rose,
8835852730,"Stanley Cup The Quencher camel neu 1,18l H2.0 Tumbler",40.0,1778010557,2026-06-16 05:50:40,2026-07-04 06:34:57,active,,,,Stanley,,1.18l brown
8849581619,Original Stanley Cup Quencher H2.0 Glinda for good wicked ombre,70.0,1778165483,2026-06-16 05:50:40,2026-07-04 06:34:57,active,,,,Stanley,,
8770331871,"Stanley, Neu, The Flowstate, Quencher H2.0 Tumbler, Cream, Purina,Thermoflasche,",40.0,1777378841,2026-06-16 05:50:40,2026-07-04 06:34:57,active,,,,Stanley,,
8782871046,Stanley Quencher H2.0 in Plum,28.0,,2026-06-16 05:50:40,2026-06-16 05:50:40,disappeared,2026-06-17 12:30:23,,30.7,,,
8836733218,"Stanley All Day Quencher Carry-All für 1,18 Quencher Neu",35.0,1778023823,2026-06-16 05:50:40,2026-07-04 06:34:57,active,,,,Stanley,,
8946492745,Tragetasche für Stanley Cup (Größe 40 oz),7.0,1779099132,2026-06-16 05:50:40,2026-07-04 06:34:57,active,,,,,,
8948978416,Trinkbecher set 3 Stück,20.0,,2026-06-16 05:50:40,2026-06-17 12:30:23,disappeared,2026-06-17 13:10:37,,31.3,,,
8823834088,"Stanley Quencher 1,18 L, Tumbler",45.0,1777906800,2026-06-16 05:50:40,2026-07-04 06:34:57,active,,,,Stanley,,
8496471174,Stanley Quencher H2.0 FlowState Tumbler - 40 OZ (1.18 L) Lichtroze nieuwe met  p,33.99,1775673128,2026-06-16 05:50:40,2026-07-04 06:34:57,active,,,,Stanley,,
8823357895,"Stanley The Quencher H2.0 Flowstate Tumbler 1,2L",23.0,1777904472,2026-06-16 05:50:40,2026-06-17 18:59:38,disappeared,2026-07-02 07:07:49,1408.8,385.3,,,
8830193446,Stanley Quencher Cup NEU,45.0,1777976752,2026-06-16 05:50:40,2026-07-02 08:36:01,disappeared,2026-07-02 16:53:29,1398.5,395.0,Stanley,,
8301569572,Stanley Quencher H2.0 FlowStat  Tumbler - 1.18L (40oz,35.0,,2026-06-16 05:50:40,2026-06-17 18:59:38,disappeared,2026-07-02 07:07:49,,385.3,,,
8751923718,Stanley Quencher Tumbler 40oz,65.0,1777202959,2026-06-16 05:50:40,2026-07-04 06:34:57,active,,,,Stanley,,
8836739130,Stanley Cup x F4Y,50.0,1778242846,2026-06-16 05:50:40,2026-07-04 06:34:57,active,,,,Stanley,Noir,
8791671633,Coperchio borraccia stanley quencher 40oz,5.0,1777625887,2026-06-16 05:50:40,2026-06-17 18:59:38,disappeared,2026-07-02 07:07:49,1486.2,385.3,,,
8748950515,Stanley Quencher H2.0 40oz Tumbler Rose  Rosa,50.0,1777184022,2026-06-16 05:50:40,2026-07-04 06:34:57,active,,,,Stanley,,40oz pink
8743379559,Termo vaso Stanley 20 oz / 0.59L,40.0,1777117157,2026-06-16 05:50:40,2026-07-04 06:34:57,active,,,,Stanley,,
8775308613,Stanley Flip Straw Quencher ProTour Tumbler 20oz (591 ml) Schwarz,40.0,1777423691,2026-06-16 05:50:40,2026-07-03 12:20:39,disappeared,2026-07-04 06:34:57,1589.8,432.7,Stanley,,20oz black
8748944666,Stanley Quencher H2.0 40oz Tumbler Rose Quartz Stanley cup,50.0,1777184070,2026-06-16 05:50:40,2026-06-17 18:59:38,disappeared,2026-07-02 07:07:49,1608.9,385.3,,,
8737335303,Stanley quencher,53.0,1777041962,2026-06-16 05:50:40,2026-07-04 06:34:57,active,,,,Stanley,,
8822346386,Stanley Messi Quencher ProTour Flip Straw Tumbler,75.0,1777899354,2026-06-16 05:50:40,2026-07-04 06:34:57,active,,,,Stanley,,
8655357994,Stanley Quencher H2.0 FlowState Tumbler 1.18L (40oz) - NOVO,28.0,1776195549,2026-06-16 05:50:40,2026-06-17 18:59:38,disappeared,2026-07-02 07:07:49,1883.5,385.3,,,
8797596778,Stanley Cup Lila,45.0,1777819672,2026-06-16 05:50:40,2026-07-04 06:34:57,active,,,,Stanley,,
8737095136,Stanley Cup Quencher® H2.0 FlowState Tumbler 1.18 L Espresso Check NEU,189.0,1777040209,2026-06-16 05:50:40,2026-07-04 06:34:57,active,,,,Stanley,,
8807838257,"Stanley Quencher H2.0 Flowstate Tumbler 0,89L",35.0,1777794029,2026-06-16 05:50:40,2026-07-04 06:34:57,active,,,,Stanley,,
8781982253,Stanley Tumbler beker 1.2liter,40.0,1777488979,2026-06-16 05:50:40,2026-06-17 18:59:38,disappeared,2026-07-02 07:07:49,1524.2,385.3,,,
8749828029,Gobelet Stanley Quencher H2.O FlowState (0.89L / 30oz)  Neuf,50.0,1777192499,2026-06-16 05:50:40,2026-07-04 06:34:57,active,,,,Stanley,,
8538607061,Stanley Carry-All Tasche für 40 oz Quencher Rosa,30.0,1775036718,2026-06-16 05:50:40,2026-06-17 18:59:38,disappeared,2026-07-02 07:07:49,2205.4,385.3,,,
8701948627,Stanley Quecher H2.0 Flow State Tumbler,40.0,1776679616,2026-06-16 05:50:40,2026-07-04 06:34:57,active,,,,Stanley,,
8801868480,Limited Edition Stanley St. Patrick’s Day 2025,200.0,1777723317,2026-06-16 05:50:40,2026-07-04 06:34:57,active,,,,Stanley,,
8740072780,Stanley Cup Orginal,45.0,,2026-06-16 05:50:40,2026-06-16 05:50:40,disappeared,2026-06-17 12:30:23,,30.7,,,
8918389775,Zubehör Stanleycup Schutzhülle z.B. für Quencher,7.5,1778846359,2026-06-16 05:50:40,2026-07-04 06:34:57,active,,,,,,
8759693358,Brand new 40 oz Stanley cup,45.0,1777274090,2026-06-16 05:50:40,2026-07-04 06:34:57,active,,,,Stanley,,
8740045982,Stanley Cup Pink,45.0,1777231256,2026-06-16 05:50:40,2026-07-04 06:34:57,active,,,,Stanley,,
8665536153,Stanley Quencher,39.0,1776327089,2026-06-16 05:50:40,2026-07-04 06:34:57,active,,,,Stanley,,
8802283438,Stanley x Lionel Messi The GOAT Collection – Complete Set,900.0,1777725822,2026-06-16 05:50:40,2026-07-04 06:34:57,active,,,,Stanley,,
8651772393,"Stanley quencher - grote drinkbeker - 40 oz - 1,18 liter",29.92,1776174250,2026-06-16 05:50:40,2026-06-17 18:59:38,disappeared,2026-07-02 07:07:49,1889.4,385.3,,,
8730622113,Stanley Quencher flowstate tumbler gilded celadon,55.0,1777034555,2026-06-16 05:50:40,2026-07-04 06:34:57,active,,,,Stanley,,
8901005725,"Deux. Couvercles compatibles, Stanley",5.0,1778678995,2026-06-16 05:50:40,2026-07-04 06:34:57,active,,,,,,
8862547805,Quencher H 2.0 tumbler,12.5,1778317773,2026-06-16 05:50:40,2026-07-04 06:34:57,active,,,,merkloos,,
8767355276,Stanley,45.0,1777334002,2026-06-16 05:50:40,2026-07-04 06:34:57,active,,,,Stanley,,
8548236255,"Stanley Quencher H2.0 Tumbler 1,18L schwarz – neu",38.0,1775136687,2026-06-16 05:50:40,2026-07-04 06:34:57,active,,,,Stanley,,1.18l black
8903041089,Kit 2 Tampas Antivazamento Stanley Quencher 40oz (1.2L) - Novas,7.0,1778691053,2026-06-16 05:50:40,2026-07-04 06:34:57,active,,,,Universal,,
8766977053,"botella Stanley roja – tamaño grande (1,18 L / 40 oz)",50.0,1777397215,2026-06-16 05:50:40,2026-06-17 18:59:38,disappeared,2026-07-02 07:07:49,1549.7,385.3,,,
8890154456,"Stanley Quencher Grosse Isolierflasche, Trinkflasche, Thermobecher",15.0,1778574573,2026-06-16 05:50:40,2026-07-04 06:34:57,active,,,,Thermos,,
8725864259,"Stanley Quencher H2.0 FlowState 1.2L Thermal Water Bottle, Pink",34.0,1776921650,2026-06-16 05:50:40,2026-06-17 18:59:38,disappeared,2026-07-02 07:07:49,1681.8,385.3,,,
8652741919,"Stanley Quencher H2.0 Tumbler 0,88LLimited Edition Aprcot Palms",45.0,1776179955,2026-06-16 05:50:40,2026-07-04 06:34:57,active,,,,Stanley,,
8764713007,Neu Stanley Cup Lila Flieder,40.0,1777308426,2026-06-16 05:50:40,2026-06-17 18:59:38,disappeared,2026-07-02 07:07:49,1574.3,385.3,,,
8638173808,Stanley Quencher H2.O Tumbler LILAC,36.0,1778257070,2026-06-16 05:50:40,2026-07-04 06:34:57,active,,,,Stanley,,
8740817735,Stanley Quencher Becher new,30.0,1777398368,2026-06-16 05:50:40,2026-07-04 06:34:57,active,,,,Stanley,,
8688502735,"Stanley Quencher H2.0 FlowState Tumbler 0,9 L – Wie NEU!",30.0,1776543729,2026-06-16 05:50:40,2026-06-17 16:00:55,disappeared,2026-06-17 18:59:38,1438.6,37.1,,,
8698898079,Stanley Cup Lila,45.0,1777132722,2026-06-16 05:50:40,2026-07-04 06:34:57,active,,,,Stanley,,
8874762830,Support sur pied pour tablette et smartphone réglable – Très bon état,19.0,,2026-06-16 05:50:40,2026-06-16 05:50:40,disappeared,2026-06-17 12:30:23,,30.7,,,
8670207896,Botella de Stanley,40.0,1776368681,2026-06-16 05:50:40,2026-07-04 06:34:57,active,,,,Stanley,,
8710962635,"Stanley Quencher H2.0 FlowState Tumbler - 0,89 L- Thermobecher / Trinkflasche",32.0,1776766050,2026-06-16 05:50:40,2026-06-17 18:59:38,disappeared,2026-07-02 07:07:49,1725.0,385.3,,,
8646059544,XL Stanley Quencher H2.0 Tumbler 40oz / 1.18L Red – FlowState Lid,39.0,1776489645,2026-06-16 05:50:40,2026-07-04 06:34:57,active,,,,Stanley,,40oz red
8386835192,All Day Quencher Carry-All Stanley,28.0,1775205367,2026-06-16 05:50:40,2026-07-04 06:34:57,active,,,,Stanley,Rose,
8732059500,Stanley Cup Lila,45.0,1777199050,2026-06-16 05:50:40,2026-06-17 18:59:38,disappeared,2026-07-02 07:07:49,1604.7,385.3,,,
8873453562,Stanley Cup Trage Henkel Quencher,4.0,1778415318,2026-06-16 05:50:40,2026-07-04 06:34:57,active,,,,,,
8654529906,Stanley Cup Creamfarben,45.0,1776624332,2026-06-16 05:50:40,2026-06-17 18:59:38,disappeared,2026-07-02 07:07:49,1764.4,385.3,,,
7807703851,Nuevo con etiqueta - 🖤 Stanley 20oz Quencher H2.0 - Black Matte | Clásico,55.0,,2026-06-16 05:50:40,2026-06-17 18:59:38,disappeared,2026-07-02 07:07:49,,385.3,,,
8715242459,"Stanley Tumbler 14 oz, Wild imagination, Flow state, Iris Blue",19.0,,2026-06-16 05:50:40,2026-06-17 12:30:23,disappeared,2026-06-17 13:10:37,,31.3,,,
8526177339,Stanley Quencher H2.0 tumbler metallic groen Vaderdag kado,37.0,1774887919,2026-06-16 05:50:40,2026-07-04 06:34:57,active,,,,Stanley,,
8442142587,"Stanley Quencher 40 oz / 1,18 l",30.0,1774029133,2026-06-16 05:50:40,2026-06-17 18:59:38,disappeared,2026-07-02 07:07:49,2485.3,385.3,,,
8490435972,Stanley The Quencher H2.O,45.0,1774540000,2026-06-16 05:50:40,2026-06-17 18:59:38,disappeared,2026-07-02 07:07:49,2343.4,385.3,,,
8700501169,Stanley quencher H2.0 FlowState Tumbler 1.2L,50.0,1776884396,2026-06-16 05:50:40,2026-07-04 06:34:57,active,,,,Stanley,Crème,stanley 1.2l crème
8673599815,Stanley Quencher H2.0 FlowState,30.0,1776414283,2026-06-16 05:50:40,2026-07-04 06:34:57,active,,,,Stanley,,
8705377527,Nuevo con etiqueta - 🥰 Stanley Quencher Tumble - 40oz Original,70.0,1776884397,2026-06-16 05:50:40,2026-06-17 18:59:38,disappeared,2026-07-02 07:07:49,1692.1,385.3,Stanley,Corail,stanley 40oz corail
8688763858,Gourde Stitch,13.0,1776873673,2026-06-16 05:50:40,2026-06-17 16:00:55,disappeared,2026-06-17 18:59:38,1347.0,37.1,,,
8704370426,Stanley 1913 h.02,38.0,1776692178,2026-06-16 05:50:40,2026-06-17 18:59:38,disappeared,2026-07-02 07:07:49,1745.5,385.3,,,
8324821789,SALE! Stanley Quencher Protour 30oz Buttergloss,50.0,,2026-06-16 05:50:40,2026-06-17 18:59:38,disappeared,2026-07-02 07:07:49,,385.3,,,
8637395056,Stanley Cup Orginal,45.0,1777132766,2026-06-16 05:50:40,2026-07-04 06:34:57,active,,,,Stanley,,
8840049644,Large Pink Tumbler Cup with Silicone Snack Holder Travel Drink Cup,5.99,,2026-06-16 05:50:40,2026-06-16 05:50:40,disappeared,2026-06-17 12:30:23,,30.7,,,
8648519218,"Stanley Cup Becher 0,9l NEU beige/creme Quencher H2.0 Tumbler",40.0,1776152107,2026-06-16 05:50:40,2026-07-04 06:34:57,active,,,,Stanley,,0.9l cream
8661801268,Stanley Cup Orginal,45.0,1776624539,2026-06-16 05:50:40,2026-07-02 16:53:29,disappeared,2026-07-03 12:20:39,1793.5,414.5,Stanley,,
8607838018,Termo Quencher 40oz Stanley,25.0,1775756327,2026-06-16 05:50:40,2026-07-04 06:34:57,active,,,,Stanley,,
8514388934,Stanley Quencher 40oz pink parade,50.0,1774790486,2026-06-16 05:50:40,2026-06-17 18:59:38,disappeared,2026-07-02 07:07:49,2273.8,385.3,,,
8573581430,Stanley Cup grün Quencher Soft-Matte-Kollektion NEU,35.0,1776926523,2026-06-16 05:50:40,2026-06-17 18:59:38,disappeared,2026-07-02 07:07:49,1680.4,385.3,,,
8378151013,Gourde stanley,29.99,,2026-06-16 05:50:40,2026-06-17 18:59:38,disappeared,2026-07-02 07:07:49,,385.3,,,
8595492570,Stanley verdadeira,40.0,,2026-06-16 05:50:40,2026-06-16 05:50:40,disappeared,2026-06-17 12:30:23,,30.7,,,
8661760615,Stanley Cup rosa,45.0,1777660616,2026-06-16 05:50:40,2026-07-02 16:53:29,disappeared,2026-07-03 12:20:39,1505.7,414.5,Stanley,,
8578846024,"Grande gourde Stanley 1,2l the Quencher grisbclair neuve",35.0,1775475248,2026-06-16 05:50:40,2026-06-17 18:59:38,disappeared,2026-07-02 07:07:49,2083.6,385.3,,,
8638153024,Stanley Cup,45.0,1776624351,2026-06-16 05:50:40,2026-07-04 06:34:57,active,,,,Stanley,,
8849911889,Étui pivotant Monadnock pour Tonfa/Control Device,25.0,,2026-06-16 05:50:40,2026-06-16 05:50:40,disappeared,2026-06-17 12:30:23,,30.7,,,
8640939846,Stanley,33.0,1777792077,2026-06-16 05:50:40,2026-07-02 07:07:49,disappeared,2026-07-02 08:36:01,1441.5,386.8,Stanley,Noir,
8440903593,"Original Stanley Quencher H2.0 FlowState Tumbler  1,18 Liter",45.0,1776332100,2026-06-16 05:50:40,2026-07-04 06:34:57,active,,,,Stanley,,
8840453907,Canyon Gear Groove SPC+ Connect Mount,9.0,,2026-06-16 05:50:40,2026-06-16 05:50:40,disappeared,2026-06-17 12:30:23,,30.7,,,
8441525170,Stanley,35.0,1774024754,2026-06-16 05:50:40,2026-06-17 18:59:38,disappeared,2026-07-02 07:07:49,2486.5,385.3,,,
8471871813,Termo. Quencher H2.0 Tumbler.,30.0,1774347089,2026-06-16 05:50:40,2026-07-04 06:34:57,active,,,,Stanley,,
8375159891,Stanley Cup quencher,23.0,1775205368,2026-06-16 05:50:40,2026-07-04 06:34:57,active,,,,Stanley,Noir,
8586699016,Borraccia Stanley,45.0,1777792088,2026-06-16 05:50:40,2026-07-03 12:20:39,disappeared,2026-07-04 06:34:57,1487.4,432.7,Stanley,Rose,
8633697708,Borraccia,45.0,1776004736,2026-06-16 05:50:40,2026-07-04 06:34:57,active,,,,Stanley,,
8591861356,Borraccia Stanley,40.0,1776335735,2026-06-16 05:50:40,2026-07-04 06:34:57,active,,,,Stanley,,
8601670818,Copo Stanley 1.18L,45.0,1775695086,2026-06-16 05:50:40,2026-07-04 06:34:57,active,,,,Stanley,,
8577644359,Stanley 1913 x LoveShackFancy Quencher H2.0 FlowState Tumbler | 1.18L/ 40oz | OV,110.0,1776705122,2026-06-16 05:50:40,2026-06-17 18:59:38,disappeared,2026-07-02 07:07:49,1741.9,385.3,,,
8529623232,Stanley Quencher H2.0 Tumbler,40.0,1774941713,2026-06-16 05:50:40,2026-07-04 06:34:57,active,,,,Stanley,,
8606591369,N 2 coperchi di ricambio bicchieri borracce,7.0,1775749108,2026-06-16 05:50:40,2026-07-04 06:34:57,active,,,,Stanley,,
8520042045,Stanley Loveshack Fancy Tumbler,70.0,1774815783,2026-06-16 05:50:40,2026-06-17 18:59:38,disappeared,2026-07-02 07:07:49,2266.7,385.3,,,
8359443177,Stanley Quencher Pro Tour 40oz Cornflower gloss,80.0,,2026-06-16 05:50:40,2026-06-17 18:59:38,disappeared,2026-07-02 07:07:49,,385.3,,,
8769873791,Couvercles et Pailles pour Stanley Cup 40oz - Lot de 2 + Goupillons,8.0,1777375743,2026-06-16 05:50:40,2026-07-04 06:34:57,active,,,,,,
8798418878,Zubehör Stanleycup Schutzhülle z.B. für Quencher,7.5,1777728466,2026-06-16 05:50:40,2026-07-04 06:34:57,active,,,,,,
8542652385,Jarra Stanley,35.0,1775062703,2026-06-16 05:50:40,2026-07-04 06:34:57,active,,,,Stanley,,
8325294358,Stanley Quencher protour 40oz cream apricot gloss,80.0,,2026-06-16 05:50:40,2026-06-17 18:59:38,disappeared,2026-07-02 07:07:49,,385.3,,,
8340183145,Stanley Quencher H2.0 Tumbler 1.18L (40oz) con manico – originale,33.0,1775205368,2026-06-16 05:50:40,2026-07-04 06:34:57,active,,,,Stanley,Bleu,1.18l blue
8791356292,Drinkbeker carry case quilted cream Coconut Lane,10.0,1777623879,2026-06-16 05:50:40,2026-07-04 06:34:57,active,,,,COCONUT LANE,,
8529184869,Goblet Stanley Barbie,100.0,1774917963,2026-06-16 05:50:40,2026-07-04 06:34:57,active,,,,Stanley,,
8367597923,Termo Stanley,40.0,1775205370,2026-06-16 05:50:40,2026-07-04 06:34:57,active,,,,Stanley,Crème,
8526097233,Gourde style Stanley,12.0,,2026-06-16 05:50:40,2026-06-17 12:30:23,disappeared,2026-06-17 13:10:37,,31.3,,,
8223386767,"Stanley Quencher H2.0 Tumbler Flowstate 1,18l",45.0,1772613369,2026-06-16 05:50:40,2026-07-04 06:34:57,active,,,,Stanley,Noir,1.18l black
8798445712,Strohhalmschutz für Wasserflaschen z.B. Stanleycup 3 Stück,5.0,1780677553,2026-06-16 05:50:40,2026-07-04 06:34:57,active,,,,,,
7982342917,"Stanley Quencher H2.0 FlowState Tumbler 40 oz (1,18 L) Cream Gloss Neu",50.0,1770021375,2026-06-16 05:50:40,2026-07-04 06:34:57,active,,,,Stanley,Crème,40oz cream
8514120481,Stanley cup Love Shake Fancy,55.0,,2026-06-16 05:50:40,2026-06-16 05:50:40,disappeared,2026-06-17 12:30:23,,30.7,,,
8503965377,Stanley Labubu Quencher,98.0,1774700671,2026-06-16 05:50:40,2026-07-04 06:34:57,active,,,,Stanley,,
8398887051,Stanley cup Quencher rose quartz H2.O Flowstate,35.0,1775205376,2026-06-16 05:50:40,2026-07-04 06:34:57,active,,,,Stanley,Rose,
8505438681,Stanley Becher,200.0,1774708126,2026-06-16 05:50:40,2026-06-17 18:59:38,disappeared,2026-07-02 07:07:49,2296.7,385.3,,,
8434797825,🥤 Stanley Quencher H2.0 FlowState Tumbler – 1.2L NeW,35.0,1773940304,2026-06-16 05:50:40,2026-06-17 18:59:38,disappeared,2026-07-02 07:07:49,2509.9,385.3,,,
8271361188,Stanley,30.0,1772613376,2026-06-16 05:50:40,2026-07-04 06:34:57,active,,,,Stanley,Noir,
8447039109,"Stanley 1913 Quencher H2.0 Flowstate 1,2 L",55.0,1774101037,2026-06-16 05:50:40,2026-07-04 06:34:57,active,,,,Stanley,,
8422983405,Stanley Cup - Graue Trinkflasche,36.0,1773820714,2026-06-16 05:50:40,2026-07-04 06:34:57,active,,,,Stanley,,
8463449715,Stanley Quencher termo,35.0,1774256363,2026-06-16 05:50:40,2026-07-04 06:34:57,active,,,,Stanley,,
8429662522,Stanley Quencher Carry-All,30.0,1776815002,2026-06-16 05:50:40,2026-07-04 06:34:57,active,,,,Stanley,,
8440890940,Stanley Cup Quencher Tumblr,48.0,1774020263,2026-06-16 05:50:40,2026-07-04 06:34:57,active,,,,Stanley,,
8365439500,Gourde Stanley Quencher H2o tumbler neuf,33.0,,2026-06-16 05:50:40,2026-06-17 18:59:38,disappeared,2026-07-02 07:07:49,,385.3,,,
7814029479,Stanley x Labubu quencher h2.0,55.0,1767429377,2026-06-16 05:50:40,2026-07-04 06:34:57,active,,,,Stanley,Rose,
8382368268,Stanley Quencher 40oz Citron Speckled,80.0,,2026-06-16 05:50:40,2026-06-17 18:59:38,disappeared,2026-07-02 07:07:49,,385.3,,,
8334399098,"Stanley Quencher 1,18 l Limited Edition",59.0,1775305246,2026-06-16 05:50:40,2026-07-04 06:34:57,active,,,,Stanley,Vert,1.18l green
8437679757,Stanley Quencher 40oz Spellcast Pink halloween,100.0,1773995602,2026-06-16 05:50:40,2026-06-17 18:59:38,disappeared,2026-07-02 07:07:49,2494.6,385.3,,,
8079642412,Stanley Quencher Nuevo,39.0,1772613377,2026-06-16 05:50:40,2026-07-04 06:34:57,active,,,,Stanley,Jaune,
8303424157,"Gourde Stanley 1,18L noire Quencher Tumbler",35.0,,2026-06-16 05:50:40,2026-06-17 18:59:38,disappeared,2026-07-02 07:07:49,,385.3,,,
8397219620,Stanley,42.0,1775305246,2026-06-16 05:50:40,2026-07-04 06:34:57,active,,,,Stanley,Noir,
8405073915,Stanley quencher H2.0 Tumbler 1.18L,47.5,1775205382,2026-06-16 05:50:40,2026-07-04 06:34:57,active,,,,Stanley,Fuchsia,1.18l pink
8380244902,Stanley Quencher H2.0 FlowState Cup - Watercolour Blue - 40oz / 1.18L,45.0,1776677310,2026-06-16 05:50:40,2026-07-04 06:34:57,active,,,,Stanley,,40oz blue
8136604459,Stanley x Urban Outfitters Exklusiver Flowstate Quencher 40oz Tumbler Pfirsich,65.0,1772613383,2026-06-16 05:50:40,2026-07-04 06:34:57,active,,,,Stanley,Abricot,40oz abricot
8382354880,Stanley Quencher 40oz Wisteria,80.0,,2026-06-16 05:50:40,2026-06-17 18:59:38,disappeared,2026-07-02 07:07:49,,385.3,,,
8041192727,"Stanley Quencher h2.0 Tumbler 40 OZ 1,18 L",38.0,,2026-06-16 05:50:40,2026-06-17 18:59:38,disappeared,2026-07-02 07:07:49,,385.3,,,
8382093002,SALE! Stanley Quencher 40oz,48.0,,2026-06-16 05:50:40,2026-06-17 18:59:38,disappeared,2026-07-02 07:07:49,,385.3,,,
8593227353,DYLEN Auto Getränkehalter Expander + Handyhalter | perfekt für Stanley Cup,10.0,1775594609,2026-06-16 05:50:40,2026-07-04 06:34:57,active,,,,Universal,,
8324527944,Stanley Quencher 30oz Yarrow,60.0,,2026-06-16 05:50:40,2026-06-17 18:59:38,disappeared,2026-07-02 07:07:49,,385.3,,,
8382939819,Stanley Quencher 40oz Strawberry Twist - tumbler - drinkbeker,100.0,,2026-06-16 05:50:40,2026-06-17 18:59:38,disappeared,2026-07-02 07:07:49,,385.3,,,
8336953396,Mug Stanley,48.0,1775205383,2026-06-16 05:50:40,2026-07-04 06:34:57,active,,,,Stanley,Lila,
8042337963,Limited Edition Stanley x LoveShackFancy Quencher,70.0,,2026-06-16 05:50:40,2026-06-17 18:59:38,disappeared,2026-07-02 07:07:49,,385.3,,,
7430946124,Stanley cup 40oz Tumbler/Quencher,30.0,1762245383,2026-06-16 05:50:40,2026-07-04 06:34:57,active,,,,Stanley,Noir,40oz black
8364798515,Stanley Quencher Tumbler zwart – grote maat – met rietje,35.0,1775305246,2026-06-16 05:50:40,2026-07-04 06:34:57,active,,,,Stanley,Noir,
8002785031,"Stanley Cup Tumbler Quencher Kaffee Edelstahl 1,18 l je 35&",35.0,1770121247,2026-06-16 05:50:40,2026-07-04 06:34:57,active,,,,Stanley,Rose,1.18l pink
8219147683,Stanley quencher h2.0 1.2L rose quartz,30.0,1772713253,2026-06-16 05:50:40,2026-07-04 06:34:57,active,,,,Stanley,Rose,1.2l pink
8314204367,Cross Body Carry Strap 30 0z quencher Carry all Stanley,35.0,,2026-06-16 05:50:40,2026-06-16 05:50:40,disappeared,2026-06-17 12:30:23,,30.7,,,
7968507869,"Stanley Quencher FlowState 40oz (1,18 L) Hydrangea Neu",40.0,1770021386,2026-06-16 05:50:40,2026-07-04 06:34:57,active,,,,Stanley,Turquoise,40oz turquoise
8692683158,Manico a LED per bicchieri Stanley,10.0,1776598821,2026-06-16 05:50:40,2026-06-17 18:59:38,disappeared,2026-07-02 07:07:49,1771.5,385.3,,,
7897822186,Tazza termica modello Stanley Quencher H2.0 Flowstate.,10.0,,2026-06-16 05:50:40,2026-06-17 18:59:38,disappeared,2026-07-02 07:07:49,,385.3,,,
8334369010,SALE! Stanley Quencher 40oz Yarrow,70.0,,2026-06-16 05:50:40,2026-06-17 18:59:38,disappeared,2026-07-02 07:07:49,,385.3,,,
8175578336,Borraccia Stanley,35.0,1772613452,2026-06-16 05:50:40,2026-07-04 06:34:57,active,,,,Stanley,Blanc,
8299772493,Stanley Quencher H2.0 FlowState,40.0,1772713253,2026-06-16 05:50:40,2026-07-04 06:34:57,active,,,,Stanley,Lila,
8219201065,Stanley Quencher H2.0 1.2L Lupine,25.0,1772713256,2026-06-16 05:50:40,2026-07-04 06:34:57,active,,,,Stanley,Violet,1.2l purple
8191935096,Stanley quencher,14.5,1772613454,2026-06-16 05:50:40,2026-07-04 06:34:57,active,,,,Stanley,Beige,
8324678445,Stanley Quencher 40oz Candy Cane Twist,98.0,,2026-06-16 05:50:40,2026-06-17 18:59:38,disappeared,2026-07-02 07:07:49,,385.3,,,
7932133725,stanley flowstate H2.0 quencher 40oz limited edition ocean tie dye,40.0,,2026-06-16 05:50:40,2026-06-17 18:59:38,disappeared,2026-07-02 07:07:49,,385.3,,,
8323079819,Stanley The Quencher H2.0 Tumbler 1.18L,39.0,1775205456,2026-06-16 05:50:40,2026-07-04 06:34:57,active,,,,Stanley,Noir,1.18l black
8300751619,Stanley creme - NOVA,55.0,1775205457,2026-06-16 05:50:40,2026-07-04 06:34:57,active,,,,Stanley,Crème,
7944064085,Tragetasche Stanley 0.89L,27.0,1770021452,2026-06-16 05:50:40,2026-07-04 06:34:57,active,,,,Stanley,Fuchsia,0.89l pink
8327703917,"Stanley Quencher H2.0 FlowState / 1,18L/ Rot Gelb",38.0,1777133546,2026-06-16 05:50:40,2026-07-03 12:20:39,disappeared,2026-07-04 06:34:57,1670.4,432.7,Stanley,,1.18l red
8284811310,Cup stanley Tumbler,100.0,1772613459,2026-06-16 05:50:40,2026-07-04 06:34:57,active,,,,Stanley,Marron,
8281648163,Stanley Quencher H2O Tumbler 1.18 L Lila,44.99,1772613460,2026-06-16 05:50:40,2026-07-04 06:34:57,active,,,,Stanley,Lila,1.18l purple
8301777073,Stanley Thermobecher,35.0,,2026-06-16 05:50:40,2026-06-16 05:50:40,disappeared,2026-06-17 12:30:23,,30.7,,,
8313422771,"Stanley Quencher mint 1,18l",38.0,,2026-06-16 05:50:40,2026-06-17 14:31:51,disappeared,2026-06-17 16:00:55,,34.2,,,
8302817507,"Stanley Quencher 1,2 L",28.0,1772713256,2026-06-16 05:50:40,2026-07-04 06:34:57,active,,,,Stanley,Beige,1.2l cream
7415459016,Stanley cup 40oz Tumbler/Quencher,30.0,1762245463,2026-06-16 05:50:40,2026-07-04 06:34:57,active,,,,Stanley,Beige,40oz cream
8662813937,Lichtblauwe tumbler,5.0,,2026-06-16 05:50:40,2026-06-17 13:10:37,disappeared,2026-06-17 13:40:04,,31.8,,,
7931293836,"Stanley Quencher H2.0 40oz (1,18 L) Tumbler – Farbe Iris Blau – Neu",50.0,1770121256,2026-06-16 05:50:40,2026-07-04 06:34:57,active,,,,Stanley,Bleu,40oz blue
7753104173,Stanley 1913 x Holiday Quencher ProTour Ornament,38.5,1767429465,2026-06-16 05:50:40,2026-07-04 06:34:57,active,,,,Stanley,Blanc,
7969638093,Gourde Stanley,34.0,,2026-06-16 05:50:40,2026-06-17 18:59:38,disappeared,2026-07-02 07:07:49,,385.3,,,
8099155332,"Quencher Stanley kaki 1,18l",30.0,1772613464,2026-06-16 05:50:40,2026-07-04 06:34:57,active,,,,Stanley,Kaki,1.18l green
8295440305,"Stanley - The Quencher H2.0 Flowstate Tumbler | 1,2L",32.0,1772613467,2026-06-16 05:50:40,2026-07-04 06:34:57,active,,,,Stanley,Rose,1.2l pink
8267101914,Stanley Quencher H2.0 Blanc (Grand format),70.0,,2026-06-16 05:50:40,2026-06-17 18:59:38,disappeared,2026-07-02 07:07:49,,385.3,,,
8219179555,Stanley Quencher H2.0 1.2L Blue Spruce,30.0,1772643244,2026-06-16 05:50:40,2026-07-04 06:34:57,active,,,,Stanley,Marine,1.2l blue
8217485468,Stanley 40oz Quencher H2.0 Tumbler – Lilac – neu,30.0,1772613468,2026-06-16 05:50:40,2026-07-04 06:34:57,active,,,,Stanley,Lila,40oz purple
8305590230,Stanley Cup Creme 800 ml,40.0,1775205470,2026-06-16 05:50:40,2026-07-04 06:34:57,active,,,,Stanley,Crème,800ml cream
8162162306,Stanley,30.0,1772713261,2026-06-16 05:50:40,2026-07-04 06:34:57,active,,,,Stanley,Vert,
8657778846,Silikonmanschette für Stanley Tumbler Quencher,6.0,1776245381,2026-06-16 05:50:40,2026-07-04 06:34:57,active,,,,,,
8239832607,Stanley Quencher,38.0,,2026-06-16 05:50:40,2026-06-17 18:59:38,disappeared,2026-07-02 07:07:49,,385.3,,,
8098714134,Stanley,15.0,1772613535,2026-06-16 05:50:40,2026-07-04 06:34:57,active,,,,Stanley,Marine,
8097665897,Stanley Quencher Barbie,60.0,1772613539,2026-06-16 05:50:40,2026-07-04 06:34:57,active,,,,Stanley,Fuchsia,
8182548094,Stanley Quencher Cup,32.0,1772613537,2026-06-16 05:50:40,2026-07-04 06:34:57,active,,,,Stanley,Crème,
8252405303,Vaso Stanley rosa,45.0,1776436130,2026-06-16 05:50:40,2026-07-04 06:34:57,active,,,,Stanley,,
8131252079,Stanley Thermobecher,27.0,1772613540,2026-06-16 05:50:40,2026-07-04 06:34:57,active,,,,Stanley,Gris,
8251706061,Stanley Cup Quencher Barbie pink Limited Edition 1.18L,70.0,1772613537,2026-06-16 05:50:40,2026-07-04 06:34:57,active,,,,Stanley,Fuchsia,1.18l pink
7891032038,Copo térmico Verizon Connect Stanley Quencher H2.0 FlowState de 40 oz (branco),10.0,1770021543,2026-06-16 05:50:40,2026-07-04 06:34:57,active,,,,Stanley,Blanc,40oz white
8219712030,Gourde stanley,35.0,1772613545,2026-06-16 05:50:40,2026-07-02 16:53:29,disappeared,2026-07-03 12:20:39,2907.7,414.5,Stanley,Rose,
8191075248,Stanley neuve Quencher H2.0 Tumbler,40.0,1772613545,2026-06-16 05:50:40,2026-07-04 06:34:57,active,,,,Stanley,Beige,
7944657483,Stanley quencher 40oz,60.0,1770021547,2026-06-16 05:50:40,2026-07-04 06:34:57,active,,,,Stanley,Fuchsia,40oz pink
8176267957,Stanley Quencher 1.18l nuevo,34.99,1774629018,2026-06-16 05:50:40,2026-07-04 06:34:57,active,,,,Stanley,,
8639342958,Tragetasche mit becher,5.0,1776059830,2026-06-16 05:50:40,2026-07-03 12:20:39,disappeared,2026-07-04 06:34:57,1968.6,432.7,,,
7944604354,Stanley quencher 30oz,60.0,1770021548,2026-06-16 05:50:40,2026-07-04 06:34:57,active,,,,Stanley,Lila,30oz purple
8174444656,Stanley - The Quencher H2.0 Flowstate Tumbler | 40 OZ,38.0,1772613552,2026-06-16 05:50:40,2026-07-04 06:34:57,active,,,,Stanley,Noir,40oz black
7910878256,Stanley - the Original (quencher / gourde),25.0,,2026-06-16 05:50:40,2026-06-17 18:59:38,disappeared,2026-07-02 07:07:49,,385.3,,,
8160476569,"Gourde Stanley Quencher® H2.0 Tumbler The Flowstate - 40 OZ 1,18 L",39.95,1772613553,2026-06-16 05:50:40,2026-07-04 06:34:57,active,,,,Stanley,Crème,40oz cream
8464246921,Revlon Professional Thermo Cup,5.0,1774262390,2026-06-16 05:50:40,2026-07-04 06:34:57,active,,,,Revlon,,
8200112224,Stanley quencher,25.0,,2026-06-16 05:50:40,2026-06-17 18:59:38,disappeared,2026-07-02 07:07:49,,385.3,,,
8150876481,Stanley Quencher rosa 1.12L+ funda protectora incluida 💗,40.0,1772613552,2026-06-16 05:50:40,2026-07-04 06:34:57,active,,,,Stanley,Fuchsia,1.12l pink
8145467838,Stanley Quencher H2.0 40oz,42.99,1772613619,2026-06-16 05:50:40,2026-07-04 06:34:57,active,,,,Stanley,Noir,40oz black
8158555912,"Gobelet isotherme Gourde Quencher H2.0 FlowState 1,18 L Stanley Create
Lila Viol",35.0,1772613621,2026-06-16 05:50:40,2026-07-04 06:34:57,active,,,,Stanley,Lila,1.18l purple
7959218870,Quencher 1.18L,10.0,1770021623,2026-06-16 05:50:40,2026-07-04 06:34:57,active,,,,Stanley,Vert,1.18l green
8163793405,Stanley Quencher,40.0,1772613623,2026-06-16 05:50:40,2026-07-04 06:34:57,active,,,,Stanley,Vert,
7073382580,Stanley Quencher H2.0 FlowState Gobelet Isotherme,65.0,1759653622,2026-06-16 05:50:40,2026-07-04 06:34:57,active,,,,Stanley,Lila,
7890512916,Stanley The Quencher H2.0 FlowState Tumbler,42.5,1770021628,2026-06-16 05:50:40,2026-07-04 06:34:57,active,,,,Stanley,Rose,
8045973570,"Stanley Quencher H2.0 Tumbler – 40 oz / 1,18 L",45.0,1770021629,2026-06-16 05:50:40,2026-07-04 06:34:57,active,,,,Stanley,Beige,40oz cream
8140204590,Stanley fles,30.0,,2026-06-16 05:50:40,2026-06-17 13:10:37,disappeared,2026-06-17 13:40:04,,31.8,,,
7996611441,"Termo Stanley morado 0,6 litros",30.5,,2026-06-16 05:50:40,2026-06-16 05:50:40,disappeared,2026-06-17 12:30:23,,30.7,,,
8103173011,Stanley,29.0,,2026-06-16 05:50:40,2026-06-17 13:10:37,disappeared,2026-06-17 13:40:04,,31.8,,,
7796994272,Quencher H2.0 Stanley,35.0,1767429629,2026-06-16 05:50:40,2026-07-04 06:34:57,active,,,,Stanley,Noir,
8134290955,Stanley Becher,55.0,1772613630,2026-06-16 05:50:40,2026-07-04 06:34:57,active,,,,Stanley,Fuchsia,
7979629091,stanley quencher,38.0,1770021630,2026-06-16 05:50:40,2026-07-04 06:34:57,active,,,,Stanley,Crème,
7451902218,"Stanley
Quencher H2.O FlowState Tumbler",30.0,1764837634,2026-06-16 05:50:40,2026-07-04 06:34:57,active,,,,Stanley,Rose,
7270375614,"Stanley LoveShackFancy Becher Quencher 0,59 Neu&OVP",95.0,1762245635,2026-06-16 05:50:40,2026-07-04 06:34:57,active,,,,Stanley,Fuchsia,
8036815551,"Stanley Cup 1,18l Quencher H2.O Flowstate",30.0,,2026-06-16 05:50:40,2026-06-17 18:59:38,disappeared,2026-07-02 07:07:49,,385.3,,,
7928112502,"Gourde Stanley 1,18 L Quencher H2.0 Tumbler",35.0,1770021702,2026-06-16 05:50:40,2026-07-04 06:34:57,active,,,,Stanley,Rose,1.18l pink
8092329030,Mug stanley rose quartz,44.99,1772613703,2026-06-16 05:50:40,2026-07-04 06:34:57,active,,,,Stanley,Rose,
7949283040,"Stanley Quencher H2.0 Tumbler – 40 oz (1,18 L)",45.0,1770021637,2026-06-16 05:50:40,2026-07-04 06:34:57,active,,,,Stanley,Beige,40oz cream
8005114045,Stanley Quencher Tumbler,50.0,1770021707,2026-06-16 05:50:40,2026-07-04 06:34:57,active,,,,Stanley,Beige,
7149326630,Stanley Quencher H2.0 Flowstate Trinkflasche,30.0,1759653707,2026-06-16 05:50:40,2026-07-04 06:34:57,active,,,,Stanley,Rose,
8569786946,Wasserflasche,15.0,,2026-06-16 05:50:40,2026-06-16 05:50:40,disappeared,2026-06-17 12:30:23,,30.7,,,
7130977653,Stanley Quencher H2.0 Trinkflasche mit Strohhalm 1.2L,28.0,,2026-06-16 05:50:40,2026-06-17 18:59:38,disappeared,2026-07-02 07:07:49,,385.3,,,
7796953524,Quencher H2.0 Stanley,35.0,,2026-06-16 05:50:40,2026-06-17 18:59:38,disappeared,2026-07-02 07:07:49,,385.3,,,
7103006954,Stanley Cup,33.0,1759653704,2026-06-16 05:50:40,2026-07-04 06:34:57,active,,,,Stanley,Rose,
7955264225,Stanley Quencher Petrol,40.0,1770021709,2026-06-16 05:50:40,2026-07-04 06:34:57,active,,,,Stanley,Marine,
7426209618,Stanley Quencher H2.0 40oz Floral Limited Edition | LoveShackFancy Collaboration,45.0,1762245712,2026-06-16 05:50:40,2026-07-04 06:34:57,active,,,,Stanley,Fuchsia,40oz pink
7989892401,"Stanley Cup Quencher H2.0 Flowstate Tumbler Thermobecher 1,18L",45.0,1770021712,2026-06-16 05:50:40,2026-07-04 06:34:57,active,,,,Stanley,Lila,1.18l purple
7805902934,Stanley Quencher H2.O FlowState Tumbler Limited  Rose Petal Motion,33.0,1776801266,2026-06-16 05:50:40,2026-07-04 06:34:57,active,,,,Stanley,,
7904611090,"Gourde thermos Stanley, l'étrange Noel de monsieur Jack quencher H2.0 Tumbler",78.0,1770021715,2026-06-16 05:50:40,2026-07-04 06:34:57,active,,,,Stanley,Multicolore,
7659471243,Stanley grande Rosa,35.0,1764837715,2026-06-16 05:50:40,2026-07-04 06:34:57,active,,,,Stanley,Rose,
8565464610,Stangata tussenjas,25.0,,2026-06-16 05:50:40,2026-06-16 05:50:40,disappeared,2026-06-17 12:30:23,,30.7,,,
8546910700,Tasche für Stanley Cup Becher Tumbler Thermobecher Quencher To Go Becher,12.0,1775127327,2026-06-16 05:50:40,2026-07-04 06:34:57,active,,,,,,
7061708551,Termo Stanley Cup Beige,30.0,1759653718,2026-06-16 05:50:40,2026-07-04 06:34:57,active,,,,Stanley,Beige,
7825023094,Nvidia GTC Paris Stanley Quencher H2.0 FlowState Tumbler 1.18L.,32.0,1767429720,2026-06-16 05:50:40,2026-07-04 06:34:57,active,,,,Stanley,Crème,1.18l cream
7987673054,Stanley Cup,40.0,,2026-06-16 05:50:40,2026-06-16 05:50:40,disappeared,2026-06-17 12:30:23,,30.7,,,
7707588133,"Stanley Quencher Apricot Palm 30 oz, 0,89 L",28.0,,2026-06-16 05:50:40,2026-06-17 18:59:38,disappeared,2026-07-02 07:07:49,,385.3,,,
7990023103,Stanley beker,39.99,,2026-06-16 05:50:40,2026-06-16 05:50:40,disappeared,2026-06-17 12:30:23,,30.7,,,
7933554144,Stanley Cup Jennie,110.0,1770021720,2026-06-16 05:50:40,2026-07-04 06:34:57,active,,,,Stanley,Noir,
6325689797,Stanley quencher 1.18.,35.0,,2026-06-16 05:50:40,2026-07-04 06:34:57,active,,,,Stanley,Rose,
7105381357,Stanley Quencher,35.0,1759653789,2026-06-16 05:50:40,2026-07-04 06:34:57,active,,,,Stanley,Fuchsia,
7848726556,Stanley Quencher H2.0,35.0,1770021793,2026-06-16 05:50:40,2026-07-04 06:34:57,active,,,,Stanley,Noir,
7734951774,Stanley  quencher violett,32.0,1767429791,2026-06-16 05:50:40,2026-07-04 06:34:57,active,,,,Stanley,Lila,
7073070578,Stanley Quencher Tumbler – Violet,50.0,1759653791,2026-06-16 05:50:40,2026-07-04 06:34:57,active,,,,Stanley,Lila,
6938462339,"Stanley Barbapapa, multicolore💙🦋",40.0,,2026-06-16 05:50:40,2026-06-17 12:30:23,disappeared,2026-06-17 13:10:37,,31.3,,,
7796818622,Black Cup x1,35.0,1767429790,2026-06-16 05:50:40,2026-07-02 16:53:29,disappeared,2026-07-03 12:20:39,4347.6,414.5,Stanley,Noir,
6780233698,Stanley Cup Quencher Flieder,37.0,1754469798,2026-06-16 05:50:40,2026-07-04 06:34:57,active,,,,Stanley,Lila,
7960918518,Termo Stanley original 40 oz con asa – color crema,35.0,1770021800,2026-06-16 05:50:40,2026-07-04 06:34:57,active,,,,Stanley,Crème,40oz cream
7650100161,Stanley iceflow flip,40.0,,2026-06-16 05:50:40,2026-06-17 16:00:55,disappeared,2026-06-17 18:59:38,,37.1,,,
8539195305,Robe French Terry,15.0,,2026-06-16 05:50:40,2026-06-16 05:50:40,disappeared,2026-06-17 12:30:23,,30.7,,,
6969361835,Stanley Quencher,35.0,,2026-06-16 05:50:40,2026-06-17 18:59:38,disappeared,2026-07-02 07:07:49,,385.3,,,
6929842833,Termo taza “Stanley Quencher H2.0 Tumbler”,40.0,1757061799,2026-06-16 05:50:40,2026-07-04 06:34:57,active,,,,Stanley,Bleu clair,
7352161593,Vaso Stanley Quencher,50.0,1762245800,2026-06-16 05:50:40,2026-07-04 06:34:57,active,,,,Stanley,,
7967878178,Acesorios para stanley,10.0,1770021803,2026-06-16 05:50:40,2026-07-02 16:53:29,disappeared,2026-07-03 12:20:39,3627.6,414.5,Stanley,Blanc,
6573733170,Stanley Quencher - Vaso H2.0 con asa,60.0,1751877806,2026-06-16 05:50:40,2026-07-02 16:53:29,disappeared,2026-07-03 12:20:39,8667.6,414.5,Stanley,Bleu clair,
7689614926,Termo Quencher H2.O 1.18L púrpura/vino,34.0,,2026-06-16 05:50:40,2026-06-17 18:59:38,disappeared,2026-07-02 07:07:49,,385.3,,,
7798072800,Termo Stanley,25.0,,2026-06-16 05:50:40,2026-06-17 18:59:38,disappeared,2026-07-02 07:07:49,,385.3,,,
7377263311,Gobelets Quencher H2.0 FlowState Tumbler | 1.18L,30.0,1762245807,2026-06-16 05:50:40,2026-07-04 06:34:57,active,,,,Stanley,Rose,1.18l pink
8512244633,Großer Thermo-Becher in Rosa mit Strohhalm,3.0,1774781167,2026-06-16 05:50:40,2026-07-04 06:34:57,active,,,,No Label,,
8538032220,Straw Covers Set of Theee,3.0,1775032090,2026-06-16 05:50:40,2026-07-04 06:34:57,active,,,,No Label,,
7863289228,Stanley Quencher Tumbler Straws 30 Oz,12.0,1777144739,2026-06-16 05:50:40,2026-07-04 06:34:57,active,,,,Stanley,,
7741459614,Stanley cup blu 💙,29.9,,2026-06-16 05:50:40,2026-06-17 18:59:38,disappeared,2026-07-02 07:07:49,,385.3,,,
6336414074,"Quencher Stanley 1,20L – Cor Chambray",23.5,,2026-06-16 05:50:40,2026-07-04 06:34:57,active,,,,Stanley,Bleu clair,1.20l bleu clair
7828046480,Stanley cup,38.0,1767429808,2026-06-16 05:50:40,2026-07-04 06:34:57,active,,,,Stanley,,
6844264557,Stanley Quencher H2.0 Tumbler 40 oz Grün – Neu & OVP,47.0,1757061877,2026-06-16 05:50:40,2026-07-04 06:34:57,active,,,,Stanley,Vert,40oz green
6378197255,stanley quencher,35.0,,2026-06-16 05:50:40,2026-07-04 06:34:57,active,,,,Stanley,Gris,
7669766222,Stanley Barbie Quencher,120.0,1764837879,2026-06-16 05:50:40,2026-07-04 06:34:57,active,,,,Stanley,,
7887679127,Gourde Starbucks Stanley,70.0,,2026-06-16 05:50:40,2026-06-16 05:50:40,disappeared,2026-06-17 12:30:23,,30.7,,,
7812870863,stanleycup,50.0,1767429879,2026-06-16 05:50:40,2026-07-02 08:36:01,disappeared,2026-07-02 16:53:29,4328.1,395.0,Stanley,Violet,
8480045056,Kit roll off Oakley airbrake NEW,40.0,,2026-06-16 05:50:40,2026-06-16 05:50:40,disappeared,2026-06-17 12:30:23,,30.7,,,
7562307080,Mug thermique Stanley avec paille – État satisfaisant,19.0,,2026-06-16 05:50:40,2026-06-17 18:59:38,disappeared,2026-07-02 07:07:49,,385.3,,,
6326388587,Stanley quenchen,35.0,,2026-06-16 05:50:40,2026-07-04 06:34:57,active,,,,Stanley,Beige,
7770621887,Borraccia Stanley con cannuccia rosa originale,47.0,1767429885,2026-06-16 05:50:40,2026-07-02 16:53:29,disappeared,2026-07-03 12:20:39,4347.6,414.5,Stanley,Rose,
6306079718,Stanley 40oz Cup,35.0,,2026-06-16 05:50:40,2026-07-04 06:34:57,active,,,,Stanley,Gris,40oz grey
7749234103,"Stanley Quencher H2.0 40oz (1,18L) gris marmolado con asa y pajita | Nuevo",50.0,,2026-06-16 05:50:40,2026-06-17 18:59:38,disappeared,2026-07-02 07:07:49,,385.3,,,
7736550460,Stanley,35.0,1767429886,2026-06-16 05:50:40,2026-07-04 06:34:57,active,,,,Stanley,Lila,
7710133847,Stanley Quencher H2.0 Tumbler Rojo 1.18L,80.0,1767429887,2026-06-16 05:50:40,2026-07-04 06:34:57,active,,,,Stanley,Rouge,1.18l red
7842796483,Stanley x Barbie Shopper Bag Umhänge Tasche Schwarz / Gold NEU,8.0,1770121266,2026-06-16 05:50:40,2026-07-04 06:34:57,active,,,,Stanley,Noir,
7756187321,Stanley Cup / Quencher Trinkflasche mit Strohhalm 1.18 L,40.0,1767429894,2026-06-16 05:50:40,2026-07-04 06:34:57,active,,,,Stanley,Gris,1.18l grey
7509491977,Stanley,45.0,,2026-06-16 05:50:40,2026-06-17 18:59:38,disappeared,2026-07-02 07:07:49,,385.3,,,
6501552765,"Stanley Lila 1,2l",35.0,1751977333,2026-06-16 05:50:40,2026-07-03 12:20:39,disappeared,2026-07-04 06:34:57,8658.2,432.7,Stanley,Lila,1.2l purple
5375109573,40oz Stanley Quencher H2.0 Cup,37.55,,2026-06-16 05:50:40,2026-06-17 18:59:38,disappeared,2026-07-02 07:07:49,,385.3,,,
7526304120,Stanley Quencher FlowState Tumbler 1.18L,30.0,1764867335,2026-06-16 05:50:40,2026-07-04 06:34:57,active,,,,Stanley,Rose,1.18l pink
5661646944,Stanley Ocean Pink Tie Dye,60.0,,2026-06-16 05:50:40,2026-07-04 06:34:57,active,,,,Stanley,Rose,
7659323572,Stanley Quencher H2.0 Flowstate tumbler Thermosfles 1.18 L,40.0,1764867335,2026-06-16 05:50:40,2026-07-04 06:34:57,active,,,,Stanley,Lila,1.18l purple
6543164980,Gobelet limité collab Stanley + Starbucks,80.0,,2026-06-16 05:50:40,2026-06-16 05:50:40,disappeared,2026-06-17 12:30:23,,30.7,,,
7530018718,Stanley Thermo Becher,35.0,1764867341,2026-06-16 05:50:40,2026-07-04 06:34:57,active,,,,Stanley,,
7437525384,Stanley Cup Tumblr H2O Quencher,38.0,1762275344,2026-06-16 05:50:40,2026-07-04 06:34:57,active,,,,Stanley,Rose,
7711532295,Gourde stanley,35.0,1767529338,2026-06-16 05:50:40,2026-07-04 06:34:57,active,,,,Stanley,Crème,
7496030915,Vaso Stanley quencher 2.0.,40.0,1764837976,2026-06-16 05:50:40,2026-07-04 06:34:57,active,,,,Stanley,,
7597175338,Vaso Stanley Quencher H2.0 – 1.2 L (40 oz),30.0,,2026-06-16 05:50:40,2026-06-17 18:59:38,disappeared,2026-07-02 07:07:49,,385.3,,,
7557052104,"Stanley Quencher H2.0 FlowState Tumbler 40 oz / 1,18 L – Matte Black",35.0,1764937334,2026-06-16 05:50:40,2026-07-04 06:34:57,active,,,,Stanley,,40oz black
6157571028,Stanley by Barbie,80.0,,2026-06-16 05:50:40,2026-07-04 06:34:57,active,,,,Stanley,Fuchsia,
7621259337,Stanley Quencher H2.0 – Dunkelgrau (mit Henkel & Strohhalm),30.0,1764837989,2026-06-16 05:50:40,2026-07-04 06:34:57,active,,,,Stanley,Gris,
7507409795,Stanley Quencher Tumbler H2O Pink 40 oz Brand New,60.0,1764937341,2026-06-16 05:50:40,2026-07-04 06:34:57,active,,,,Stanley,,40oz pink
7622667748,"Original Stanley Quencher Carry‑All Tumbler‑Tasche (beige, unbenutzt",35.0,1764837990,2026-06-16 05:50:40,2026-07-02 16:53:29,disappeared,2026-07-03 12:20:39,5067.6,414.5,Stanley,Crème,
5550928174,Gobelet Quencher Stanley,45.0,,2026-06-16 05:50:40,2026-07-04 06:34:57,active,,,,Stanley,Lila,
7449445757,Stanley Cup,50.0,1762345344,2026-06-16 05:50:40,2026-07-04 06:34:57,active,,,,Stanley,,
5963989821,Stanley Stanley Quencher H2.0 FlowState Trinkflasche mit Strohhalm,30.0,,2026-06-16 05:50:40,2026-07-04 06:34:57,active,,,,Stanley,Gris,
7541600336,Quencher Protour Tumbler Stanley×Messi 1.18L,77.0,1764937346,2026-06-16 05:50:40,2026-07-04 06:34:57,active,,,,Stanley,Lila,1.18l purple
7492595695,Stanley Rosaquartz Quencher H2.0 FlowState Tumbler | 1.18L,34.0,1764937349,2026-06-16 05:50:40,2026-07-04 06:34:57,active,,,,Stanley,Rose,1.18l pink
7545883229,Stanley in grün schwarz,33.0,,2026-06-16 05:50:40,2026-06-17 13:10:37,disappeared,2026-06-17 13:40:04,,31.8,,,
7629124389,Stanley 1913 x LoveShackFancy Quencher H2.0 FlowState Tumbler | 1.18L,100.0,1764937351,2026-06-16 05:50:40,2026-07-04 06:34:57,active,,,,Stanley,Rose,1.18l pink
7573558476,"Original Stanley Quencher 1,2l",45.0,1764838074,2026-06-16 05:50:40,2026-07-04 06:34:57,active,,,,Stanley,Lila,1.2l purple
7048953686,Stanley 40 Oz tumbler,50.0,,2026-06-16 05:50:40,2026-06-16 05:50:40,disappeared,2026-06-17 12:30:23,,30.7,,,
5557932681,Stanley X Starbucks limited edition Quencher H2.0 FlowState,85.0,,2026-06-16 05:50:40,2026-07-04 06:34:57,active,,,,Stanley,Rouge,
7357941359,Quencher® H2.0 FlowState Tumbler,37.95,1762275433,2026-06-16 05:50:40,2026-07-04 06:34:57,active,,,,Stanley,,
7604124735,Stanley × Starbucks Flowstate Quencher 40 oz Summer Sunset Gradient,160.0,1764867440,2026-06-16 05:50:40,2026-07-04 06:34:57,active,,,,Stanley,Violet,
7413890557,Stanley Quencher 40 oz,40.0,1762345353,2026-06-16 05:50:40,2026-07-04 06:34:57,active,,,,Stanley,,
4101076855,Stanley Quencher H2.0 Tumbler 40oz  - Cream Tonal,45.0,,2026-06-16 05:50:40,2026-07-04 06:34:57,active,,,,Stanley,Crème,40oz cream
8404917934,Oakley meta vanguard,420.0,,2026-06-16 05:50:40,2026-06-17 13:10:37,disappeared,2026-06-17 13:40:04,,31.8,,,
5616572381,Gobelet Stanley Noir,40.0,,2026-06-16 05:50:40,2026-06-17 13:10:37,disappeared,2026-06-17 13:40:04,,31.8,,,
5348430585,Gobelet Stanley Quencher édition limitée,45.0,1782980287,2026-06-16 05:50:40,2026-07-04 06:34:57,active,,,,Stanley,Lila,
7453221050,Stanley drinkbeker,40.0,,2026-06-16 05:50:40,2026-06-16 05:50:40,disappeared,2026-06-17 12:30:23,,30.7,,,
4796011350,Stanley Quencher H2.0 Flowstate Tumbler,45.0,1782980290,2026-06-16 05:50:40,2026-07-04 06:34:57,active,,,,Stanley,Rose,
4904794908,Stanley Quencher H2O Tumbler in türkis 😍,48.0,,2026-06-16 05:50:40,2026-06-17 18:59:38,disappeared,2026-07-02 07:07:49,,385.3,,,
7431726060,Copo Stanley preto,40.0,,2026-06-16 05:50:40,2026-06-17 13:10:37,disappeared,2026-06-17 13:40:04,,31.8,,,
8074794838,Gourde Stanley,8.0,,2026-06-16 05:50:40,2026-06-16 05:50:40,disappeared,2026-06-17 12:30:23,,30.7,,,
7025899977,Stanley Quencher 1.18L (40oz) Limited Colour Edition,69.0,,2026-06-16 05:50:40,2026-06-17 18:59:38,disappeared,2026-07-02 07:07:49,,385.3,,,
6796202466,"Stanley quencher 0,59L",39.0,1757062096,2026-06-16 05:50:40,2026-07-04 06:34:57,active,,,,Stanley,,
6494109769,Stanley Quencher H2.0 Flowstate,43.0,1751977423,2026-06-16 05:50:40,2026-07-04 06:34:57,active,,,,Stanley,Gris,
7192921244,Gourde isotherme Stanley neuf,35.0,1759654099,2026-06-16 05:50:40,2026-07-04 06:34:57,active,,,,Stanley,Menthe,
5529030293,Stanley Cup Creme,42.0,,2026-06-16 05:50:40,2026-07-04 06:34:57,active,,,,Stanley,Crème,
8385446853,Vaso Térmico Flamingueo Rosa 40oz con Lazo Bow Asa Pajita - Como Nuevo,14.0,1775305420,2026-06-16 05:50:40,2026-07-04 06:34:57,active,,,,Flamingueo,Rose,40oz pink
7282780632,Stanley Quencher H2.0 Flowstate Tumbler 30oz/0.88L – Azure Reverb Sporty Design,50.0,1762246176,2026-06-16 05:50:40,2026-07-04 06:34:57,active,,,,Stanley,Bleu,30oz blue
7196066652,Stanley Quencher H2.0 Flowstate Tumbler 1.18L,42.0,1759683446,2026-06-16 05:50:40,2026-07-04 06:34:57,active,,,,Stanley,Lila,1.18l purple
7459772236,Stanley Cup,40.0,1764937421,2026-06-16 05:50:40,2026-07-04 06:34:57,active,,,,Stanley,Noir,
5268172942,Stanley Cup 40oz 1.18l Quencher Becher Sonderedition Pink Violett NEU,70.0,,2026-06-16 05:50:40,2026-06-17 18:59:38,disappeared,2026-07-02 07:07:49,,385.3,,,
7111524001,Messi x Stanley 1913 quencher,60.0,1759654174,2026-06-16 05:50:40,2026-07-04 06:34:57,active,,,,Stanley,,
6843432649,Quencher Stanley Tumbler,35.0,1757062182,2026-06-16 05:50:40,2026-07-04 06:34:57,active,,,,Stanley,,
8071679157,"Stanley & Barbie Quencher H2.0 – Edelstahl-Tumbler, 40 oz",59.0,,2026-06-16 05:50:40,2026-06-17 18:59:38,disappeared,2026-07-02 07:07:49,,385.3,,,
7308300423,Stanley Cup Quencher H2.0,35.0,1762246183,2026-06-16 05:50:40,2026-07-04 06:34:57,active,,,,Stanley,Menthe,
6765734899,Stanley Quencher H2.0 – Edición Rosa con Estrellas Holográfica,55.0,1754470186,2026-06-16 05:50:40,2026-07-04 06:34:57,active,,,,Stanley,,
7142815802,"Stanley All Day Quencher Carry-All rose quartz für 1,18Liter",49.0,1759654188,2026-06-16 05:50:40,2026-07-04 06:34:57,active,,,,Stanley,Rose,
5272602446,40oz Stanley Quencher H2.0 Cup,37.55,,2026-06-16 05:50:40,2026-06-17 18:59:38,disappeared,2026-07-02 07:07:49,,385.3,,,
7059100753,Stanley quencher,33.0,1759654187,2026-06-16 05:50:40,2026-07-04 06:34:57,active,,,,Stanley,,
8348796524,Robe demoiselle d'honneur vert sauge,60.0,,2026-06-16 05:50:40,2026-06-16 05:50:40,disappeared,2026-06-17 12:30:23,,30.7,,,
5208117690,"Stanley Barbie 80s Peaches ‘n Cream Quencher 1,2l",175.0,1782980392,2026-06-16 05:50:40,2026-07-04 06:34:57,active,,,,Stanley,Abricot,1.2l abricot
7983143135,"Stanley The Quencher H2.0 Flowstate Tumbler 1,18L",30.0,1770022193,2026-06-16 05:50:40,2026-07-04 06:34:57,active,,,,Stanley 1913,Noir,1.18l black
4501466398,Stanley Cup Quencher Tiedye Peach Trinkbecher Flasche 1.2L,79.0,,2026-06-16 05:50:40,2026-07-04 06:34:57,active,,,,Stanley,Rose,1.2l pink
6749515587,Hello Kitty Stanley,50.0,1754499456,2026-06-16 05:50:40,2026-07-04 06:34:57,active,,,,Stanley,Rouge,
6862018526,Stanley als nieuw.,28.0,,2026-06-16 05:50:40,2026-06-17 18:59:38,disappeared,2026-07-02 07:07:49,,385.3,,,
4506408922,Stanley Quencher Gobelet azur 40 oz,54.0,,2026-06-16 05:50:40,2026-07-04 06:34:57,active,,,,Stanley,Lila,40oz purple
7255213145,Stanley cup,80.0,,2026-06-16 05:50:40,2026-06-16 05:50:40,disappeared,2026-06-17 12:30:23,,30.7,,,
4075375070,Stanley Citron Quencher Flowstate 1.2L Tumbler,70.0,,2026-06-16 05:50:40,2026-07-04 06:34:57,active,,,,Stanley,Menthe,1.2l green
8308396547,4 Glass straws for Stanley the quencher,5.0,1775206273,2026-06-16 05:50:40,2026-07-04 06:34:57,active,,,,Musiwanna,Transparence,
7238802815,"Stanley Cup 0,89l",45.0,1762345429,2026-06-16 05:50:40,2026-07-04 06:34:57,active,,,,Stanley,Bleu,0.89l blue
6595341098,Stanley Cup Quencher H2.0 limited neu,55.0,1751907531,2026-06-16 05:50:40,2026-07-04 06:34:57,active,,,,Stanley,Abricot,
6721177619,Stanley Quencher H2.0 FlowState Tumbler,35.0,,2026-06-16 05:50:40,2026-06-17 18:59:38,disappeared,2026-07-02 07:07:49,,385.3,,,
4463698149,Stanley X Starbucks 40 oz quencher,109.99,,2026-06-16 05:50:40,2026-07-04 06:34:57,active,,,,Stanley,Vert,40oz green
7042222471,Gourde stanley neuf avec étiquette stanley,70.0,1759683532,2026-06-16 05:50:40,2026-07-04 06:34:57,active,,,,Stanley,Lila,
7045644498,Stanley Quencher H2.0 Flowstate Tumbler,37.0,1759654281,2026-06-16 05:50:40,2026-07-04 06:34:57,active,,,,Stanley,Fuchsia,
7059091170,Stanley  The Quencher H2.0 Flowstate Tumbler,50.0,1759654284,2026-06-16 05:50:40,2026-07-04 06:34:57,active,,,,Stanley,Noir,
7128780759,"Stanley quencher h2.0 - 1,181",35.0,1759654288,2026-06-16 05:50:40,2026-07-04 06:34:57,active,,,,Stanley,Beige,
6752315951,Termo Stanley Quencher H2.0 40 oz,42.0,,2026-06-16 05:50:40,2026-06-17 18:59:38,disappeared,2026-07-02 07:07:49,,385.3,,,
6770779579,Stanley Quencher H2.0 Tumbler 1.18L Cream,40.0,1754569434,2026-06-16 05:50:40,2026-07-04 06:34:57,active,,,,Stanley,Crème,1.18l cream
4112854847,Stanley Quencher original mit Zertifikat und Verpackung ,80.0,,2026-06-16 05:50:40,2026-07-04 06:34:57,active,,,,Stanley,Crème,
6895631250,Stanley Quencher Alpine Green,55.0,,2026-06-16 05:50:40,2026-06-17 18:59:38,disappeared,2026-07-02 07:07:49,,385.3,,,
4133616452,Stanley Cup Quencher Tumbler black,80.0,,2026-06-16 05:50:40,2026-07-04 06:34:57,active,,,,Stanley,Noir,
4156939900,"Termo Botella Taza Jarra Stanley The Quencher 1,18L",70.0,,2026-06-16 05:50:40,2026-07-04 06:34:57,active,,,,Stanley,Noir,1.18l black
4116755362,Stanley Flowstate Quencher 1.2L Tumbler,100.0,,2026-06-16 05:50:40,2026-07-04 06:34:57,active,,,,Stanley,Fuchsia,1.2l pink
4214281893,Mug en verre,51.0,,2026-06-16 05:50:40,2026-06-16 05:50:40,disappeared,2026-06-17 12:30:23,,30.7,,,
6793932143,Stanley Quencher H2.0 Tumbler.,35.0,,2026-06-16 05:50:40,2026-06-17 18:59:38,disappeared,2026-07-02 07:07:49,,385.3,,,
6783912855,Quencher Stanley,38.0,1754499545,2026-06-16 05:50:40,2026-07-04 06:34:57,active,,,,Stanley,Gris,
6795206822,Stanley Quencher H2.0 Tumbler rose 1.18L,49.0,,2026-06-16 05:50:40,2026-06-17 18:59:38,disappeared,2026-07-02 07:07:49,,385.3,,,
8293694523,Ensemble adidas noir comme neuf  (Étiquettes  en photo) Taille S et M,60.0,,2026-06-16 05:50:40,2026-06-16 05:50:40,disappeared,2026-06-17 12:30:23,,30.7,,,
8080278592,Separador bebidas Stanley,3.0,1772713508,2026-06-16 05:50:40,2026-07-04 06:34:57,active,,,,Tiger,,
8286123163,"Neue und unbenutzte Snackschale, die speziell als Zubehör für Trinkbecher, wie S",8.0,,2026-06-16 05:50:40,2026-07-02 16:53:29,disappeared,2026-07-03 12:20:39,,414.5,,Crème,
6862465570,Stanley barbie,120.0,1757091552,2026-06-16 05:50:40,2026-07-04 06:34:57,active,,,,Stanley,Fuchsia,
6309564914,Stanley Quencher H2.0 FlowState Thermosfles 1.18L,35.0,,2026-06-16 05:50:40,2026-07-04 06:34:57,active,,,,Stanley,,
8175312723,Trinkflasche,5.0,,2026-06-16 05:50:40,2026-06-17 13:10:37,disappeared,2026-06-17 13:40:04,,31.8,,,
5727729028,Stanley Quencher Cup feat. Calia Sonderedition blau 30oz 0.88l NEU,60.0,,2026-06-16 05:50:40,2026-06-17 18:59:38,disappeared,2026-07-02 07:07:49,,385.3,,,
6604352329,"1,2 Liter Quencher der limitierten Kollektion Barbie 70s Superstar der Marke Sta",70.0,1751878378,2026-06-16 05:50:40,2026-07-04 06:34:57,active,,,,Stanley,Fuchsia,
5689568587,Vaso Stanley crema,49.99,,2026-06-16 05:50:40,2026-07-04 06:34:57,active,,,,Stanley,,
6573563058,Stanley Quencher - Vaso H2.0 con asa,60.0,1751907633,2026-06-16 05:50:40,2026-07-02 16:53:29,disappeared,2026-07-03 12:20:39,8659.3,414.5,Stanley,Rose,
8125904632,Manico LED per bicchiere,10.0,,2026-06-16 05:50:40,2026-06-17 18:59:38,disappeared,2026-07-02 07:07:49,,385.3,,,
6624090709,Stanley beker,35.0,,2026-06-16 05:50:40,2026-06-16 05:50:40,disappeared,2026-06-17 12:30:23,,30.7,,,
6299203860,Stanley cup,50.0,,2026-06-16 05:50:40,2026-07-03 12:20:39,disappeared,2026-07-04 06:34:57,,432.7,Stanley,Beige,
4888864550,Stanley Quencher in Beige/Grau,17.0,1783079711,2026-06-16 05:50:40,2026-07-04 06:34:57,active,,,,Stanley,Crème,
6270100705,Gourde Stanley,40.0,,2026-06-16 05:50:40,2026-06-17 18:59:38,disappeared,2026-07-02 07:07:49,,385.3,,,
6074279151,"Stanley Barbie 1959 Quencher 1,2 l Neu",75.0,,2026-06-16 05:50:40,2026-07-04 06:34:57,active,,,,Stanley,Bleu,1.2l blue
5714867318,Stanley Quencher,40.0,,2026-06-16 05:50:40,2026-07-04 06:34:57,active,,,,Stanley,,
6048348938,Stanley,60.0,,2026-06-16 05:50:40,2026-06-16 05:50:40,disappeared,2026-06-17 12:30:23,,30.7,,,
6005751649,Stanley Tumbler Water Bottle,35.0,,2026-06-16 05:50:40,2026-06-17 13:10:37,disappeared,2026-06-17 13:40:04,,31.8,,,
3982185617,Stanley Cup Quencher Tumbler Dune Soft Matte Original Box,65.0,,2026-06-16 05:50:40,2026-07-04 06:34:57,active,,,,Stanley,Crème,
7970388747,Couvercle anti fuite stanley,8.0,1770051648,2026-06-16 05:50:40,2026-07-04 06:34:57,active,,,,,,
5780832954,Stanleycup,30.0,,2026-06-16 05:50:40,2026-06-16 05:50:40,disappeared,2026-06-17 12:30:23,,30.7,,,
8208469287,Scotty Cameron Custom Shop Textured Gray Plus Pistolero Griff Neu $ 45 Beschreib,37.0,,2026-06-16 05:50:40,2026-06-16 05:50:40,disappeared,2026-06-17 12:30:23,,30.7,,,
8156541948,Drinkbeker,35.0,,2026-06-16 05:50:40,2026-06-16 05:50:40,disappeared,2026-06-17 12:30:23,,30.7,,,
6304720241,Limited Edition Barbie x Stanley Quencher - Roze,90.0,,2026-06-16 05:50:40,2026-07-04 06:34:57,active,,,,Stanley,Fuchsia,
7958782617,Stanley Cup Tragetasche u Quench,20.0,1770022468,2026-06-16 05:50:40,2026-07-04 06:34:57,active,,,,Amazon,Noir,
5569507070,Paarse  Stanley cup,20.0,,2026-06-16 05:50:40,2026-06-17 18:59:38,disappeared,2026-07-02 07:07:49,,385.3,,,
5994196912,Stanley fles,45.0,,2026-06-16 05:50:40,2026-06-17 16:00:55,disappeared,2026-06-17 18:59:38,,37.1,,,
5742131385,Stanley cup bleu,50.0,,2026-06-16 05:50:40,2026-06-17 18:59:38,disappeared,2026-07-02 07:07:49,,385.3,,,
8069479481,Tazza termica,20.0,1770121520,2026-06-16 05:50:40,2026-07-04 06:34:57,active,,,,Tally Weijl,Fuchsia,
5504764141,Starbucks x Stanley Edición Limitada Navidades 2024,100.0,,2026-06-16 05:50:40,2026-07-04 06:34:57,active,,,,Stanley,,
6308064217,The Barbie x Stanley Icon Quencher Venez,65.0,,2026-06-16 05:50:40,2026-06-16 05:50:40,disappeared,2026-06-17 12:30:23,,30.7,,,
8078359250,Like new white wit quencher tumbler Stanley x Starbucks 590ml Thermos beker coff,39.99,1772713591,2026-06-16 05:50:40,2026-07-04 06:34:57,active,,,,Starbucks,Blanc,590ml white
5841515239,"The Barbie Icon Stanley Quencher 1,2 l",89.0,,2026-06-16 05:50:40,2026-07-04 06:34:57,active,,,,Stanley,Fuchsia,1.2l pink
7843149720,"Stanley Quencher H2.0 Halterung, Ebike, Bike,",25.0,1767529592,2026-06-16 05:50:40,2026-07-04 06:34:57,active,,,,No Label,Noir,
4183544377,Stanley Quencher H2.0 Tumbler,55.0,,2026-06-16 05:50:40,2026-07-04 06:34:57,active,,,,Stanley,,
8081680965,Masque ski Oakley,80.0,,2026-06-16 05:50:40,2026-06-16 05:50:40,disappeared,2026-06-17 12:30:23,,30.7,,,
5003283922,Gourde Isotherme Stanley,40.0,,2026-06-16 05:50:40,2026-06-16 05:50:40,disappeared,2026-06-17 12:30:23,,30.7,,,
4956670918,Stanley quencher H2 FlowerState nuovo,80.0,1782980688,2026-06-16 05:50:40,2026-07-04 06:34:57,active,,,,Stanley,Corail,
7867794306,Robe longue de soirée rouille Babaroni - neuf - taille 40,35.0,,2026-06-16 05:50:40,2026-06-16 05:50:40,disappeared,2026-06-17 12:30:23,,30.7,,,
7661462133,Stanley Quencher H2.0 40oz Seafoam Bay Leaf Green Viral Tumbler Cup with Handle ,34.5,1764867723,2026-06-16 05:50:40,2026-07-04 06:34:57,active,,,,Viral Seafoam Stanley Quencher H2.0 40oz Green Cle,Vert,40oz green
8034769994,T-shirt Cessna taille M,20.0,,2026-06-16 05:50:40,2026-06-16 05:50:40,disappeared,2026-06-17 12:30:23,,30.7,,,
7764289379,Lot de 2 couvercles,12.0,1767430489,2026-06-16 05:50:40,2026-07-04 06:34:57,active,,,,,Noir,
7000356921,Mini Becher in violett,5.0,1759654488,2026-06-16 05:50:40,2026-07-04 06:34:57,active,,,,,Lila,
7154244982,Porta bucchieri dacia duster,25.0,,2026-06-16 05:50:40,2026-06-16 05:50:40,disappeared,2026-06-17 12:30:23,,30.7,,,
7665771261,"Stanley Tumbler Gift Set Premium Black Fade Pro, Matte Black & Clean Ice Grey 40",99.0,1764867657,2026-06-16 05:50:40,2026-07-04 06:34:57,active,,,,Stanley Cup Limited Edition Gift Set Premium Black,Noir,
7634911788,Oakley Matte Black,50.0,,2026-06-16 05:50:40,2026-06-16 05:50:40,disappeared,2026-06-17 12:30:23,,30.7,,,
6053455197,Nieuwe quencher met rietje,10.0,,2026-06-16 05:50:40,2026-07-04 06:34:57,active,,,,Quencher,Rose,
6693784287,Thermobecher,15.0,1754499727,2026-06-16 05:50:40,2026-07-04 06:34:57,active,,,,No Label,Bleu clair,
7285177330,Quencher von Ron Jon Surf Shop,30.0,1762246562,2026-06-16 05:50:40,2026-07-04 06:34:57,active,,,,Ron Jon Surf Shop,Fuchsia,
7866557581,Coffret oakley M frame alpha kit neuf,250.0,,2026-06-16 05:50:40,2026-06-16 05:50:40,disappeared,2026-06-17 12:30:23,,30.7,,,
6839543100,Primark | Grand tumbler isotherme effet marbre,7.0,1757161595,2026-06-16 05:50:40,2026-07-04 06:34:57,active,,,,Primark,,
6593474592,Thermosfles lila,7.0,,2026-06-16 05:50:40,2026-06-17 13:10:37,disappeared,2026-06-17 13:40:04,,31.8,,,
7622860471,Fear itself,18.0,,2026-06-16 05:50:40,2026-06-16 05:50:40,disappeared,2026-06-17 12:30:23,,30.7,,,
6657801380,Gourde en acier inoxydable stylé,12.0,1754470573,2026-06-16 05:50:40,2026-07-04 06:34:57,active,,,,Mo,,
7419963174,Tasje voor Stanley Quencher H2.0 Flowstate Tumbler 1.2L,1.99,,2026-06-16 05:50:40,2026-06-17 18:59:38,disappeared,2026-07-02 07:07:49,,385.3,,,
7537788939,Thermobecher,15.0,,2026-06-16 05:50:40,2026-06-16 05:50:40,disappeared,2026-06-17 12:30:23,,30.7,,,
7343430422,Umhängetasche mit der Möglichkeit einen Stanley Quencher sicher unterwegs mitzun,25.0,1762246572,2026-06-16 05:50:40,2026-07-04 06:34:57,active,,,,No Label,Beige,
6458119558,Sangle de transport pour Stanley Cup,10.0,1751878574,2026-06-16 05:50:40,2026-07-04 06:34:57,active,,,,Amazon,Rose,
7286895567,Oakley junior,50.0,,2026-06-16 05:50:40,2026-06-16 05:50:40,disappeared,2026-06-17 12:30:23,,30.7,,,
5382738592,Starbucks x Stanley quencher Noel 2024,90.0,1782980775,2026-06-16 05:50:40,2026-07-04 06:34:57,active,,,,Starbucks,Bordeaux,
5519123533,2 peças protetoras de silicone para copo térmico,2.5,,2026-06-16 05:50:40,2026-07-04 06:34:57,active,,,,Shein,Blanc,
6846441545,"Stanley Cup Crossbody Carrier, Handmade Crochet Water Bottle Holder Bag",22.0,1757091738,2026-06-16 05:50:40,2026-07-04 06:34:57,active,,,,Handgemaakt,Kaki,
6932596224,Occhiali sportivi,10.0,,2026-06-16 05:50:40,2026-06-16 05:50:40,disappeared,2026-06-17 12:30:23,,30.7,,,
7110552727,Gourde Stanley neuve,39.0,,2026-06-16 05:50:40,2026-06-17 12:30:23,disappeared,2026-06-17 13:10:37,,31.3,,,
6707090637,Grote witte drinkbeker,16.5,,2026-06-16 05:50:40,2026-06-17 12:30:23,disappeared,2026-06-17 13:10:37,,31.3,,,
6773530330,Stanly cup,35.0,1754470584,2026-06-16 05:50:40,2026-07-04 06:34:57,active,,,,,Menthe,
7160266072,Asics GEL,170.0,,2026-06-16 05:50:40,2026-06-16 05:50:40,disappeared,2026-06-17 12:30:23,,30.7,,,
7060147847,occhiali oakley,90.0,,2026-06-16 05:50:40,2026-06-16 05:50:40,disappeared,2026-06-17 12:30:23,,30.7,,,
6385819349,Occhiali da runner o sport,55.0,,2026-06-16 05:50:40,2026-07-03 12:20:39,disappeared,2026-07-04 06:34:57,,432.7,Oakley,Noir,
5954555897,Kaffee Becher Xxl,15.0,,2026-06-16 05:50:40,2026-06-17 13:10:37,disappeared,2026-06-17 13:40:04,,31.8,,,
6259760755,Umhängetasche mit Möglichkeit einen Stanley Quencher sicher unterwegs mitzunehme,30.0,,2026-06-16 05:50:40,2026-07-04 06:34:57,active,,,,no name,Rose,
5714783203,Becher,5.0,,2026-06-16 05:50:40,2026-06-16 05:50:40,disappeared,2026-06-17 12:30:23,,30.7,,,
6358969130,Supporto telefono/ macchina fotografica/telecamera,40.0,,2026-06-16 05:50:40,2026-06-16 05:50:40,disappeared,2026-06-17 12:30:23,,30.7,,,
5814912049,Trinkbecher mit Strohalm Edelstahl,14.0,,2026-06-16 05:50:40,2026-06-16 05:50:40,disappeared,2026-06-17 12:30:23,,30.7,,,
5524788889,Gourde Stanley,50.0,,2026-06-16 05:50:40,2026-06-17 13:10:37,disappeared,2026-06-17 13:40:04,,31.8,,,
5029352044,Lunettes oakley homme,44.0,,2026-06-16 05:50:40,2026-06-16 05:50:40,disappeared,2026-06-17 12:30:23,,30.7,,,
6081221161,YZY Quantum,75.0,,2026-06-16 05:50:40,2026-06-16 05:50:40,disappeared,2026-06-17 12:30:23,,30.7,,,
5064365789,Mooie beker warm/koud,38.0,,2026-06-16 05:50:40,2026-06-17 12:30:23,disappeared,2026-06-17 13:10:37,,31.3,,,
5977737476,Robe Orientale,30.0,,2026-06-16 05:50:40,2026-06-16 05:50:40,disappeared,2026-06-17 12:30:23,,30.7,,,
5779703083,Oakley line miner ski snowboarding goggles,125.0,,2026-06-16 05:50:40,2026-06-16 05:50:40,disappeared,2026-06-17 12:30:23,,30.7,,,
4884144794,Lunettes Soleil Oakley Radar EV,80.0,,2026-06-16 05:50:40,2026-06-16 05:50:40,disappeared,2026-06-17 12:30:23,,30.7,,,
5616134927,Robe bi-matière,40.0,,2026-06-16 05:50:40,2026-06-16 05:50:40,disappeared,2026-06-17 12:30:23,,30.7,,,
5027068678,Oakley Display Case X Métal Rare Collector,40.0,,2026-06-16 05:50:40,2026-06-16 05:50:40,disappeared,2026-06-17 12:30:23,,30.7,,,
5248297309,Lady pipa robe,85.0,,2026-06-16 05:50:40,2026-06-16 05:50:40,disappeared,2026-06-17 12:30:23,,30.7,,,
4558296767,Oakley 2000,5.0,,2026-06-16 05:50:40,2026-06-16 05:50:40,disappeared,2026-06-17 12:30:23,,30.7,,,
4943540052,Scarpe adidas,40.0,,2026-06-16 05:50:40,2026-06-16 05:50:40,disappeared,2026-06-17 12:30:23,,30.7,,,
4972242097,Draagtas voor Stanley 40 oz,5.0,,2026-06-16 05:50:40,2026-06-17 18:59:38,disappeared,2026-07-02 07:07:49,,385.3,,,
4705795148,"Robe bleu ""Rainbow"" taille M",12.0,,2026-06-16 05:50:40,2026-06-16 05:50:40,disappeared,2026-06-17 12:30:23,,30.7,,,
4805061543,Yeezy,98.0,,2026-06-16 05:50:40,2026-06-16 05:50:40,disappeared,2026-06-17 12:30:23,,30.7,,,
4855479698,Modest Workout activewear,30.0,,2026-06-16 05:50:40,2026-06-16 05:50:40,disappeared,2026-06-17 12:30:23,,30.7,,,
3716074873,Coque de téléphone Samsung S21 Ultra,5.0,,2026-06-16 05:50:40,2026-06-16 05:50:40,disappeared,2026-06-17 12:30:23,,30.7,,,
4190488910,Oakley seller titanio,50.0,,2026-06-16 05:50:40,2026-06-16 05:50:40,disappeared,2026-06-17 12:30:23,,30.7,,,
3908572947,Occhiali da sole Oakley con custodia morbida,150.0,,2026-06-16 05:50:40,2026-06-17 13:10:37,disappeared,2026-06-17 13:40:04,,31.8,,,
3505975498,Casco mtb Oakley drt5 nero,100.0,,2026-06-16 05:50:40,2026-06-17 13:10:37,disappeared,2026-06-17 13:40:04,,31.8,,,
3425157432,Óculos  de sol Oakley ,85.0,,2026-06-16 05:50:40,2026-06-16 05:50:40,disappeared,2026-06-17 12:30:23,,30.7,,,
3291330321,Chemise à carreaux Oakley.,35.0,,2026-06-16 05:50:40,2026-06-16 05:50:40,disappeared,2026-06-17 12:30:23,,30.7,,,
904786569,Pantalon de ski homme Gris,15.0,,2026-06-16 05:50:40,2026-06-17 12:30:23,disappeared,2026-06-17 13:10:37,,31.3,,,
3244591023,Oakley 2023 Encoder Strike Lunette,205.0,,2026-06-16 05:50:40,2026-06-16 05:50:40,disappeared,2026-06-17 12:30:23,,30.7,,,
1474934829,7 x Schülerhilfe Abitur neuwertig ,20.0,,2026-06-16 05:50:40,2026-06-16 05:50:40,disappeared,2026-06-17 12:30:23,,30.7,,,
2050834492,Robe longue moulante rose fuchsia ,22.0,,2026-06-16 05:50:40,2026-06-16 05:50:40,disappeared,2026-06-17 12:30:23,,30.7,,,
518579993,Robe cocktail ,90.0,,2026-06-16 05:50:40,2026-06-16 05:50:40,disappeared,2026-06-17 12:30:23,,30.7,,,
9195785560,Mug isotherme stanley- lilas,32.0,1781698961,2026-06-17 12:30:23,2026-06-17 18:59:38,disappeared,2026-07-02 07:07:49,354.8,354.6,,,
9195769615,Stanley x Barbie Quencher 40 oz - 80’s Superstar - new,80.0,1781698848,2026-06-17 12:30:23,2026-07-04 06:34:57,active,,,,Stanley,,
9195665424,Stanley x Barbie Quencher 40 oz - 80’s Dynamite - new,55.0,1781698105,2026-06-17 12:30:23,2026-06-17 18:59:38,disappeared,2026-07-02 07:07:49,355.0,354.6,,,
9195747656,Telesin camerahouder voor rond de nek,23.0,,2026-06-17 12:30:23,2026-06-17 12:30:23,disappeared,2026-06-17 13:10:37,,0.7,,,
9195653685,"Stanley Quencher H2.0 FlowState Tumbler 40 oz (1,18 L) mit VICHY-Gravur",25.0,1781698021,2026-06-17 12:30:23,2026-06-17 13:40:04,disappeared,2026-06-17 14:03:16,1.9,1.5,,,
9195644130,Borraccia Stanley Quencher H2O 1.2l 40 Oz Tumbler Cherry blossom,30.0,1781697952,2026-06-17 12:30:23,2026-06-17 18:59:38,disappeared,2026-07-02 07:07:49,355.0,354.6,,,
9195557241,Stanley x Barbie Quencher 40 oz - Barbie Icon - new,55.0,1781697330,2026-06-17 12:30:23,2026-06-17 18:59:38,disappeared,2026-07-02 07:07:49,355.2,354.6,,,
9195258996,Stanley x Barbie Quencher 40 oz - 1959 Original - new,55.0,1781695099,2026-06-17 12:30:23,2026-06-17 18:59:38,disappeared,2026-07-02 07:07:49,355.8,354.6,,,
9194851381,Stanley Quencher® H2.0 FlowState Tumbler | 1.18L,45.0,1781692013,2026-06-17 12:30:23,2026-07-04 06:34:57,active,,,,Stanley,,
9194752686,"Stanley Quencher H2.0 1,2 Liter",18.0,1781691260,2026-06-17 12:30:23,2026-06-17 18:59:38,disappeared,2026-07-02 07:07:49,356.9,354.6,,,
9194252211,Termo Stanley Labubu Quencher - Nuevo sin etiqueta,37.0,1781687455,2026-06-17 12:30:23,2026-06-17 16:00:55,disappeared,2026-06-17 18:59:38,9.8,6.5,,,
9193640896,"Stanley The Quencher H2.0 FlowState Tumbler 1,18L Cream / Beige Neuf",34.0,,2026-06-17 12:30:23,2026-06-17 12:30:23,disappeared,2026-06-17 13:10:37,,0.7,,,
8716693258,Stanley Quencher H2.0 1.18L (40oz) Rosa,34.99,1776800973,2026-06-17 12:30:23,2026-07-04 06:34:57,active,,,,Stanley,,1.18l pink
9189384876,Termo Stanley Quencher H2.0 FlowState 40oz – Nuevo sin etiqueta,35.0,1781622916,2026-06-17 12:30:23,2026-06-17 18:59:38,disappeared,2026-07-02 07:07:49,375.9,354.6,,,
9189632928,Lot 2 Mug stanley the quencher h2.0,55.0,1781624491,2026-06-17 12:30:23,2026-07-04 06:34:57,active,,,,Stanley,,
9192504547,"Gourde Stanley avec paille, neuve !",40.0,1781643775,2026-06-17 12:30:23,2026-06-17 18:59:38,disappeared,2026-07-02 07:07:49,370.1,354.6,,,
9191924394,"Stanley Quencher H2.0 Tumbler 1,18 L NEU",50.0,1781638906,2026-06-17 12:30:23,2026-07-04 06:34:57,active,,,,Stanley,,
9191898750,Stanley Cup nuova,34.9,1781638731,2026-06-17 12:30:23,2026-06-17 18:59:38,disappeared,2026-07-02 07:07:49,371.5,354.6,,,
9191650045,Pink cherry the quencher flowstate stanley,65.0,1781637082,2026-06-17 12:30:23,2026-06-17 18:59:38,disappeared,2026-07-02 07:07:49,371.9,354.6,,,
9191151271,Stanley quencher flowstate,35.0,1781633932,2026-06-17 12:30:23,2026-06-17 18:59:38,disappeared,2026-07-02 07:07:49,372.8,354.6,,,
9191129656,Stanley flowstate quencher,35.0,1781633797,2026-06-17 12:30:23,2026-06-17 18:59:38,disappeared,2026-07-02 07:07:49,372.9,354.6,,,
9190529324,"Stanley 1,18l pink",45.0,1781630025,2026-06-17 12:30:23,2026-06-17 18:59:38,disappeared,2026-07-02 07:07:49,373.9,354.6,,,
9189913036,Copo Térmico Stanley Quencher Tumbler 1.18L,29.0,1781626226,2026-06-17 12:30:23,2026-06-17 14:31:51,disappeared,2026-06-17 16:00:55,23.8,3.5,,,
9190547221,"Stanley 0,89l türkis blau",39.0,1781630138,2026-06-17 12:30:23,2026-06-17 18:59:38,disappeared,2026-07-02 07:07:49,373.9,354.6,,,
9189855761,Stanley Quencher H2.0 Flowstate 40oz Hello Kitty – Edición Limitada  NUEVO,45.0,1781625870,2026-06-17 12:30:23,2026-06-17 18:59:38,disappeared,2026-07-02 07:07:49,375.1,354.6,,,
9189441271,Stanley Quencher Carry all lila nieuw!,20.0,1781623278,2026-06-17 12:30:23,2026-06-17 18:59:38,disappeared,2026-07-02 07:07:49,375.8,354.6,,,
9189246337,"Gourde Stanley Quencher H2.0 40oz (1,18L)  Violette / Neuve+ mug car",30.0,1781638416,2026-06-17 12:30:23,2026-06-17 18:59:38,disappeared,2026-07-02 07:07:49,371.6,354.6,,,
9188395993,"Stanley Quencher H2.0 FlowState Tumbler 1,18L (40oz)",35.0,1781616322,2026-06-17 12:30:23,2026-06-17 18:59:38,disappeared,2026-07-02 07:07:49,377.7,354.6,,,
9186640466,Stanley,30.0,1781603725,2026-06-17 12:30:23,2026-06-17 18:59:38,disappeared,2026-07-02 07:07:49,381.2,354.6,,,
9187865642,"Stanley The FlowState Quencher H2.0 Tumbler 1,18 L 40  oz – Cremeweiß",38.0,1781612719,2026-06-17 12:30:23,2026-06-17 18:59:38,disappeared,2026-07-02 07:07:49,378.7,354.6,,,
9187989888,"Stanley Quencher Protour Tumbler 1,18l pink, Neu!",45.0,1781613574,2026-06-17 12:30:23,2026-06-17 18:59:38,disappeared,2026-07-02 07:07:49,378.5,354.6,,,
9186600486,Stanley,30.0,1781603426,2026-06-17 12:30:23,2026-06-17 18:59:38,disappeared,2026-07-02 07:07:49,381.3,354.6,,,
9186568455,Stanley Quencher H2.0 Flowstate 1.18L,48.0,1781603185,2026-06-17 12:30:23,2026-07-04 06:34:57,active,,,,Stanley,,
9186579380,Stanley,30.0,1781603267,2026-06-17 12:30:23,2026-06-17 18:59:38,disappeared,2026-07-02 07:07:49,381.3,354.6,,,
9186445945,Stanley,30.0,1781602264,2026-06-17 12:30:23,2026-06-17 18:59:38,disappeared,2026-07-02 07:07:49,381.6,354.6,,,
9186323487,"🌷 Stanley Quencher H2.0 FlowState Tumbler 40 oz / 1,18 L – Rose Quartz Marble 🌷",45.0,1781601320,2026-06-17 12:30:23,2026-06-17 16:00:55,disappeared,2026-06-17 18:59:38,33.7,6.5,,,
9190671105,Stanley Quencher H2.0 Flowstate Tumbler 1.2L,20.0,1781630917,2026-06-17 12:30:23,2026-06-17 18:59:38,disappeared,2026-07-02 07:07:49,373.7,354.6,,,
9186320342,"🌸 StanleyCup H2.0 FlowState Tumbler 40 oz / 1,18 L – Pink Red 🌸",40.0,1781601295,2026-06-17 12:30:23,2026-06-17 18:59:38,disappeared,2026-07-02 07:07:49,381.9,354.6,,,
9185693219,"Stanly+LoveShackFancy Quencher 1,18l mit rosa Desgin",75.0,1781595324,2026-06-17 12:30:23,2026-06-17 18:59:38,disappeared,2026-07-02 07:07:49,383.5,354.6,,,
9185605539,The Barbie x Stanley Icon Quencher Venez,65.0,1781594229,2026-06-17 12:30:23,2026-06-17 18:59:38,disappeared,2026-07-02 07:07:49,383.8,354.6,,,
9160133947,"Stanley Cup Quencher H20 1,18L TikTok crème avec étiquette compte",45.0,1781344624,2026-06-17 12:30:23,2026-07-04 06:34:57,active,,,,Stanley,,1.18l cream
9159524225,"Stanley 1913 Ken 1,18 L isolierte Trinkflasche neu",62.0,1781340465,2026-06-17 12:30:23,2026-06-17 18:59:38,disappeared,2026-07-02 07:07:49,454.3,354.6,,,
9146321089,Stanley thermobeker nieuw !,30.0,,2026-06-17 12:30:23,2026-06-17 12:30:23,disappeared,2026-06-17 13:10:37,,0.7,,,
9135030405,Neuer Stanley Cup,45.0,,2026-06-17 12:30:23,2026-06-17 12:30:23,disappeared,2026-06-17 13:10:37,,0.7,,,
9116715689,Stanley,20.0,1780861709,2026-06-17 12:30:23,2026-06-17 18:59:38,disappeared,2026-07-02 07:07:49,587.3,354.6,,,
9107521162,Stanley Quencher 40oz rosa/pink | H2.0 FlowState Tumbler mit Strohhalm,35.0,1780817237,2026-06-17 12:30:23,2026-07-04 06:34:57,active,,,,Stanley,,40oz pink
9145836654,Oakley Sonnenbrille Twoface *neu*,180.0,,2026-06-17 12:30:23,2026-06-17 12:30:23,disappeared,2026-06-17 13:10:37,,0.7,,,
9115232542,Gurt für Stanley Cup,27.0,1780853993,2026-06-17 12:30:23,2026-06-17 18:59:38,disappeared,2026-07-02 07:07:49,589.5,354.6,,,
9144145994,Adidas,55.0,,2026-06-17 12:30:23,2026-06-17 12:30:23,disappeared,2026-06-17 13:10:37,,0.7,,,
9100849738,Stanley Quencher H2.0 Tumbler,39.0,1780744884,2026-06-17 12:30:23,2026-06-17 18:59:38,disappeared,2026-07-02 07:07:49,619.8,354.6,,,
9128579030,Oakley hybrid golf head cover,30.0,,2026-06-17 12:30:23,2026-06-17 12:30:23,disappeared,2026-06-17 13:10:37,,0.7,,,
9071082164,Mug isotherme Starbucks stanley,80.0,,2026-06-17 12:30:23,2026-06-17 12:30:23,disappeared,2026-06-17 13:10:37,,0.7,,,
9094873571,Completo bici ottime condizioni con dettagli speciali maniche al gomiti  tessuto,34.0,,2026-06-17 12:30:23,2026-06-17 12:30:23,disappeared,2026-06-17 13:10:37,,0.7,,,
8943290697,Stanley thermosfles,35.0,1779382937,2026-06-17 12:30:23,2026-07-04 06:34:57,active,,,,Stanley,Lila,
9012161806,Thermobecher,6.0,,2026-06-17 12:30:23,2026-06-17 13:10:37,disappeared,2026-06-17 13:40:04,,1.2,,,
9000689963,Lunette Oackley,70.0,,2026-06-17 12:30:23,2026-06-17 12:30:23,disappeared,2026-06-17 13:10:37,,0.7,,,
8921241280,Gourde Stanley,38.0,,2026-06-17 12:30:23,2026-06-17 12:30:23,disappeared,2026-06-17 13:10:37,,0.7,,,
8892676612,Flip Straw Stanley 40 Oz Messi,65.0,,2026-06-17 12:30:23,2026-06-17 12:30:23,disappeared,2026-06-17 13:10:37,,0.7,,,
8618437437,Stanley Quencher,20.0,1775892786,2026-06-17 12:30:23,2026-06-17 16:00:55,disappeared,2026-06-17 18:59:38,1619.4,6.5,,,
8848043831,Stanley Cup,30.0,1778155040,2026-06-17 12:30:23,2026-07-04 06:34:57,active,,,,Stanley,,
8845025845,Vaso Stanley acero inoxidable,50.0,1778101914,2026-06-17 12:30:23,2026-07-04 06:34:57,active,,,,Stanley,,
8756469302,Original Stanley Quencher H2.0 Flowstate Tumbler creme neu,42.0,1777223115,2026-06-17 12:30:23,2026-06-17 18:59:38,disappeared,2026-07-02 07:07:49,1598.0,354.6,,,
8956201519,Haut Nike division menthe,40.0,,2026-06-17 12:30:23,2026-06-17 12:30:23,disappeared,2026-06-17 13:10:37,,0.7,,,
8792859914,Stanley Cup Pink,45.0,1777632551,2026-06-17 12:30:23,2026-06-17 18:59:38,disappeared,2026-07-02 07:07:49,1484.3,354.6,,,
8836740737,Stanley cup x F4Y,50.0,1778243200,2026-06-17 12:30:23,2026-07-03 12:20:39,disappeared,2026-07-04 06:34:57,1362.1,402.1,Stanley,Crème,
8383624359,Stanley Quencher originale 40oz / 1.18L con cannuccia – colore crema,25.0,,2026-06-17 12:30:23,2026-06-17 18:59:38,disappeared,2026-07-02 07:07:49,,354.6,,,
8498087559,Stanley Quencher H2.0 Flowstate Tumbler,30.0,1774627973,2026-06-17 12:30:23,2026-06-17 18:59:38,disappeared,2026-07-02 07:07:49,2318.9,354.6,,,
8581271594,Stanley Cup Braun / Espresso,70.0,,2026-06-17 12:30:23,2026-06-17 12:30:23,disappeared,2026-06-17 13:10:37,,0.7,,,
8544155232,Nieuwe Stanley Flip straw 0.59 l grijs drinkfles,44.95,,2026-06-17 12:30:23,2026-06-17 12:30:23,disappeared,2026-06-17 13:10:37,,0.7,,,
8427205945,Stanley Quencher H2.0 Flowstate Tumbler thermosfles 1.18 L,37.99,,2026-06-17 12:30:23,2026-06-17 18:59:38,disappeared,2026-07-02 07:07:49,,354.6,,,
8551304073,stanley cup,25.0,1775158236,2026-06-17 12:30:23,2026-06-17 18:59:38,disappeared,2026-07-02 07:07:49,2171.6,354.6,,,
8742513026,Thermobecher mit Henkel & Strohhalm,8.0,,2026-06-17 12:30:23,2026-06-17 13:10:37,disappeared,2026-06-17 13:40:04,,1.2,,,
7172813438,Stanley quencher h2.0 tumbler lila,34.95,,2026-06-17 12:30:23,2026-06-17 18:59:38,disappeared,2026-07-02 07:07:49,,354.6,,,
8166213064,"Stanley cup Quencher 2.0 1,18 ltk Thermoflasche blu spruce mit Ersatzdeckel und ",40.0,,2026-06-17 12:30:23,2026-06-17 18:59:38,disappeared,2026-07-02 07:07:49,,354.6,,,
8605045232,Gymshark Onyx 5.0 Seamless Hoodie Black Onyx Grey,130.0,,2026-06-17 12:30:23,2026-06-17 12:30:23,disappeared,2026-06-17 13:10:37,,0.7,,,
8569706053,Oakley metal frame cross hair 2.0,120.0,,2026-06-17 12:30:23,2026-06-17 12:30:23,disappeared,2026-06-17 13:10:37,,0.7,,,
7868989102,Stanley drinkfles,35.0,,2026-06-17 12:30:23,2026-06-17 12:30:23,disappeared,2026-06-17 13:10:37,,0.7,,,
7564699160,Stanley termo color negro,30.0,,2026-06-17 12:30:23,2026-06-17 12:30:23,disappeared,2026-06-17 13:10:37,,0.7,,,
7500274949,Stanley Cup 40oz/1.18L,40.0,1764838657,2026-06-17 12:30:23,2026-07-04 06:34:57,active,,,,Stanley,,
8458647729,Jurkje Nikki x Kate Moss,45.0,,2026-06-17 12:30:23,2026-06-17 12:30:23,disappeared,2026-06-17 13:10:37,,0.7,,,
5929938728,Gourde Stanleycup,49.0,,2026-06-17 12:30:23,2026-06-17 12:30:23,disappeared,2026-06-17 13:10:37,,0.7,,,
7466346978,Stanley Thermos (love),100.0,,2026-06-17 12:30:23,2026-06-17 12:30:23,disappeared,2026-06-17 13:10:37,,0.7,,,
7361136057,beker,5.0,,2026-06-17 12:30:23,2026-06-17 13:10:37,disappeared,2026-06-17 13:40:04,,1.2,,,
5393975625,Stanley x Starbucks cup,100.0,,2026-06-17 12:30:23,2026-06-17 13:10:37,disappeared,2026-06-17 13:40:04,,1.2,,,
7921829959,Vasos / Mini floreros,22.0,,2026-06-17 12:30:23,2026-06-17 13:10:37,disappeared,2026-06-17 13:40:04,,1.2,,,
8095228877,Luxurious pearl beaded dress,48.0,,2026-06-17 12:30:23,2026-06-17 13:10:37,disappeared,2026-06-17 13:40:04,,1.2,,,
8175586254,"ISObecher, Thermosbecher, Thermobecher ca 27 cm, braun",5.0,,2026-06-17 12:30:23,2026-06-17 13:10:37,disappeared,2026-06-17 13:40:04,,1.2,,,
8175737012,Adizero select 3.0 Low,50.0,,2026-06-17 12:30:23,2026-06-17 13:10:37,disappeared,2026-06-17 13:40:04,,1.2,,,
5694471597,stanley,35.0,,2026-06-17 12:30:23,2026-06-17 13:10:37,disappeared,2026-06-17 13:40:04,,1.2,,,
6872136063,Bouteille d’eau,8.0,,2026-06-17 12:30:23,2026-06-17 13:10:37,disappeared,2026-06-17 13:40:04,,1.2,,,
5929911936,Stanley gourde cup,49.0,,2026-06-17 12:30:23,2026-06-17 16:00:55,disappeared,2026-06-17 18:59:38,,6.5,,,
7903522774,Boxer de bain adidas,20.0,,2026-06-17 12:30:23,2026-06-17 12:30:23,disappeared,2026-06-17 13:10:37,,0.7,,,
7599322821,Stanley dupe,6.0,,2026-06-17 12:30:23,2026-06-17 13:10:37,disappeared,2026-06-17 13:40:04,,1.2,,,
7812166876,Lunettes soleil,50.0,,2026-06-17 12:30:23,2026-06-17 12:30:23,disappeared,2026-06-17 13:10:37,,0.7,,,
7727329359,Ampoule phare led,40.0,,2026-06-17 12:30:23,2026-06-17 12:30:23,disappeared,2026-06-17 13:10:37,,0.7,,,
7580548185,Stanley,35.0,,2026-06-17 12:30:23,2026-06-17 18:59:38,disappeared,2026-07-02 07:07:49,,354.6,Rose,,rose
7690745269,Lot de vêtements femme enceinte 🤰,60.0,,2026-06-17 12:30:23,2026-06-17 12:30:23,disappeared,2026-06-17 13:10:37,,0.7,,,
4488269864,Coupe Stanley nouveau blanc laiteux,49.0,,2026-06-17 12:30:23,2026-06-17 13:10:37,disappeared,2026-06-17 13:40:04,,1.2,,,
7222036119,Sandale claquette,80.0,,2026-06-17 12:30:23,2026-06-17 12:30:23,disappeared,2026-06-17 13:10:37,,0.7,,,
7001460903,Black T-shirt from Wrangler size M,10.0,,2026-06-17 12:30:23,2026-06-17 12:30:23,disappeared,2026-06-17 13:10:37,,0.7,,,
7391656370,Basket adidas YZY,70.0,,2026-06-17 12:30:23,2026-06-17 12:30:23,disappeared,2026-06-17 13:10:37,,0.7,,,
6866402994,Somerway Becher neu,8.0,,2026-06-17 12:30:23,2026-06-17 12:30:23,disappeared,2026-06-17 13:10:37,,0.7,,,
6681672755,Stanley dupe,17.5,,2026-06-17 12:30:23,2026-06-17 12:30:23,disappeared,2026-06-17 13:10:37,,0.7,,,
6606756825,Trink Flasche,30.0,,2026-06-17 12:30:23,2026-06-17 12:30:23,disappeared,2026-06-17 13:10:37,,0.7,,,
6452201032,Lunette de soleil oakley noir,45.0,,2026-06-17 12:30:23,2026-06-17 12:30:23,disappeared,2026-06-17 13:10:37,,0.7,,,
6680319554,Robe habillée fleurs,90.0,,2026-06-17 12:30:23,2026-06-17 12:30:23,disappeared,2026-06-17 13:10:37,,0.7,,,
6811594754,Standesamtkleid Nikahlik Brautkleid,100.0,,2026-06-17 12:30:23,2026-06-17 12:30:23,disappeared,2026-06-17 13:10:37,,0.7,,,
6580275074,Costume uomo nuovo taglia S,27.99,,2026-06-17 12:30:23,2026-06-17 12:30:23,disappeared,2026-06-17 13:10:37,,0.7,,,
5779960741,"Gourde isotherme, drinking cup beige",24.99,,2026-06-17 12:30:23,2026-06-17 12:30:23,disappeared,2026-06-17 13:10:37,,0.7,,,
6533963819,Crocs Puffer Sneakers (Rares - 43EU),42.0,,2026-06-17 12:30:23,2026-06-17 12:30:23,disappeared,2026-06-17 13:10:37,,0.7,,,
6272135934,Malelions badslippers heren,40.0,,2026-06-17 12:30:23,2026-06-17 12:30:23,disappeared,2026-06-17 13:10:37,,0.7,,,
6457990019,Chaussures d'intervention securite magnum,45.0,,2026-06-17 12:30:23,2026-06-17 12:30:23,disappeared,2026-06-17 13:10:37,,0.7,,,
5402567593,Chemise noire,4.0,,2026-06-17 12:30:23,2026-06-17 12:30:23,disappeared,2026-06-17 13:10:37,,0.7,,,
6132400668,"Micro , bras de micro , bras d’écran",60.0,,2026-06-17 12:30:23,2026-06-17 12:30:23,disappeared,2026-06-17 13:10:37,,0.7,,,
5957188476,"Zweiteiler in Blau – ungetragen, neu ohne Etikett”",35.0,,2026-06-17 12:30:23,2026-06-17 12:30:23,disappeared,2026-06-17 13:10:37,,0.7,,,
5717790079,Baguette de  hermione granger,45.0,,2026-06-17 12:30:23,2026-06-17 12:30:23,disappeared,2026-06-17 13:10:37,,0.7,,,
5755091988,Support siège,80.0,,2026-06-17 12:30:23,2026-06-17 12:30:23,disappeared,2026-06-17 13:10:37,,0.7,,,
5562589437,Wrangler Daunenparka navy,55.0,,2026-06-17 12:30:23,2026-06-17 12:30:23,disappeared,2026-06-17 13:10:37,,0.7,,,
5722300765,Rouleau de tissu 50m - Microfibre noir,110.0,,2026-06-17 12:30:23,2026-06-17 12:30:23,disappeared,2026-06-17 13:10:37,,0.7,,,
5363032997,Robe noir de soirée taille S,35.5,,2026-06-17 12:30:23,2026-06-17 12:30:23,disappeared,2026-06-17 13:10:37,,0.7,,,
5019325388,Support de table pour appareil,50.0,,2026-06-17 12:30:23,2026-06-17 12:30:23,disappeared,2026-06-17 13:10:37,,0.7,,,
5334640385,Wunderschönes Kleid,89.0,,2026-06-17 12:30:23,2026-06-17 12:30:23,disappeared,2026-06-17 13:10:37,,0.7,,,
4824687326,2Teiler,38.0,,2026-06-17 12:30:23,2026-06-17 12:30:23,disappeared,2026-06-17 13:10:37,,0.7,,,
5190349710,Rose schimmer Abend kleid,50.0,,2026-06-17 12:30:23,2026-06-17 12:30:23,disappeared,2026-06-17 13:10:37,,0.7,,,
4908707011,Robe Oh Polly,35.0,,2026-06-17 12:30:23,2026-06-17 12:30:23,disappeared,2026-06-17 13:10:37,,0.7,,,
5173964905,Schlichtes Hochzeitskleid,1300.0,,2026-06-17 12:30:23,2026-06-17 12:30:23,disappeared,2026-06-17 13:10:37,,0.7,,,
3311584148,Robe de Cérémonie / Mariage,60.0,,2026-06-17 12:30:23,2026-06-17 12:30:23,disappeared,2026-06-17 13:10:37,,0.7,,,
3069045249,Coque rinoshield Samsung A53,40.0,,2026-06-17 12:30:23,2026-06-17 12:30:23,disappeared,2026-06-17 13:10:37,,0.7,,,
2977665258,costume Bear uomo,12.0,,2026-06-17 12:30:23,2026-06-17 12:30:23,disappeared,2026-06-17 13:10:37,,0.7,,,
3174961323,Robe asymétrique de soirée / demoiselle d'honneur ,200.0,,2026-06-17 12:30:23,2026-06-17 12:30:23,disappeared,2026-06-17 13:10:37,,0.7,,,
1615672077,Sweat wrangler coton ,6.0,,2026-06-17 12:30:23,2026-06-17 12:30:23,disappeared,2026-06-17 13:10:37,,0.7,,,
2618232337,The pekingese edward c ash,20.0,,2026-06-17 12:30:23,2026-06-17 12:30:23,disappeared,2026-06-17 13:10:37,,0.7,,,
1266491344,Haut adidas,20.0,,2026-06-17 12:30:23,2026-06-17 12:30:23,disappeared,2026-06-17 13:10:37,,0.7,,,
2580997238,Rise of Dawn Kleid Party Australian ,50.0,,2026-06-17 12:30:23,2026-06-17 12:30:23,disappeared,2026-06-17 13:10:37,,0.7,,,
1693927946,"Kleid weiß in Größe 34/36 Neupreis 249,-",59.0,,2026-06-17 12:30:23,2026-06-17 12:30:23,disappeared,2026-06-17 13:10:37,,0.7,,,
1283938883,Air Jordan 5 retro ,200.0,,2026-06-17 12:30:23,2026-06-17 12:30:23,disappeared,2026-06-17 13:10:37,,0.7,,,
596970964,Robe moulante couleur nude ,40.0,,2026-06-17 12:30:23,2026-06-17 12:30:23,disappeared,2026-06-17 13:10:37,,0.7,,,
893634653,Nike AIR max 90,220.0,,2026-06-17 12:30:23,2026-06-17 12:30:23,disappeared,2026-06-17 13:10:37,,0.7,,,
766196583,Kleid,20.0,,2026-06-17 12:30:23,2026-06-17 12:30:23,disappeared,2026-06-17 13:10:37,,0.7,,,
176451258,Maillot football gardien de but vintage,50.0,,2026-06-17 12:30:23,2026-06-17 12:30:23,disappeared,2026-06-17 13:10:37,,0.7,,,
509766297,Robe noir cocktail ,79.0,,2026-06-17 12:30:23,2026-06-17 12:30:23,disappeared,2026-06-17 13:10:37,,0.7,,,
130282962,Robe de cocktail ,100.0,,2026-06-17 12:30:23,2026-06-17 12:30:23,disappeared,2026-06-17 13:10:37,,0.7,,,
9195842860,Stanley Cup Quencher H2.0,30.0,1781699361,2026-06-17 13:10:37,2026-06-17 18:59:38,disappeared,2026-07-02 07:07:49,354.6,354.0,,,
9195859224,Stanley x Barbie Quencher 40 oz - 4x - new - including tote bag,200.0,1781699474,2026-06-17 13:10:37,2026-06-17 18:59:38,disappeared,2026-07-02 07:07:49,354.6,354.0,,,
9172154821,Nieuw,2.95,,2026-06-17 13:10:37,2026-06-17 13:10:37,disappeared,2026-06-17 13:40:04,,0.5,,,
9164688211,Oakley Meta Vanguard occhiali da sole,430.0,,2026-06-17 13:10:37,2026-06-17 13:10:37,disappeared,2026-06-17 13:40:04,,0.5,,,
9151905684,Lunette de soleil Oakley Objector - verre polarisé,150.0,,2026-06-17 13:10:37,2026-06-17 13:10:37,disappeared,2026-06-17 13:40:04,,0.5,,,
9125818456,Stanley Cup - Flowers Edition,70.0,,2026-06-17 13:10:37,2026-06-17 13:10:37,disappeared,2026-06-17 13:40:04,,0.5,,,
9138217338,1/4 Zip Under Armour HeatGear College Gris Homme M,20.0,,2026-06-17 13:10:37,2026-06-17 13:10:37,disappeared,2026-06-17 13:40:04,,0.5,,,
9136021632,Lunettes meta Oakley hstn,430.0,,2026-06-17 13:10:37,2026-06-17 13:10:37,disappeared,2026-06-17 13:40:04,,0.5,,,
9135638248,Trainings pak,20.0,,2026-06-17 13:10:37,2026-06-17 13:10:37,disappeared,2026-06-17 13:40:04,,0.5,,,
9078018537,Mug Stanley x LoveShackFancy,75.0,,2026-06-17 13:10:37,2026-06-17 13:10:37,disappeared,2026-06-17 13:40:04,,0.5,,,
9036831975,Vintage Oakley Track Fleece Thermal Black 2000s,49.99,,2026-06-17 13:10:37,2026-06-17 13:10:37,disappeared,2026-06-17 13:40:04,,0.5,,,
8961735578,bottiglia rosa di alluminio,15.0,,2026-06-17 13:10:37,2026-06-17 13:10:37,disappeared,2026-06-17 13:40:04,,0.5,,,
8945892995,Stanley Cub groß,27.0,,2026-06-17 13:10:37,2026-06-17 13:10:37,disappeared,2026-06-17 13:40:04,,0.5,,,
8981970411,Black oh polly mini dress,35.0,,2026-06-17 13:10:37,2026-06-17 13:10:37,disappeared,2026-06-17 13:40:04,,0.5,,,
8887280519,Stanley cup - limited edition,40.0,1778523406,2026-06-17 13:10:37,2026-06-17 18:59:38,disappeared,2026-07-02 07:07:49,1236.9,354.0,,,
8954757765,Oh Polly Midi Dress with Slit,55.0,,2026-06-17 13:10:37,2026-06-17 13:10:37,disappeared,2026-06-17 13:40:04,,0.5,,,
8947140875,The North Face Pull 1/4 Zip Femme Gris Workday SKO Taille XL,17.9,,2026-06-17 13:10:37,2026-06-17 13:10:37,disappeared,2026-06-17 13:40:04,,0.5,,,
8752757798,Gourde Stanley,50.0,1777478481,2026-06-17 13:10:37,2026-06-17 18:59:38,disappeared,2026-07-02 07:07:49,1527.1,354.0,,,
8754384384,Water cup,20.0,,2026-06-17 13:10:37,2026-06-17 13:10:37,disappeared,2026-06-17 13:40:04,,0.5,,,
8737972867,Shaft fubuki AT 60x5ct flex-s,15.0,,2026-06-17 13:10:37,2026-06-17 13:10:37,disappeared,2026-06-17 13:40:04,,0.5,,,
8426156719,Stanley fles,33.0,1776528084,2026-06-17 13:10:37,2026-06-17 16:00:55,disappeared,2026-06-17 18:59:38,1443.0,5.8,,,
8719035224,Thermos drinkbeker tumbler 1.2L legergroen,30.0,,2026-06-17 13:10:37,2026-06-17 13:10:37,disappeared,2026-06-17 13:40:04,,0.5,,,
8711203333,Sneaker futuriste noire Adidas par Stella McCartney,280.0,,2026-06-17 13:10:37,2026-06-17 13:10:37,disappeared,2026-06-17 13:40:04,,0.5,,,
8671063970,Stanley dupe,15.0,,2026-06-17 13:10:37,2026-06-17 13:10:37,disappeared,2026-06-17 13:40:04,,0.5,,,
8620183252,T-shirt Explosives Fibres,45.0,,2026-06-17 13:10:37,2026-06-17 13:10:37,disappeared,2026-06-17 13:40:04,,0.5,,,
8109341846,Stanley - Gourde,45.0,,2026-06-17 13:10:37,2026-06-17 18:59:38,disappeared,2026-07-02 07:07:49,,354.0,Stanley,Blanc,stanley blanc
8086909761,Stanley cup weiß,40.0,,2026-06-17 13:10:37,2026-06-17 13:10:37,disappeared,2026-06-17 13:40:04,,0.5,,,
8580097520,Basket nike homme,20.0,,2026-06-17 13:10:37,2026-06-17 13:10:37,disappeared,2026-06-17 13:40:04,,0.5,,,
8555740320,Système de retenue pour fauteuil roulant Standard eco,80.0,,2026-06-17 13:10:37,2026-06-17 13:10:37,disappeared,2026-06-17 13:40:04,,0.5,,,
8550773413,Les plus belles berceuses du monde,10.0,,2026-06-17 13:10:37,2026-06-17 13:10:37,disappeared,2026-06-17 13:40:04,,0.5,,,
8441151606,Metall Isolierflasche Teinkflasche 1 Liter rosa,9.5,,2026-06-17 13:10:37,2026-06-17 13:10:37,disappeared,2026-06-17 13:40:04,,0.5,,,
8020250912,Manteau doudoune O'Neill ski M,45.0,,2026-06-17 13:10:37,2026-06-17 13:10:37,disappeared,2026-06-17 13:40:04,,0.5,,,
7924873922,"Authentique sac à dos Oakley String Bag ,  cordon avec poche, quasiment neuf",45.0,,2026-06-17 13:10:37,2026-06-17 13:10:37,disappeared,2026-06-17 13:40:04,,0.5,,,
7846755914,Lunettes soleil ou vue,35.0,,2026-06-17 13:10:37,2026-06-17 13:10:37,disappeared,2026-06-17 13:40:04,,0.5,,,
7454895911,Gourde et ses accessoires,10.0,,2026-06-17 13:10:37,2026-06-17 13:10:37,disappeared,2026-06-17 13:40:04,,0.5,,,
7823979430,Comment larguer Matthew de Jane Fallon,2.0,,2026-06-17 13:10:37,2026-06-17 13:10:37,disappeared,2026-06-17 13:40:04,,0.5,,,
5088656138,Mooie nieuwe warm/koud cup,38.0,,2026-06-17 13:10:37,2026-06-17 13:10:37,disappeared,2026-06-17 13:40:04,,0.5,,,
7302325113,Pull de golf puma,20.0,,2026-06-17 13:10:37,2026-06-17 13:10:37,disappeared,2026-06-17 13:40:04,,0.5,,,
7614456943,Livre Le fantôme Coups de cœur de Danielle Steel,1.49,,2026-06-17 13:10:37,2026-06-17 13:10:37,disappeared,2026-06-17 13:40:04,,0.5,,,
7522169769,Maxi dress - Scotch & Soda,25.0,,2026-06-17 13:10:37,2026-06-17 13:10:37,disappeared,2026-06-17 13:40:04,,0.5,,,
7279899773,Masque lunette anti poussière et sable,60.0,,2026-06-17 13:10:37,2026-06-17 16:00:55,disappeared,2026-06-17 18:59:38,,5.8,,,
7088457141,T shirt gris,12.0,,2026-06-17 13:10:37,2026-06-17 13:10:37,disappeared,2026-06-17 13:40:04,,0.5,,,
7226751364,Robe jamais porté,40.0,,2026-06-17 13:10:37,2026-06-17 13:10:37,disappeared,2026-06-17 13:40:04,,0.5,,,
7360597170,Livre Danielle Steel,4.0,,2026-06-17 13:10:37,2026-06-17 13:10:37,disappeared,2026-06-17 13:40:04,,0.5,,,
7082235386,137 009 189  Oakley twoface,100.0,,2026-06-17 13:10:37,2026-06-17 13:10:37,disappeared,2026-06-17 13:40:04,,0.5,,,
7033826113,Adidas Equipment ADV / 91-18 Veste à capuche,60.0,,2026-06-17 13:10:37,2026-06-17 13:10:37,disappeared,2026-06-17 13:40:04,,0.5,,,
7125166732,Robe courte Lynn Adler taille L,19.0,,2026-06-17 13:10:37,2026-06-17 13:10:37,disappeared,2026-06-17 13:40:04,,0.5,,,
6629378512,Roestvrijstalen beker,6.0,,2026-06-17 13:10:37,2026-06-17 13:10:37,disappeared,2026-06-17 13:40:04,,0.5,,,
6642812165,Coque tigra sport iPhone 15 pro max,12.0,,2026-06-17 13:10:37,2026-06-17 13:10:37,disappeared,2026-06-17 13:40:04,,0.5,,,
6599215022,Lunettes de soleil Oakley Holbrook XS Crys black/prizm jade,70.0,,2026-06-17 13:10:37,2026-06-17 13:10:37,disappeared,2026-06-17 13:40:04,,0.5,,,
6587800111,Branches Oakley Crosslink,40.0,,2026-06-17 13:10:37,2026-06-17 13:10:37,disappeared,2026-06-17 13:40:04,,0.5,,,
6220261221,Vaso termo,15.0,,2026-06-17 13:10:37,2026-06-17 13:10:37,disappeared,2026-06-17 13:40:04,,0.5,,,
6616234269,Oakley Sutro S,100.0,,2026-06-17 13:10:37,2026-06-17 13:10:37,disappeared,2026-06-17 13:40:04,,0.5,,,
6439091942,Maillot de la Chine,50.0,,2026-06-17 13:10:37,2026-06-17 13:10:37,disappeared,2026-06-17 13:40:04,,0.5,,,
5710054643,Trinkbecher,15.0,,2026-06-17 13:10:37,2026-06-17 13:10:37,disappeared,2026-06-17 13:40:04,,0.5,,,
6392365299,0T1149 Alpine A110 GT4 Evo GT4 European Series 2024,90.0,,2026-06-17 13:10:37,2026-06-17 13:10:37,disappeared,2026-06-17 13:40:04,,0.5,,,
6117875159,T-shirt oakley manica lunga,45.0,,2026-06-17 13:10:37,2026-06-17 13:10:37,disappeared,2026-06-17 13:40:04,,0.5,,,
6234261599,Occhiali Oakley da vista gradazione 2.25+,160.0,,2026-06-17 13:10:37,2026-06-17 13:10:37,disappeared,2026-06-17 13:40:04,,0.5,,,
5167381848,Gafas de sol Oakley nuevas,70.0,,2026-06-17 13:10:37,2026-06-17 13:10:37,disappeared,2026-06-17 13:40:04,,0.5,,,
5700551852,Vrolijke skipully meisje,30.0,,2026-06-17 13:10:37,2026-06-17 13:10:37,disappeared,2026-06-17 13:40:04,,0.5,,,
5426751941,repose casque blanc,12.0,,2026-06-17 13:10:37,2026-06-17 13:10:37,disappeared,2026-06-17 13:40:04,,0.5,,,
5621667821,Under armour Trainingsjacke,40.0,,2026-06-17 13:10:37,2026-06-17 13:10:37,disappeared,2026-06-17 13:40:04,,0.5,,,
5240631744,camicia con cerniera,12.0,,2026-06-17 13:10:37,2026-06-17 13:10:37,disappeared,2026-06-17 13:40:04,,0.5,,,
5433355732,TEE shirt Réal Madrid,35.0,,2026-06-17 13:10:37,2026-06-17 13:10:37,disappeared,2026-06-17 13:40:04,,0.5,,,
5456137932,Blouson,65.0,,2026-06-17 13:10:37,2026-06-17 13:10:37,disappeared,2026-06-17 13:40:04,,0.5,,,
3542448164,Lunette de soleil Oakley mixte ,50.0,,2026-06-17 13:10:37,2026-06-17 13:10:37,disappeared,2026-06-17 13:40:04,,0.5,,,
4830946212,Nerf hultra,60.0,,2026-06-17 13:10:37,2026-06-17 13:10:37,disappeared,2026-06-17 13:40:04,,0.5,,,
4860448321,O’Neill Jacket M,40.0,,2026-06-17 13:10:37,2026-06-17 13:10:37,disappeared,2026-06-17 13:40:04,,0.5,,,
4346503674,Oakley display tiers espositori,80.0,,2026-06-17 13:10:37,2026-06-17 13:10:37,disappeared,2026-06-17 13:40:04,,0.5,,,
4157897214,Oakley glasses,50.0,,2026-06-17 13:10:37,2026-06-17 13:10:37,disappeared,2026-06-17 13:40:04,,0.5,,,
4416468842,Elegant zacht babynieuws jurk,99.0,,2026-06-17 13:10:37,2026-06-17 13:10:37,disappeared,2026-06-17 13:40:04,,0.5,,,
3393805007,Livre Comment larguer Matthew de Jane Fallon,1.0,,2026-06-17 13:10:37,2026-06-17 13:10:37,disappeared,2026-06-17 13:40:04,,0.5,,,
4054347007,Rode stretch jurk,30.0,,2026-06-17 13:10:37,2026-06-17 13:10:37,disappeared,2026-06-17 13:40:04,,0.5,,,
2349789675,Danielle steel,1.0,,2026-06-17 13:10:37,2026-06-17 13:10:37,disappeared,2026-06-17 13:40:04,,0.5,,,
1807906075,Robe pull DKNY,15.0,,2026-06-17 13:10:37,2026-06-17 13:10:37,disappeared,2026-06-17 13:40:04,,0.5,,,
1636118826,Lunette de ski,110.0,,2026-06-17 13:10:37,2026-06-17 13:10:37,disappeared,2026-06-17 13:40:04,,0.5,,,
1255936240,Occhiali da sole uomo e donna ,50.0,,2026-06-17 13:10:37,2026-06-17 13:10:37,disappeared,2026-06-17 13:40:04,,0.5,,,
1797074061,Little blij dress merk set maat small 36 ,75.0,,2026-06-17 13:10:37,2026-06-17 13:10:37,disappeared,2026-06-17 13:40:04,,0.5,,,
812769949,Masque de ski Oakley ,120.0,,2026-06-17 13:10:37,2026-06-17 13:10:37,disappeared,2026-06-17 13:40:04,,0.5,,,
508505565,Galajurk,70.0,,2026-06-17 13:10:37,2026-06-17 13:10:37,disappeared,2026-06-17 13:40:04,,0.5,,,
9196384132,Stanley,33.0,1781703066,2026-06-17 13:40:04,2026-06-17 18:59:38,disappeared,2026-07-02 07:07:49,353.6,353.5,,,
9196355518,Stanley - Gourde Quencher H2.0 FlowState Neuve !,28.5,1781702873,2026-06-17 13:40:04,2026-06-17 18:59:38,disappeared,2026-07-02 07:07:49,353.7,353.5,,,
9196341131,Stanley -Gourde Quencher H2.0 FlowState Neuve !,28.5,1781702776,2026-06-17 13:40:04,2026-06-17 14:31:51,disappeared,2026-06-17 16:00:55,2.6,2.3,,,
9196306119,Stanley quencher met rietje 1.18l nieuw in doos!!,25.0,1781702541,2026-06-17 13:40:04,2026-06-17 16:00:55,disappeared,2026-06-17 18:59:38,5.6,5.3,,,
9196301460,Original Stanley Cup Quencher H2O Tumbler das Kultobjekt! Neu originalverpackt,39.0,1781702509,2026-06-17 13:40:04,2026-07-04 06:34:57,active,,,,Stanley,,
9191937564,Thermobecher mit Strohhalm neu,5.0,1781638995,2026-06-17 13:40:04,2026-06-17 18:59:38,disappeared,2026-07-02 07:07:49,371.4,353.5,,,
9188074048,Nieuw stanley  quencher . 1’18 liter inhoud lek proof,49.0,1781702959,2026-06-17 13:40:04,2026-07-04 06:34:57,active,,,,Stanley,,
9177963530,Izgs orginele stanley fles,22.5,1781514043,2026-06-17 13:40:04,2026-06-17 18:59:38,disappeared,2026-07-02 07:07:49,406.1,353.5,,,
9175857068,Gourde Stanley,23.0,1781539283,2026-06-17 13:40:04,2026-06-17 16:00:55,disappeared,2026-06-17 18:59:38,51.0,5.3,,,
9176320864,IceFlow Flip Straw 2.0 Tumbler 0.59L,40.0,1781470516,2026-06-17 13:40:04,2026-06-17 18:59:38,disappeared,2026-07-02 07:07:49,418.2,353.5,,,
9174895688,Stanley cup,35.0,1781461423,2026-06-17 13:40:04,2026-06-17 14:31:51,disappeared,2026-06-17 16:00:55,69.6,2.3,,,
9170519038,Termosmuki,22.0,1781441397,2026-06-17 13:40:04,2026-06-17 18:59:38,disappeared,2026-07-02 07:07:49,426.3,353.5,,,
9139216517,Stanley cup rose quartz,45.0,,2026-06-17 13:40:04,2026-06-17 13:40:04,disappeared,2026-06-17 14:03:16,,0.4,,,
9165236692,Stanley beker,25.0,1781376836,2026-06-17 13:40:04,2026-06-17 18:59:38,disappeared,2026-07-02 07:07:49,444.2,353.5,,,
9159786534,Coperchi per Stanley Cup,12.0,1781342306,2026-06-17 13:40:04,2026-06-17 14:31:51,disappeared,2026-06-17 16:00:55,102.7,2.3,,,
9156651094,Gourde Stanley blanche 887ml,40.0,1781287185,2026-06-17 13:40:04,2026-06-17 18:59:38,disappeared,2026-07-02 07:07:49,469.1,353.5,,,
9153875772,Stanley,18.0,,2026-06-17 13:40:04,2026-06-17 13:40:04,disappeared,2026-06-17 14:03:16,,0.4,,,
9135279659,Stanley Cup,13.0,1781107283,2026-06-17 13:40:04,2026-06-17 18:59:38,disappeared,2026-07-02 07:07:49,519.1,353.5,,,
9128117023,Stanley 20Oz 591 ml,19.0,1781107283,2026-06-17 13:40:04,2026-06-17 18:59:38,disappeared,2026-07-02 07:07:49,519.1,353.5,,,
9128733028,Stanley crossbodytas,30.0,1781005201,2026-06-17 13:40:04,2026-06-17 16:00:55,disappeared,2026-06-17 18:59:38,199.3,5.3,,,
9047583195,Olivia Rodrigo Stanley,30.0,1780220246,2026-06-17 13:40:04,2026-06-17 18:59:38,disappeared,2026-07-02 07:07:49,765.5,353.5,,,
9074828370,Gourde Stanley,35.0,1780477761,2026-06-17 13:40:04,2026-06-17 18:59:38,disappeared,2026-07-02 07:07:49,694.0,353.5,,,
9096105700,Cup Stanley sans couvercle,15.0,1781107291,2026-06-17 13:40:04,2026-06-17 18:59:38,disappeared,2026-07-02 07:07:49,519.1,353.5,,,
9070649964,Stanley,30.0,1780419050,2026-06-17 13:40:04,2026-06-17 18:59:38,disappeared,2026-07-02 07:07:49,710.3,353.5,,,
9071058451,Stanley Cup 20 oz,25.0,1780502492,2026-06-17 13:40:04,2026-06-17 18:59:38,disappeared,2026-07-02 07:07:49,687.1,353.5,,,
9059837702,Gourde 40oz,35.0,1780320021,2026-06-17 13:40:04,2026-06-17 18:59:38,disappeared,2026-07-02 07:07:49,737.8,353.5,,,
9060262273,Stanley Cup,40.0,,2026-06-17 13:40:04,2026-06-17 13:40:04,disappeared,2026-06-17 14:03:16,,0.4,,,
9044249081,Gourde stanley,30.0,1780502493,2026-06-17 13:40:04,2026-06-17 18:59:38,disappeared,2026-07-02 07:07:49,687.1,353.5,,,
9047143442,Botella stanley,35.0,,2026-06-17 13:40:04,2026-06-17 18:59:38,disappeared,2026-07-02 07:07:49,,353.5,Stanley,Crème,stanley crème
9028024286,"Gourde Stanley 1,8L",48.0,1780513213,2026-06-17 13:40:04,2026-06-17 18:59:38,disappeared,2026-07-02 07:07:49,684.1,353.5,Stanley,Rose,stanley 1.8l rose
8989067975,Gourde stanley,28.0,1779558340,2026-06-17 13:40:04,2026-06-17 18:59:38,disappeared,2026-07-02 07:07:49,949.4,353.5,,,
9008319266,Lot 2 couvercles de rechange pour gourde/tumbler type Stanley avec pailles & gou,9.0,1779775955,2026-06-17 13:40:04,2026-06-17 18:59:38,disappeared,2026-07-02 07:07:49,888.9,353.5,,,
9008424208,Lot 2 couvercles de rechange pour gourde tumber type Stanley avec pailles & goup,9.0,1779777896,2026-06-17 13:40:04,2026-06-17 18:59:38,disappeared,2026-07-02 07:07:49,888.4,353.5,,,
8985031627,Stanley tumbler Rosa,35.0,1779897692,2026-06-17 13:40:04,2026-06-17 18:59:38,disappeared,2026-07-02 07:07:49,855.1,353.5,,,
8986687222,Grey Stanley cup 1L,38.0,1779541108,2026-06-17 13:40:04,2026-06-17 18:59:38,disappeared,2026-07-02 07:07:49,954.2,353.5,,,
8983499321,"Stanley Cup rose original 40 oz/1,18 L",45.0,1779493767,2026-06-17 13:40:04,2026-06-17 18:59:38,disappeared,2026-07-02 07:07:49,967.3,353.5,,,
8960357017,Stanley beker,50.0,1779219932,2026-06-17 13:40:04,2026-06-17 18:59:38,disappeared,2026-07-02 07:07:49,1043.4,353.5,,,
9030627799,Devil Wears Prada 2 x Diet Coke limited edition tumbler,15.0,,2026-06-17 13:40:04,2026-06-17 13:40:04,disappeared,2026-06-17 14:03:16,,0.4,,,
8969523160,"Stanley 1,18L / 40oz",39.9,1779328828,2026-06-17 13:40:04,2026-06-17 18:59:38,disappeared,2026-07-02 07:07:49,1013.1,353.5,,,
8936346152,Stanley cup origineel,30.0,1779303614,2026-06-17 13:40:04,2026-06-17 18:59:38,disappeared,2026-07-02 07:07:49,1020.1,353.5,Stanley,Fuchsia,stanley fuchsia
8927830786,Stanley rose neuve pour cafe cup coffee 473 ml,20.0,1779292895,2026-06-17 13:40:04,2026-06-17 18:59:38,disappeared,2026-07-02 07:07:49,1023.1,353.5,,,
8934621417,Gourde 1L Stanley,25.0,1779008509,2026-06-17 13:40:04,2026-06-17 18:59:38,disappeared,2026-07-02 07:07:49,1102.1,353.5,,,
8931390278,Stanley,35.0,1779303613,2026-06-17 13:40:04,2026-06-17 18:59:38,disappeared,2026-07-02 07:07:49,1020.1,353.5,Stanley,Gris,stanley gris
8855504816,Gourde isotherme Stanley,39.0,1778688168,2026-06-17 13:40:04,2026-06-17 18:59:38,disappeared,2026-07-02 07:07:49,1191.1,353.5,,,
8828158167,2 Gobelets séparateur en silicone pour #Stanley 40 OZ,15.0,1777938390,2026-06-17 13:40:04,2026-06-17 14:31:51,disappeared,2026-06-17 16:00:55,1048.2,2.3,,,
8792545543,Gourde Stanley,35.0,1777630746,2026-06-17 13:40:04,2026-06-17 18:59:38,disappeared,2026-07-02 07:07:49,1484.8,353.5,,,
8803689027,Gourde Stanley 1.18L + porte gourde avec poches.,90.0,1777733952,2026-06-17 13:40:04,2026-06-17 18:59:38,disappeared,2026-07-02 07:07:49,1456.1,353.5,,,
8791526926,Stanley waterfles,25.0,1778094014,2026-06-17 13:40:04,2026-06-17 18:59:38,disappeared,2026-07-02 07:07:49,1356.1,353.5,Stanley,Bleu,stanley bleu
8786878839,Gourde Stanley Tumbler,30.0,1777794977,2026-06-17 13:40:04,2026-06-17 18:59:38,disappeared,2026-07-02 07:07:49,1439.2,353.5,,,
8919614457,Sac à langer,10.0,,2026-06-17 13:40:04,2026-06-17 13:40:04,disappeared,2026-06-17 14:03:16,,0.4,,,
8711530405,Stanley Cup verte,30.0,1776769873,2026-06-17 13:40:04,2026-06-17 18:59:38,disappeared,2026-07-02 07:07:49,1723.9,353.5,,,
8739785162,Stanley  Cup Anhänger Keychain,5.0,,2026-06-17 13:40:04,2026-06-17 13:40:04,disappeared,2026-06-17 14:03:16,,0.4,,,
7807686976,Nuevo con etiqueta - 🥤Stanley 20oz,55.0,,2026-06-17 13:40:04,2026-07-02 08:36:01,disappeared,2026-07-02 16:53:29,,363.2,Stanley,Rose,20oz pink
8703207109,🩵Stanley Cup in baby blau🩵,20.0,1776685376,2026-06-17 13:40:04,2026-06-17 16:00:55,disappeared,2026-06-17 18:59:38,1399.3,5.3,,,
8673336231,Gourde stanley,30.0,,2026-06-17 13:40:04,2026-06-17 13:40:04,disappeared,2026-06-17 14:03:16,,0.4,,,
8674559769,Stanley,20.0,,2026-06-17 13:40:04,2026-06-17 13:40:04,disappeared,2026-06-17 14:03:16,,0.4,,,
8666887364,Stanley,40.0,1776873771,2026-06-17 13:40:04,2026-06-17 18:59:38,disappeared,2026-07-02 07:07:49,1695.1,353.5,,,
8689579353,Stanley Cup édition limitée – Tumbler avec poignée et paille – Rose/Violet,40.0,1776582336,2026-06-17 13:40:04,2026-06-17 18:59:38,disappeared,2026-07-02 07:07:49,1776.0,353.5,,,
8696316931,Stanley thermosfles 1.18 L,40.0,1776613329,2026-06-17 13:40:04,2026-06-17 18:59:38,disappeared,2026-07-02 07:07:49,1767.4,353.5,,,
8671800110,Stanley Cup neu,40.0,1777963090,2026-06-17 13:40:04,2026-07-04 06:34:57,active,,,,Stanley,Crème,
8653024121,Stanley  beker,23.0,1776181535,2026-06-17 13:40:04,2026-06-17 18:59:38,disappeared,2026-07-02 07:07:49,1887.4,353.5,,,
8595053212,Cup Stanley rose – très bon état,35.0,1775639869,2026-06-17 13:40:04,2026-06-17 18:59:38,disappeared,2026-07-02 07:07:49,2037.8,353.5,,,
8806264451,Big sip society- Sippy cup - decorative cup - 1200ML / 40oz,18.0,1778083369,2026-06-17 13:40:04,2026-06-17 16:00:55,disappeared,2026-06-17 18:59:38,1010.9,5.3,,,
8538933137,Gourde,40.0,1775039102,2026-06-17 13:40:04,2026-06-17 18:59:38,disappeared,2026-07-02 07:07:49,2204.7,353.5,,,
8573122302,Stanley Cup,45.0,,2026-06-17 13:40:04,2026-06-17 18:59:38,disappeared,2026-07-02 07:07:49,,353.5,Stanley,Crème,stanley crème
8536126802,Stanley drinkfles,30.0,,2026-06-17 13:40:04,2026-06-17 14:03:16,disappeared,2026-06-17 14:31:51,,0.9,,,
8553382798,Borraccia termica Simil Stanley con cannuccia 1200ml – tumbler travel mug bianca,22.0,,2026-06-17 13:40:04,2026-06-17 14:03:16,disappeared,2026-06-17 14:31:51,,0.9,,,
8427184137,Stanley Quencher H2.0 Flowstate Tumbler thermosfles 1.18 L,37.99,,2026-06-17 13:40:04,2026-06-17 18:59:38,disappeared,2026-07-02 07:07:49,,353.5,,,
8484671282,Stanley,40.0,,2026-06-17 13:40:04,2026-06-17 14:03:16,disappeared,2026-06-17 14:31:51,,0.9,,,
8462712004,Stanley Cup Rose pale,30.0,1774229479,2026-06-17 13:40:04,2026-06-17 18:59:38,disappeared,2026-07-02 07:07:49,2429.6,353.5,,,
8470072823,Pink stanley,25.0,1774301296,2026-06-17 13:40:04,2026-06-17 18:59:38,disappeared,2026-07-02 07:07:49,2409.7,353.5,,,
8460490949,Stanley Cup,38.0,1774280503,2026-06-17 13:40:04,2026-06-17 18:59:38,disappeared,2026-07-02 07:07:49,2415.4,353.5,,,
8381729977,SALE!Stanley Flipstraw 30oz Lapis,60.0,,2026-06-17 13:40:04,2026-06-17 18:59:38,disappeared,2026-07-02 07:07:49,,353.5,,,
8374226806,Cup Stanley,29.0,,2026-06-17 13:40:04,2026-06-17 14:03:16,disappeared,2026-06-17 14:31:51,,0.9,,,
8327657656,Gourde stanley,28.0,1773936168,2026-06-17 13:40:04,2026-06-17 16:00:55,disappeared,2026-06-17 18:59:38,2162.9,5.3,,,
8376528529,Tumblr Stanley,50.0,1773936179,2026-06-17 13:40:04,2026-06-17 16:00:55,disappeared,2026-06-17 18:59:38,2162.9,5.3,,,
8298186889,Bouchon protecteur Stanley cup,4.0,,2026-06-17 13:40:04,2026-06-17 18:59:38,disappeared,2026-07-02 07:07:49,,353.5,,,
8196946979,Stanley beker 1.2 liter met draagtas,75.0,,2026-06-17 13:40:04,2026-06-17 18:59:38,disappeared,2026-07-02 07:07:49,,353.5,Stanley,Beige,stanley beige
8100997027,Stanley,25.0,,2026-06-17 13:40:04,2026-06-17 18:59:38,disappeared,2026-07-02 07:07:49,,353.5,,,
8140331631,Stanley x Starbucks neuf édition limitée,76.0,,2026-06-17 13:40:04,2026-06-17 18:59:38,disappeared,2026-07-02 07:07:49,,353.5,,,
8089980549,Stanley,35.0,,2026-06-17 13:40:04,2026-06-17 14:31:51,disappeared,2026-06-17 16:00:55,,2.3,,,
8132004494,QuencherH2.0 FlowState Tumbler | 1.18L (kat niet te koop),25.0,,2026-06-17 13:40:04,2026-06-17 16:00:55,disappeared,2026-06-17 18:59:38,,5.3,,,
7968385574,gourde Stanley du pe,5.0,,2026-06-17 13:40:04,2026-06-17 18:59:38,disappeared,2026-07-02 07:07:49,,353.5,,,
7979178869,Gourde Stanley rose pale,30.0,,2026-06-17 13:40:04,2026-06-17 18:59:38,disappeared,2026-07-02 07:07:49,,353.5,,,
8004518020,Stanley Cup (NEU) (cream orange),38.0,,2026-06-17 13:40:04,2026-06-17 18:59:38,disappeared,2026-07-02 07:07:49,,353.5,Stanley,Abricot,stanley abricot
8051558265,stanley cup hell rosa,30.0,,2026-06-17 13:40:04,2026-06-17 16:00:55,disappeared,2026-06-17 18:59:38,,5.3,,,
7883143048,Gourde stanley,30.0,,2026-06-17 13:40:04,2026-06-17 16:00:55,disappeared,2026-06-17 18:59:38,,5.3,,,
8497922814,Black Stanley/Stella long sleeved Tshirt,6.0,1776538829,2026-06-17 13:40:04,2026-06-17 18:59:38,disappeared,2026-07-02 07:07:49,1788.1,353.5,Stanley/Stella,Noir,stanley/stella noir
7816768401,Gourde / Mug isotherme Stanley avec paille – Très bon état,30.0,,2026-06-17 13:40:04,2026-06-17 18:59:38,disappeared,2026-07-02 07:07:49,,353.5,,,
7791818086,Nieuwe stanley beker,30.0,,2026-06-17 13:40:04,2026-06-17 18:59:38,disappeared,2026-07-02 07:07:49,,353.5,Stanley,Lila,stanley lila
7786457488,Gourde stanley,90.0,,2026-06-17 13:40:04,2026-06-17 18:59:38,disappeared,2026-07-02 07:07:49,,353.5,,,
7699397850,Gourde stanley écru,35.0,,2026-06-17 13:40:04,2026-06-17 18:59:38,disappeared,2026-07-02 07:07:49,,353.5,,,
7586499778,Stanley Cup,45.0,,2026-06-17 13:40:04,2026-06-17 18:59:38,disappeared,2026-07-02 07:07:49,,353.5,,,
7382144359,Stanley,50.0,,2026-06-17 13:40:04,2026-06-17 18:59:38,disappeared,2026-07-02 07:07:49,,353.5,,,
7380902765,Gourde Stanley,45.0,,2026-06-17 13:40:04,2026-06-17 18:59:38,disappeared,2026-07-02 07:07:49,,353.5,,,
7221756257,Stanley bouteille d’eau,30.0,,2026-06-17 13:40:04,2026-06-17 18:59:38,disappeared,2026-07-02 07:07:49,,353.5,,,
7086569946,Stanley beker,45.0,,2026-06-17 13:40:04,2026-06-17 16:00:55,disappeared,2026-06-17 18:59:38,,5.3,,,
7226224284,Gourde stanley,40.0,,2026-06-17 13:40:04,2026-06-17 13:40:04,disappeared,2026-06-17 14:03:16,,0.4,,,
7152561250,Stanley tumbler H2.0,40.0,,2026-06-17 13:40:04,2026-06-17 14:03:16,disappeared,2026-06-17 14:31:51,,0.9,,,
6904601635,Stanley Flowstate Tumbler,40.0,,2026-06-17 13:40:04,2026-06-17 14:31:51,disappeared,2026-06-17 16:00:55,,2.3,,,
7159851875,Gourde - Stanley rose,32.0,,2026-06-17 13:40:04,2026-06-17 18:59:38,disappeared,2026-07-02 07:07:49,,353.5,,,
6992008164,Stanley,40.0,,2026-06-17 13:40:04,2026-06-17 18:59:38,disappeared,2026-07-02 07:07:49,,353.5,,,
6663498432,Stanley cup,35.0,,2026-06-17 13:40:04,2026-06-17 14:03:16,disappeared,2026-06-17 14:31:51,,0.9,,,
6433067826,Tapa estanca Stanley,12.0,,2026-06-17 13:40:04,2026-06-17 18:59:38,disappeared,2026-07-02 07:07:49,,353.5,,,
8111774313,Gourde Iron body fit,3.0,,2026-06-17 13:40:04,2026-06-17 14:03:16,disappeared,2026-06-17 14:31:51,,0.9,,,
8186196407,Tee shirt manche longue S compagnie de Californie,28.0,,2026-06-17 13:40:04,2026-06-17 14:03:16,disappeared,2026-06-17 14:31:51,,0.9,,,
5882056385,Botella Stanley,35.0,,2026-06-17 13:40:04,2026-06-17 14:03:16,disappeared,2026-06-17 14:31:51,,0.9,,,
7474012243,Thermos,7.0,,2026-06-17 13:40:04,2026-06-17 18:59:38,disappeared,2026-07-02 07:07:49,,353.5,,,
7131278295,T-shirt oakley,7.5,,2026-06-17 13:40:04,2026-06-17 14:03:16,disappeared,2026-06-17 14:31:51,,0.9,,,
4938013587,Bidon shaker Aptonia neuf,3.0,,2026-06-17 13:40:04,2026-06-17 14:03:16,disappeared,2026-06-17 14:31:51,,0.9,,,
5431601617,Mug met rietje,6.0,,2026-06-17 13:40:04,2026-06-17 18:59:38,disappeared,2026-07-02 07:07:49,,353.5,,,
2941020637,TEE shirt  manche longue H&M,5.0,,2026-06-17 13:40:04,2026-06-17 14:03:16,disappeared,2026-06-17 14:31:51,,0.9,,,
2603089743,T-shirt manche long ,4.0,,2026-06-17 13:40:04,2026-06-17 14:03:16,disappeared,2026-06-17 14:31:51,,0.9,,,
9194763993,Gourde stanley,50.0,1781691346,2026-06-17 14:03:16,2026-06-17 18:59:38,disappeared,2026-07-02 07:07:49,356.9,353.1,,,
9168745967,Tasse isotherme,10.0,1781432560,2026-06-17 14:03:16,2026-06-17 18:59:38,disappeared,2026-07-02 07:07:49,428.8,353.1,,,
9167579655,Stanley cup big - limited edition,40.0,1781425954,2026-06-17 14:03:16,2026-06-17 14:31:51,disappeared,2026-06-17 16:00:55,79.5,2.0,,,
9154243840,Stanley cup,30.0,1781270699,2026-06-17 14:03:16,2026-06-17 14:31:51,disappeared,2026-06-17 16:00:55,122.6,2.0,,,
9087086253,40oz Stanley flip straw tumbler,40.0,,2026-06-17 14:03:16,2026-06-17 14:03:16,disappeared,2026-06-17 14:31:51,,0.5,,,
9042024336,Drinkfles Stanley,30.0,,2026-06-17 14:03:16,2026-06-17 14:03:16,disappeared,2026-06-17 14:31:51,,0.5,,,
9045987351,Stanley Cup,30.0,1780201022,2026-06-17 14:03:16,2026-06-17 14:31:51,disappeared,2026-06-17 16:00:55,419.7,2.0,,,
8988545020,stanley dop,20.0,1779554243,2026-06-17 14:03:16,2026-06-17 16:00:55,disappeared,2026-06-17 18:59:38,602.4,4.9,,,
8938788637,Bicchiere Stanley,25.0,,2026-06-17 14:03:16,2026-06-17 14:03:16,disappeared,2026-06-17 14:31:51,,0.5,,,
8959965086,T-shirt Stanley pro outillage makito 100% coton jaune - XL,9.0,,2026-06-17 14:03:16,2026-06-17 14:03:16,disappeared,2026-06-17 14:31:51,,0.5,,,
8946931200,Gourde Stanley,40.0,1779102195,2026-06-17 14:03:16,2026-06-17 14:31:51,disappeared,2026-06-17 16:00:55,725.0,2.0,,,
8931195655,Stanley Couvercle,3.0,1778953174,2026-06-17 14:03:16,2026-06-17 16:00:55,disappeared,2026-06-17 18:59:38,769.3,4.9,,,
8878364665,Gourde Stanley,30.0,1778435759,2026-06-17 14:03:16,2026-06-17 18:59:38,disappeared,2026-07-02 07:07:49,1261.2,353.1,,,
8811365356,Cup style stanley,5.5,1777811188,2026-06-17 14:03:16,2026-06-17 18:59:38,disappeared,2026-07-02 07:07:49,1434.7,353.1,,,
8955325890,Doomsday society maglia maniche lunghe,10.0,1779303699,2026-06-17 14:03:16,2026-06-17 18:59:38,disappeared,2026-07-02 07:07:49,1020.1,353.1,DOOMSDAY,Lila,doomsday lila
8743032845,Gourde Stanley,38.0,1777114998,2026-06-17 14:03:16,2026-06-17 18:59:38,disappeared,2026-07-02 07:07:49,1628.1,353.1,,,
8779025136,Garrafa térmica Stanley,37.0,1777489305,2026-06-17 14:03:16,2026-06-17 18:59:38,disappeared,2026-07-02 07:07:49,1524.1,353.1,Stanley,Lila,stanley lila
8741347454,Bouchon pour Stanley cup lot de 2 vert,1.5,1777104125,2026-06-17 14:03:16,2026-06-17 18:59:38,disappeared,2026-07-02 07:07:49,1631.1,353.1,,,
8747376618,Stanley cup la plus grande taille Isoterme Rose,45.0,1777141971,2026-06-17 14:03:16,2026-06-17 18:59:38,disappeared,2026-07-02 07:07:49,1620.6,353.1,,,
8731327748,Stanley,60.0,1777489304,2026-06-17 14:03:16,2026-06-17 18:59:38,disappeared,2026-07-02 07:07:49,1524.1,353.1,Stanley,Rose,stanley rose
8507199419,Gourde Isotherme Neuve,1.5,,2026-06-17 14:03:16,2026-06-17 14:03:16,disappeared,2026-06-17 14:31:51,,0.5,,,
8295055253,Stanley fles,30.0,1773936184,2026-06-17 14:03:16,2026-06-17 18:59:38,disappeared,2026-07-02 07:07:49,2511.1,353.1,,,
8049705428,Gourde rose style stanley,8.0,,2026-06-17 14:03:16,2026-06-17 16:00:55,disappeared,2026-06-17 18:59:38,,4.9,,,
8010045246,Stanley Cup Rose,25.0,,2026-06-17 14:03:16,2026-06-17 18:59:38,disappeared,2026-07-02 07:07:49,,353.1,,,
7993738374,Stanley gourde neuf,35.0,,2026-06-17 14:03:16,2026-06-17 14:03:16,disappeared,2026-06-17 14:31:51,,0.5,,,
7833447830,Gourde stanley écru,35.0,,2026-06-17 14:03:16,2026-06-17 18:59:38,disappeared,2026-07-02 07:07:49,,353.1,,,
7879504339,Stanley Tumbler,35.0,,2026-06-17 14:03:16,2026-06-17 16:00:55,disappeared,2026-06-17 18:59:38,,4.9,,,
9196888041,Stanley Quencher 1.18L – Paarse uitvoering,13.75,1781706517,2026-06-17 14:31:51,2026-06-17 14:31:51,disappeared,2026-06-17 16:00:55,1.5,1.5,,,
9196745693,Isolierte Stanley Barbie Trinkflasche The Flowstate Quencher H2.0 Tumbler,55.0,1781705542,2026-06-17 14:31:51,2026-07-03 12:20:39,disappeared,2026-07-04 06:34:57,400.4,400.1,Stanley,,
9196670571,"Trinkflasche The Flowstate Quencher H2.0 Tumbler, Barbie von Stanlay",55.0,1781705029,2026-06-17 14:31:51,2026-07-03 12:20:39,disappeared,2026-07-04 06:34:57,400.5,400.1,Stanley,,
9196670778,Stanley Quencher H2.0 FlowState Tumbler 40oz - Rose Quartz,24.5,1781705031,2026-06-17 14:31:51,2026-06-17 18:59:38,disappeared,2026-07-02 07:07:49,353.1,352.6,,,
9190254051,Tazza Termica da Viaggio Summer – Per Uomo e Donna,25.0,1781628328,2026-06-17 14:31:51,2026-06-17 14:31:51,disappeared,2026-06-17 16:00:55,23.3,1.5,,,
9193230871,Stanley,25.0,1781674520,2026-06-17 14:31:51,2026-06-17 16:00:55,disappeared,2026-06-17 18:59:38,13.4,4.5,,,
9122392071,Stanley Flip Straw,48.0,1780932262,2026-06-17 14:31:51,2026-06-17 14:31:51,disappeared,2026-06-17 16:00:55,216.6,1.5,,,
9123165364,Stanley ice flow tumbler  20oz/591ml,40.0,1780936626,2026-06-17 14:31:51,2026-06-17 14:31:51,disappeared,2026-06-17 16:00:55,215.4,1.5,,,
9098643988,Stanley bottle,20.0,1780728782,2026-06-17 14:31:51,2026-06-17 14:31:51,disappeared,2026-06-17 16:00:55,273.1,1.5,,,
9035336245,Stanley tout neuf rose 💓,50.0,1780070686,2026-06-17 14:31:51,2026-06-17 16:00:55,disappeared,2026-06-17 18:59:38,458.9,4.5,,,
9029491625,"Stanley 1,2 liter",35.0,1779995573,2026-06-17 14:31:51,2026-06-17 16:00:55,disappeared,2026-06-17 18:59:38,479.8,4.5,,,
8999741104,Couvercle Stanley neuf bleu,3.5,1779692930,2026-06-17 14:31:51,2026-06-17 14:31:51,disappeared,2026-06-17 16:00:55,560.9,1.5,,,
8939370312,Botella Stanley,25.0,1779028569,2026-06-17 14:31:51,2026-06-17 14:31:51,disappeared,2026-06-17 16:00:55,745.4,1.5,,,
8955180093,AG1 Tumbler neu und originalverpackt,27.0,1779187827,2026-06-17 14:31:51,2026-06-17 14:31:51,disappeared,2026-06-17 16:00:55,701.2,1.5,,,
8839201169,Stanley borraccia termica,23.0,1778065585,2026-06-17 14:31:51,2026-06-17 14:31:51,disappeared,2026-06-17 16:00:55,1012.9,1.5,,,
8716789914,Stanley drinkfles,40.0,1776801726,2026-06-17 14:31:51,2026-06-17 16:00:55,disappeared,2026-06-17 18:59:38,1367.0,4.5,,,
8643022124,Gourde stanley,40.0,1776087699,2026-06-17 14:31:51,2026-06-17 18:59:38,disappeared,2026-07-02 07:07:49,1913.4,352.6,,,
8578116027,Stanley cup,30.0,1775471402,2026-06-17 14:31:51,2026-06-17 18:59:38,disappeared,2026-07-02 07:07:49,2084.6,352.6,,,
8412091525,Stanley flip straw,37.0,,2026-06-17 14:31:51,2026-06-17 18:59:38,disappeared,2026-07-02 07:07:49,,352.6,,,
8393238595,Couvercle Stanley + paille,11.99,,2026-06-17 14:31:51,2026-06-17 18:59:38,disappeared,2026-07-02 07:07:49,,352.6,,,
8251179611,Termo Stanley,40.0,,2026-06-17 14:31:51,2026-06-17 14:31:51,disappeared,2026-06-17 16:00:55,,1.5,,,
8171464046,Stanley cup,45.0,,2026-06-17 14:31:51,2026-06-17 14:31:51,disappeared,2026-06-17 16:00:55,,1.5,,,
8448481460,Stanley cup,24.0,1774105028,2026-06-17 14:31:51,2026-06-17 14:31:51,disappeared,2026-06-17 16:00:55,2113.1,1.5,,,
7817750402,Stanley,24.0,,2026-06-17 14:31:51,2026-06-17 18:59:38,disappeared,2026-07-02 07:07:49,,352.6,,,
6536114104,Borraccia stanley,35.0,,2026-06-17 14:31:51,2026-06-17 14:31:51,disappeared,2026-06-17 16:00:55,,1.5,,,
7423771638,Gourde Cup Stanley 1L Beige,38.0,,2026-06-17 14:31:51,2026-06-17 14:31:51,disappeared,2026-06-17 16:00:55,,1.5,,,
7061910828,Stanley Cup,35.0,,2026-06-17 14:31:51,2026-06-17 18:59:38,disappeared,2026-07-02 07:07:49,,352.6,,,
6844066285,Stanley beker,40.0,,2026-06-17 14:31:51,2026-06-17 18:59:38,disappeared,2026-07-02 07:07:49,,352.6,,,
7975056340,Sac Oakley,12.0,,2026-06-17 14:31:51,2026-06-17 16:00:55,disappeared,2026-06-17 18:59:38,,4.5,,,
5588576326,Gourde Stanley,45.0,,2026-06-17 14:31:51,2026-06-17 18:59:38,disappeared,2026-07-02 07:07:49,,352.6,,,
7486629354,Tee-shirts manche longue on/qc,50.0,,2026-06-17 14:31:51,2026-06-17 16:00:55,disappeared,2026-06-17 18:59:38,,4.5,,,
7103870598,kit cleaner oakley neuf,15.0,,2026-06-17 14:31:51,2026-06-17 16:00:55,disappeared,2026-06-17 18:59:38,,4.5,,,
6256677834,vans longsleeve,13.5,,2026-06-17 14:31:51,2026-06-17 16:00:55,disappeared,2026-06-17 18:59:38,,4.5,,,
5633901785,T-shirt manche longue,15.0,,2026-06-17 14:31:51,2026-06-17 16:00:55,disappeared,2026-06-17 18:59:38,,4.5,,,
3305869960,T-Shirt manches longues Spitfire taille M,30.0,,2026-06-17 14:31:51,2026-06-17 16:00:55,disappeared,2026-06-17 18:59:38,,4.5,,,
9197682026,Isolierte Stanley Trinkflasche The Flowstate Quencher H2.0 Tumbler türkis,35.0,1781712101,2026-06-17 16:00:55,2026-06-17 18:59:38,disappeared,2026-07-02 07:07:49,351.1,351.1,Stanley,Turquoise,stanley turquoise
9197565109,Isolierte Stanley Trinkflasche The Flowstate Quencher H2.0 Tumbler Blumen,40.0,1781712104,2026-06-17 16:00:55,2026-06-17 18:59:38,disappeared,2026-07-02 07:07:49,351.1,351.1,Stanley,Crème,stanley crème
9197376043,Stanley Quencher H2.0 FlowState Tumbler Pink/Lila Neu,40.0,1781709785,2026-06-17 16:00:55,2026-06-17 18:59:38,disappeared,2026-07-02 07:07:49,351.7,351.1,,,
9197266138,"Trinkflasche pink The Flowstate Quencher H2.0 Tumbler, Barbie von Stanley",55.0,1781712108,2026-06-17 16:00:55,2026-06-17 18:59:38,disappeared,2026-07-02 07:07:49,351.1,351.1,Stanley,Fuchsia,stanley fuchsia
9197217434,Isolierte Stanley Barbie Trinkflasche The Flowstate Quencher H2.0 Tumbler pink,55.0,1781708671,2026-06-17 16:00:55,2026-06-17 18:59:38,disappeared,2026-07-02 07:07:49,352.1,351.1,,,
9197204559,Borraccia Stanley,37.0,1781712110,2026-06-17 16:00:55,2026-07-04 06:34:57,active,,,,Stanley,Rose,stanley rose
9197028568,Stanley Quencher H2.0 Tumbler 1.18L Plum NEW,35.0,1781708670,2026-06-17 16:00:55,2026-06-17 18:59:38,disappeared,2026-07-02 07:07:49,352.1,351.1,,,
9197013782,Stanley Quencher H2.0 Tumbler 1.18L Seafoam NEW,35.0,1781708512,2026-06-17 16:00:55,2026-06-17 18:59:38,disappeared,2026-07-02 07:07:49,352.1,351.1,Stanley,Turquoise,stanley 1.18l turquoise
9167520853,Stanley ProTour - 40 oz - Sunrise Spiral,55.0,1781453077,2026-06-17 16:00:55,2026-06-17 18:59:38,disappeared,2026-07-02 07:07:49,423.1,351.1,,,
9139567561,Stanley cup,23.0,1781118114,2026-06-17 16:00:55,2026-06-17 18:59:38,disappeared,2026-07-02 07:07:49,516.1,351.1,Stanley,Gris,stanley gris
9011840066,Stanley tumbler roze - 1.18 l,30.0,,2026-06-17 16:00:55,2026-06-17 16:00:55,disappeared,2026-06-17 18:59:38,,3.0,,,
8954884885,Stanley tumbler 1.18L,19.0,1779293086,2026-06-17 16:00:55,2026-06-17 16:00:55,disappeared,2026-06-17 18:59:38,674.9,3.0,,,
8878500475,T-shirt Stanley,10.0,1778688285,2026-06-17 16:00:55,2026-06-17 16:00:55,disappeared,2026-06-17 18:59:38,842.9,3.0,,,
8931336942,Gourde toute neuve,35.0,1779293091,2026-06-17 16:00:55,2026-06-17 16:00:55,disappeared,2026-06-17 18:59:38,674.9,3.0,,,
8901864614,Tee shirt vintage football américain,6.0,1778688294,2026-06-17 16:00:55,2026-06-17 16:00:55,disappeared,2026-06-17 18:59:38,842.9,3.0,,,
8616397591,Stanley Cup Rosa,48.0,1776528295,2026-06-17 16:00:55,2026-06-17 16:00:55,disappeared,2026-06-17 18:59:38,1442.9,3.0,,,
8335934194,SALE! Stanley Flipstraw 30oz,40.0,1773936364,2026-06-17 16:00:55,2026-06-17 16:00:55,disappeared,2026-06-17 18:59:38,2162.9,3.0,,,
8438519737,Stanley,30.0,1776528365,2026-06-17 16:00:55,2026-06-17 16:00:55,disappeared,2026-06-17 18:59:38,1442.9,3.0,,,
9199198376,Stanley Quencher H20 Tumbler,25.0,1781721835,2026-06-17 18:59:38,2026-06-17 18:59:38,disappeared,2026-07-02 07:07:49,348.4,348.1,Stanley,Marine,stanley marine
9198985435,"Stanley Quencher H2.0 Tumbler 1,18L - Rosa - Novo",27.5,1781720397,2026-06-17 18:59:38,2026-06-17 18:59:38,disappeared,2026-07-02 07:07:49,348.8,348.1,Stanley,Rose,stanley 1.18l rose
9198842504,Stanley beker,22.5,1781719320,2026-06-17 18:59:38,2026-06-17 18:59:38,disappeared,2026-07-02 07:07:49,349.1,348.1,Stanley,Multicolore,stanley multicolore
9198765001,"Stanley Quencher H2.0 FlowState 40 oz / 1,18 l – Dunkelgrün",20.0,1781719323,2026-06-17 18:59:38,2026-06-17 18:59:38,disappeared,2026-07-02 07:07:49,349.1,348.1,Stanley,Vert foncé,stanley 40oz vert foncé
9197998659,Stanley 1913 Quencher H2.0 Flowstate Trinkflasche Mit Strohhalm 1.18L - Thermobe,40.0,1781715790,2026-06-17 18:59:38,2026-06-17 18:59:38,disappeared,2026-07-02 07:07:49,350.1,348.1,Stanley,Violet,stanley 1.18l violet
9197980862,Stanley Gourde Quencher H2.O,30.0,1781715796,2026-06-17 18:59:38,2026-06-17 18:59:38,disappeared,2026-07-02 07:07:49,350.1,348.1,Stanley,Corail,stanley corail
9194597380,Stanley Quencher H2.0 40oz Rose Quartz Swirl,35.0,1781690595,2026-06-17 18:59:38,2026-06-17 18:59:38,disappeared,2026-07-02 07:07:49,357.1,348.1,Stanley,,stanley 40oz
8545931744,Botella térmica Stanley de 1.2l en acero inox. color lila,34.0,1776538996,2026-06-17 18:59:38,2026-07-04 06:34:57,active,,,,Stanley,Lila,stanley 1.2l lila
8545810385,Botella térmica Stanley de 1.2l en acero inox. color gris,39.0,1776538993,2026-06-17 18:59:38,2026-07-04 06:34:57,active,,,,Stanley,Gris,stanley 1.2l gris
8611861877,Gourde,10.0,1776539001,2026-06-17 18:59:38,2026-06-17 18:59:38,disappeared,2026-07-02 07:07:49,1788.1,348.1,meoky,Noir,meoky noir
7405519102,Stanley,36.0,,2026-06-17 18:59:38,2026-06-17 18:59:38,disappeared,2026-07-02 07:07:49,,348.1,Stanley,,stanley
7162402884,Stanley drinkbeker,25.0,,2026-06-17 18:59:38,2026-06-17 18:59:38,disappeared,2026-07-02 07:07:49,,348.1,Stanley,Menthe,stanley menthe
6890006354,Teeshirt manches longues sport,10.0,,2026-06-17 18:59:38,2026-06-17 18:59:38,disappeared,2026-07-02 07:07:49,,348.1,Port & Company,Noir,port & company noir
5666723235,Tee-shirt manches longues JAQK,25.0,,2026-06-17 18:59:38,2026-06-17 18:59:38,disappeared,2026-07-02 07:07:49,,348.1,JAQK,Gris,jaqk gris
1425187582,Tshirt met print op mouwen. ,20.0,,2026-06-17 18:59:38,2026-06-17 18:59:38,disappeared,2026-07-02 07:07:49,,348.1,,Noir,noir
597647538,T-Shirt Hollister California Manche Longue,14.0,,2026-06-17 18:59:38,2026-06-17 18:59:38,disappeared,2026-07-02 07:07:49,,348.1,Honeywell,Noir,honeywell noir
9300750394,Stanley Quencher Tumbler – Perfect for Summer!,55.0,1782975755,2026-07-02 07:07:49,2026-07-02 16:53:29,disappeared,2026-07-03 12:20:39,29.3,29.2,Stanley,Lila,
9300688163,Stanley Cup,40.0,1782975463,2026-07-02 07:07:49,2026-07-04 06:34:57,active,,,,Stanley,Fuchsia,
9300724501,"Stanley quencher H2.0 1,18L roze",20.0,1782975468,2026-07-02 07:07:49,2026-07-04 06:34:57,active,,,,Stanley,Rose,1.18l pink
9299235765,"Stanley Set Quencher H2.0 1,2 I Thermoskanne 0,75 l Becher Mug Rosé Quartz",85.0,1782935868,2026-07-02 07:07:49,2026-07-04 06:34:57,active,,,,Stanley,Rose,0.75l pink
9297378022,Stanley Quencher H2.0 1.18L (40oz) Rosa,28.0,1782925073,2026-07-02 07:07:49,2026-07-02 08:36:01,disappeared,2026-07-02 16:53:29,23.9,9.8,Stanley,Rose,1.18l pink
9300264641,Gourde isotherme style Stanley x Starbucks,33.0,1782950272,2026-07-02 07:07:49,2026-07-02 16:53:29,disappeared,2026-07-03 12:20:39,36.4,29.2,Stanley,Rouge,
9300261102,Stanley gourde,52.0,,2026-07-02 07:07:49,2026-07-02 07:07:49,disappeared,2026-07-02 08:36:01,,1.5,Stanley,,
9300243520,Stanley Gourde,38.0,1782950274,2026-07-02 07:07:49,2026-07-02 08:36:01,disappeared,2026-07-02 16:53:29,16.9,9.8,Stanley,Rouge,
9300243590,Stanley Quencher Flip Straw 1.18L,60.0,1782974287,2026-07-02 07:07:49,2026-07-04 06:34:57,active,,,,Stanley,Rose,1.18l pink
9285452466,Original Stanley Quencher H2.0 Tumpler Cup beige Neu,45.0,1782896280,2026-07-02 07:07:49,2026-07-04 06:34:57,active,,,,Stanley,Crème,
9300053446,Stanley Quencher Black H2.0 Tumbler 30oz (0.89L),28.5,1782943084,2026-07-02 07:07:49,2026-07-02 08:36:01,disappeared,2026-07-02 16:53:29,18.9,9.8,Stanley,Noir,30oz black
9295019728,Stanley Quencher flowstat tumbler,23.0,1782939482,2026-07-02 07:07:49,2026-07-04 06:34:57,active,,,,Stanley,Blanc,
9299459848,Stanley,40.0,1782936151,2026-07-02 07:07:49,2026-07-04 06:34:57,active,,,,Stanley,Vert,
9299453955,Sac pour mug Stanley All Day Quencher Carry-All 1.18 L,30.0,1782995203,2026-07-02 07:07:49,2026-07-04 06:34:57,active,,,,Stanley,Rose,1.18l pink
9299036681,Stanley Cup Rosa,55.0,1782935960,2026-07-02 07:07:49,2026-07-02 08:36:01,disappeared,2026-07-02 16:53:29,20.9,9.8,Stanley,Rose,
9299065078,Stanley Cup beige,55.0,1782933411,2026-07-02 07:07:49,2026-07-02 08:36:01,disappeared,2026-07-02 16:53:29,21.6,9.8,Stanley,Crème,
9298585013,"Stanley Cup / Becher Quencher H2.0 FlowState Tumbler 40oz (1,18L)",34.0,1782932356,2026-07-02 07:07:49,2026-07-02 16:53:29,disappeared,2026-07-03 12:20:39,41.4,29.2,Stanley,Fuchsia,40oz pink
9292734865,Stanley Quencher-1.18L,25.0,1782908808,2026-07-02 07:07:49,2026-07-04 06:34:57,active,,,,Stanley,Rose,1.18l pink
9298681350,Stanley grün metallic,48.0,,2026-07-02 07:07:49,2026-07-02 07:07:49,disappeared,2026-07-02 08:36:01,,1.5,Stanley,,
9298242469,"Gourde isotherme style Stanley 30oz 0,89L",43.0,1782995208,2026-07-02 07:07:49,2026-07-04 06:34:57,active,,,,Stanley,Corail,30oz coral
9298104945,"Stanley Quencher H2.0 FlowState 40 oz / 1,18 L",30.0,1782995208,2026-07-02 07:07:49,2026-07-04 06:34:57,active,,,,Stanley,Fuchsia,40oz pink
9298000572,Stanley NEU,35.0,1782926214,2026-07-02 07:07:49,2026-07-02 07:07:49,disappeared,2026-07-02 08:36:01,15.3,1.5,Stanley,Lila,
9297168901,"Stanley Quencher H2.0 FlowState 0,9L Blanche Neuve",27.0,1782922615,2026-07-02 07:07:49,2026-07-02 08:36:01,disappeared,2026-07-02 16:53:29,24.6,9.8,Stanley,Blanc,0.9l white
9297636086,Stanley Quencher-LoveShackFancy,60.0,1782926215,2026-07-02 07:07:49,2026-07-02 16:53:29,disappeared,2026-07-03 12:20:39,43.1,29.2,Stanley,Rose,
9296455607,"Stanley Quencher Tumbler 1,2 l | Rosa | Original",27.0,1782919015,2026-07-02 07:07:49,2026-07-02 08:36:01,disappeared,2026-07-02 16:53:29,25.6,9.8,Stanley,Rose,1.2l pink
9296481488,Botella Stanley Quencher,28.0,1782919019,2026-07-02 07:07:49,2026-07-04 06:34:57,active,,,,Stanley,Lila,
9296540720,Full complete set Stanley x LoveShackFancy 20oz quencher tumbler,45.0,1782919021,2026-07-02 07:07:49,2026-07-02 16:53:29,disappeared,2026-07-03 12:20:39,45.1,29.2,Stanley,Rose,20oz pink
9296237685,Stanley Quencher® H2.0 FlowState Tumbler | 1.18L,25.0,1782915422,2026-07-02 07:07:49,2026-07-04 06:34:57,active,,,,Stanley,Crème,1.18l cream
9296169256,Stanley quencher h2.0 tumbler roze,30.0,1782915422,2026-07-02 07:07:49,2026-07-02 16:53:29,disappeared,2026-07-03 12:20:39,46.1,29.2,Stanley,Rose,
9296200819,Stanley Quencher® H2.0 FlowState Tumbler | 1.18L,25.0,1782915423,2026-07-02 07:07:49,2026-07-04 06:34:57,active,,,,Stanley,Noir,1.18l black
9300232593,Stanley Gourde,28.0,1782947827,2026-07-02 07:07:49,2026-07-03 12:20:39,disappeared,2026-07-04 06:34:57,55.3,47.5,Stanley,Noir,
9294786657,Stanley Quencher H2.0 Thermobecher 0.41 L,35.0,1782904630,2026-07-02 07:07:49,2026-07-04 06:34:57,active,,,,Stanley,Gris,0.41l grey
9295410545,Stanley Cup Quencher H2.0 Tumbler Sonnenblume Sunflower,95.0,1782911829,2026-07-02 07:07:49,2026-07-02 16:53:29,disappeared,2026-07-03 12:20:39,47.1,29.2,Stanley,Jaune,
9294627111,Stanley x LoveShackFancy Quencher H2.0,67.0,1782904632,2026-07-02 07:07:49,2026-07-04 06:34:57,active,,,,Stanley,Rose,
9299830501,Stanley × Starbucks Quencher H2.0 Tumbler - 30 oz / 887 ml - Charcoal (Neuwertig,45.0,1782940631,2026-07-02 07:07:49,2026-07-02 16:53:29,disappeared,2026-07-03 12:20:39,39.1,29.2,Stanley,Gris,30oz grey
9289485005,Stanley Quencher-1.18L,25.0,1782890234,2026-07-02 07:07:49,2026-07-02 07:07:49,disappeared,2026-07-02 08:36:01,25.3,1.5,Stanley,Blanc,1.18l white
9293873384,Stanley Quencher- 0.89 l Orangecream,25.0,1782897501,2026-07-02 07:07:49,2026-07-04 06:34:57,active,,,,Stanley,Rose,0.89l pink
9293646992,Stanley bottle,37.0,1782897502,2026-07-02 07:07:49,2026-07-04 06:34:57,active,,,,Stanley,Gris,
9293426673,Stanley Becher Limited Edition,45.0,1782890303,2026-07-02 07:07:49,2026-07-04 06:34:57,active,,,,Stanley,Rose,
9293313465,Mug isotherme Stanley Quencher H2.0 FlowState Tumbler | 1.18L,35.0,1782890304,2026-07-02 07:07:49,2026-07-04 06:34:57,active,,,,Stanley,Blanc,1.18l white
9292731748,Stanley Quencher-1.18L,28.0,1782890307,2026-07-02 07:07:49,2026-07-02 16:53:29,disappeared,2026-07-03 12:20:39,53.0,29.2,Stanley,Crème,1.18l cream
9293269300,Stanley Quencher Protour Tumbler 30 oz (887 ml),43.0,1782890311,2026-07-02 07:07:49,2026-07-03 12:20:39,disappeared,2026-07-04 06:34:57,71.3,47.5,Stanley,Corail,30oz coral
9292144461,Stanley quencher - botella térmica,20.0,1782890311,2026-07-02 07:07:49,2026-07-03 12:20:39,disappeared,2026-07-04 06:34:57,71.3,47.5,Stanley,Fuchsia,
9293005859,"New - Stanley Quencher Flowstate Tumbler 0,89L",27.0,1782890312,2026-07-02 07:07:49,2026-07-04 06:34:57,active,,,,Stanley,Bleu,0.89l blue
9293139524,Stanley Cross-Body Carry-All,24.0,1782890312,2026-07-02 07:07:49,2026-07-04 06:34:57,active,,,,Stanley,Crème,
9288053532,Brand New Stanley Quencher 40oz,79.0,1782890315,2026-07-02 07:07:49,2026-07-04 06:34:57,active,,,,Stanley,Fuchsia,40oz pink
9294772305,Stanley Quencher Tragetasche Carry-All,23.0,1782904720,2026-07-02 07:07:49,2026-07-04 06:34:57,active,,,,Stanley,Noir,
9297677918,"Stanley Cup Quencher pro Tour pink 1,18 Liter",45.0,1782926321,2026-07-02 07:07:49,2026-07-02 08:36:01,disappeared,2026-07-02 16:53:29,23.6,9.8,Stanley,Fuchsia,
9291253977,Stanley quencher tumblr,35.0,1782890322,2026-07-02 07:07:49,2026-07-02 08:36:01,disappeared,2026-07-02 16:53:29,33.6,9.8,Stanley,Crème,
9292111453,"Garrafa de água Stanley - Bege 1,18L",30.0,1782890322,2026-07-02 07:07:49,2026-07-04 06:34:57,active,,,,Stanley,Crème,1.18l cream
9291352339,Termo Stanley,25.0,1782890388,2026-07-02 07:07:49,2026-07-02 16:53:29,disappeared,2026-07-03 12:20:39,53.0,29.2,Stanley,Crème,
9291925661,"Stanley Quencher H2.0 FlowState Tumbler 40 oz 1,18 L Blau Flasche Wasserflasche ",34.99,1782890391,2026-07-02 07:07:49,2026-07-04 06:34:57,active,,,,Stanley,Bleu,40oz blue
9292162599,Cream pink rose ribbon pattern Stanley protour travel mug,50.0,1782890393,2026-07-02 07:07:49,2026-07-03 12:20:39,disappeared,2026-07-04 06:34:57,71.3,47.5,Stanley,Rose,
9286949766,"Borraccia Stanley Quencher H2.0 FlowState - Beige 1,18L",35.0,1782890393,2026-07-02 07:07:49,2026-07-04 06:34:57,active,,,,Stanley,Crème,1.18l cream
9291157828,Stanley Gourde,33.0,1782890389,2026-07-02 07:07:49,2026-07-02 08:36:01,disappeared,2026-07-02 16:53:29,33.6,9.8,Stanley,Lila,
9289944143,Stanley Quencher H2.0 FlowState Tumbler 40oz Green,20.0,1782890397,2026-07-02 07:07:49,2026-07-03 12:20:39,disappeared,2026-07-04 06:34:57,71.3,47.5,Stanley,Vert foncé,40oz vert foncé
9290936343,Stanley Cup rosa lila,50.0,1782890398,2026-07-02 07:07:49,2026-07-04 06:34:57,active,,,,Stanley,Rose,
9286495074,Stanley Cup in Peach Tie Dye,30.0,1782890399,2026-07-02 07:07:49,2026-07-04 06:34:57,active,,,,Stanley,Abricot,
9287189114,Stanley Cup neu mit Etikett,38.0,1782890401,2026-07-02 07:07:49,2026-07-04 06:34:57,active,,,,Stanley,Turquoise,
9282909599,Tapa Stanley,15.0,1782804002,2026-07-02 07:07:49,2026-07-04 06:34:57,active,,,,Stanley,Noir,
9281693229,Stanley Quencher H2.0 1.18L (40oz) Rosa,31.0,1782804006,2026-07-02 07:07:49,2026-07-02 08:36:01,disappeared,2026-07-02 16:53:29,57.6,9.8,Stanley,Rose,1.18l pink
9284810963,Termo Stanley Quencher Lila - Nuevo 💜💜,25.0,1782804007,2026-07-02 07:07:49,2026-07-02 08:36:01,disappeared,2026-07-02 16:53:29,57.6,9.8,Stanley,Lila,
9286034835,Stanley Quencher FlowState H2.0,30.0,1782890408,2026-07-02 07:07:49,2026-07-04 06:34:57,active,,,,Stanley,Gris,
9278524246,Originele Stanley,35.0,1782804010,2026-07-02 07:07:49,2026-07-02 16:53:29,disappeared,2026-07-03 12:20:39,77.0,29.2,Stanley,Bleu clair,
9280432109,Stanley Quencher H2.0 1.18L (40oz) Rosa,29.0,1782804076,2026-07-02 07:07:49,2026-07-04 06:34:57,active,,,,Stanley,Crème,1.18l cream
9285926470,Grande Gourde Stanley 1.18l Lila neuve !,35.0,1782890476,2026-07-02 07:07:49,2026-07-04 06:34:57,active,,,,Stanley,Lila,1.18l purple
9291699045,Brand New Lilac Stanley,40.0,1782890478,2026-07-02 07:07:49,2026-07-04 06:34:57,active,,,,Stanley,Lila,
9285674683,Stanley Cup neu mit Etikett,38.0,1782804081,2026-07-02 07:07:49,2026-07-03 12:20:39,disappeared,2026-07-04 06:34:57,95.2,47.5,Stanley,Abricot,
9284148613,Stanley Deckel für .47 Quencher,10.0,1782804078,2026-07-02 07:07:49,2026-07-04 06:34:57,active,,,,Stanley,Gris,
9294712642,"Tazza termica LURCH big cup mini 0,8L - tumbler acciaio inox nuova con etichetta",31.0,1782904883,2026-07-02 07:07:49,2026-07-04 06:34:57,active,,,,Lurch,Crème,0.8l cream
9284104432,Stanley Quencher H2.0 FlowState Tumbler,40.0,1782804086,2026-07-02 07:07:49,2026-07-02 16:53:29,disappeared,2026-07-03 12:20:39,77.0,29.2,Stanley,Crème,
9278380492,Nuevo! Termo Stanley azul,45.0,1782804086,2026-07-02 07:07:49,2026-07-04 06:34:57,active,,,,Stanley,Bleu,
9280785849,"Gourde Stanley rose pastel Quencher H2.0 FlowState 1,18L",33.0,1782804087,2026-07-02 07:07:49,2026-07-04 06:34:57,active,,,,Stanley,Rose,1.18l pink
9215472224,Nuevo con etiqueta - 🖤 Stanley 20oz Quencher H2.0 - Black Matte | Clásico,55.0,1782804090,2026-07-02 07:07:49,2026-07-04 06:34:57,active,,,,Stanley,Noir,20oz black
9279628719,"Stanley Quencher H2.0 Tumbler 1,18 L (40 oz) CrèmeNeuf",34.0,1782804092,2026-07-02 07:07:49,2026-07-04 06:34:57,active,,,,Stanley,Crème,1.18l cream
9279647144,"Stanley Quencher H2.0 Tumbler 1,18 L (40 oz) Rose  Neuf",34.0,1782804095,2026-07-02 07:07:49,2026-07-04 06:34:57,active,,,,Stanley,Rose,1.18l pink
9283281652,Stanley Tumbler Wicked Glinda for Good,99.0,1782804094,2026-07-02 07:07:49,2026-07-02 07:07:49,disappeared,2026-07-02 08:36:01,49.2,1.5,Stanley,Lila,
9277237170,Stanley Quencher H2.0 1.18L (40oz) Rosa,29.0,1782717696,2026-07-02 07:07:49,2026-07-02 08:36:01,disappeared,2026-07-02 16:53:29,81.5,9.8,Stanley,Rose,1.18l pink
9283001852,Lila Stanley drink beker 1.18L,35.0,1782804162,2026-07-02 07:07:49,2026-07-03 12:20:39,disappeared,2026-07-04 06:34:57,95.2,47.5,Stanley,Lila,1.18l purple
9274734045,Stanley Quencher - LoveShackFancy,55.0,1782717766,2026-07-02 07:07:49,2026-07-04 06:34:57,active,,,,Stanley,Turquoise,
9277216630,Stanley Quencher H2.0 1.18L (40oz) Rosa,30.0,1782717764,2026-07-02 07:07:49,2026-07-04 06:34:57,active,,,,Stanley,Rose,1.18l pink
9281193333,Stanley Quencher 40oz in Cream,35.0,1782804166,2026-07-02 07:07:49,2026-07-04 06:34:57,active,,,,Stanley,Crème,40oz cream
9280017980,Stanley Quencher Tumbler 1.18 l,37.0,1782804167,2026-07-02 07:07:49,2026-07-04 06:34:57,active,,,,Stanley,Turquoise,1.18l turquoise
9278314281,Stanley Quencher,30.0,1782804172,2026-07-02 07:07:49,2026-07-04 06:34:57,active,,,,Stanley,Menthe,
9278261339,Termo Stanley,25.0,1782804173,2026-07-02 07:07:49,2026-07-04 06:34:57,active,,,,Stanley,Noir,
9278581197,Stanley Quencher H2.0 FlowState Tumbler 40oz (1.18L) - Schwarz Spruce,35.0,1782804173,2026-07-02 07:07:49,2026-07-04 06:34:57,active,,,,Stanley,Noir,40oz black
9280353788,Stanley Cup / Quencher Special Edition,30.0,1782804176,2026-07-02 07:07:49,2026-07-04 06:34:57,active,,,,Stanley,Abricot,
9279238619,Stanley Quencher Flip,80.0,1782804176,2026-07-02 07:07:49,2026-07-04 06:34:57,active,,,,Stanley,Rose,
9272651093,Stanley Quencher 40oz Travel Tumbler Cream,17.0,1782717780,2026-07-02 07:07:49,2026-07-02 08:36:01,disappeared,2026-07-02 16:53:29,81.5,9.8,Stanley,Crème,40oz cream
9276700345,"Stanley Quencher H2.0 FlowState Tumbler 1,18L (40oz)",39.0,1782717781,2026-07-02 07:07:49,2026-07-04 06:34:57,active,,,,Stanley,Noir,1.18l black
9267208648,Stanley Quencher H2.0 1.18L (40oz) Rosa,29.0,1782631381,2026-07-02 07:07:49,2026-07-04 06:34:57,active,,,,Stanley,Rose,1.18l pink
9275958259,Stanley koraal coral fles beker cup quencher h2.0 tumbler,35.0,1782717848,2026-07-02 07:07:49,2026-07-04 06:34:57,active,,,,Stanley,Corail,
9275438235,Stanley The Flowstate Quencher H2.0 Tumbler,40.0,1782717849,2026-07-02 07:07:49,2026-07-04 06:34:57,active,,,,Stanley,Rose,
9274338322,"Stanley ,,Cream Moon“ quencher special Edition",80.0,1782717860,2026-07-02 07:07:49,2026-07-04 06:34:57,active,,,,Stanley,Crème,
9271337736,Stanley Quencher 40oz MultiCam Limited Edition,85.0,1782717852,2026-07-02 07:07:49,2026-07-04 06:34:57,active,,,,Stanley,Kaki,40oz green
9274582586,"2x Stanley Snack bakje, 20cm voor Stanley Quencher",5.0,1782717854,2026-07-02 07:07:49,2026-07-04 06:34:57,active,,,,Stanley,Crème,
9259808910,Bicchiere Stanley NUOVO,28.0,1782545056,2026-07-02 07:07:49,2026-07-02 16:53:29,disappeared,2026-07-03 12:20:39,148.9,29.2,Stanley,Violet,
9269974619,Stanley Quencher Carry-All,28.0,1782717859,2026-07-02 07:07:49,2026-07-04 06:34:57,active,,,,Stanley,Crème,
9270568464,Stanley Cup Rosa 1.18ltr,45.0,1782717861,2026-07-02 07:07:49,2026-07-04 06:34:57,active,,,,Stanley,Rose,
9273865477,🥤 Nieuwe Stanley Dekselset met Rietje – Set van 3,25.0,1782717863,2026-07-02 07:07:49,2026-07-04 06:34:57,active,,,,Stanley,Crème,
9273332885,Stanley floral beker cup drinkbeker 40OZ 1.18L,40.0,1782717866,2026-07-02 07:07:49,2026-07-04 06:34:57,active,,,,Stanley,Rouge,40oz red
9269889524,Stanley 1913 x Karol G Quencher H2.0 FlowState Tumbler | 0.89L,105.0,1782717867,2026-07-02 07:07:49,2026-07-04 06:34:57,active,,,,Stanley,Orange,0.89l orange
9270022081,stanley bottle,37.0,1782717874,2026-07-02 07:07:49,2026-07-04 06:34:57,active,,,,Stanley,Crème,
9263830654,Stanley x LoveShackFancy Quencher H2.0 – Edição Limitada 🌸,55.0,1782631470,2026-07-02 07:07:49,2026-07-04 06:34:57,active,,,,Stanley,Fuchsia,
9265311684,Stanley Quencher water bottle,40.0,1782631471,2026-07-02 07:07:49,2026-07-04 06:34:57,active,,,,Stanley,Crème,
9267521584,Stanley Quencher H2.O Flow. Open to reasonable offers. State Tumbler Hot Coral,30.0,1782631539,2026-07-02 07:07:49,2026-07-04 06:34:57,active,,,,Stanley,Corail,
9255855580,Termo Stanley Quencher H2.0 FlowState 40oz - Rosa Pastel / Soft Pink,34.0,1782458741,2026-07-02 07:07:49,2026-07-04 06:34:57,active,,,,Stanley,Rose,40oz pink
9263062407,Borraccia Stanley,35.0,1782631540,2026-07-02 07:07:49,2026-07-04 06:34:57,active,,,,Stanley,Vert,
9283560396,Oakley occhiali da sole,70.0,1782804343,2026-07-02 07:07:49,2026-07-02 07:07:49,disappeared,2026-07-02 08:36:01,49.2,1.5,Oakley,Noir,
9266237200,"Stanley Quencher H2.0 Tumbler Cup 40oz / 1,18 L",65.0,1782631541,2026-07-02 07:07:49,2026-07-04 06:34:57,active,,,,Stanley,Rose,40oz pink
9264843401,Stanley Barbie Quencher H2O 2.0 tumbler,55.0,1782631554,2026-07-02 07:07:49,2026-07-04 06:34:57,active,,,,Stanley,Noir,
9263320298,Stanley Quencher 1.18L Bianca Incisa Argento Mai Usata,49.0,1782631549,2026-07-02 07:07:49,2026-07-04 06:34:57,active,,,,Stanley,Blanc,1.18l white
9266723035,Stanley cup lila groot,45.0,1782631550,2026-07-02 07:07:49,2026-07-04 06:34:57,active,,,,Stanley,Lila,
9257877010,"Stanley Quencher ProTour Flip Straw Tumbler 0,59L",40.0,1782545150,2026-07-02 07:07:49,2026-07-04 06:34:57,active,,,,Stanley,Crème,0.59l cream
9263566307,Stanley Quencher,40.0,1782631551,2026-07-02 07:07:49,2026-07-04 06:34:57,active,,,,Stanley,Bleu,
9262850478,Stanley,32.0,1782631560,2026-07-02 07:07:49,2026-07-03 12:20:39,disappeared,2026-07-04 06:34:57,143.1,47.5,Stanley,Bleu,
9251146598,"Stanley Tumbler, Quencher H2.0, 1,18 l, unbenutzt",40.0,1782458759,2026-07-02 07:07:49,2026-07-03 12:20:39,disappeared,2026-07-04 06:34:57,191.1,47.5,Stanley,Rose,1.18l pink
9256382326,Stanley quencher H2.0 1.18L,55.0,1782458759,2026-07-02 07:07:49,2026-07-04 06:34:57,active,,,,Stanley,Rose,1.18l pink
9262928436,Post Malone x Stanley Tumbler Camo Limited Edition,100.0,1782631561,2026-07-02 07:07:49,2026-07-04 06:34:57,active,,,,Stanley,Kaki,
9261697510,Stanley Borracce,62.0,1782545235,2026-07-02 07:07:49,2026-07-04 06:34:57,active,,,,Stanley,Turquoise,
9263317322,Stanley cream tonal 1.2L avec paille,34.0,1782631637,2026-07-02 07:07:49,2026-07-04 06:34:57,active,,,,Stanley,Crème,1.2l cream
9271701221,Stanley Quencher H2.0 Flowstate Tumbler,29.99,1782718036,2026-07-02 07:07:49,2026-07-04 06:34:57,active,,,,,Lila,
9261400621,Stanley quencher h20 tumbler,40.0,1782545237,2026-07-02 07:07:49,2026-07-04 06:34:57,active,,,,Stanley,Turquoise,
9261101522,Zalm roze Stanley beker,37.99,1782545237,2026-07-02 07:07:49,2026-07-04 06:34:57,active,,,,Stanley,,
9261374005,Stanley quencher h20 tumbler,40.0,1782545244,2026-07-02 07:07:49,2026-07-04 06:34:57,active,,,,Stanley,Abricot,
9261360759,Stanley quencher h20 tumbler,40.0,1782545246,2026-07-02 07:07:49,2026-07-04 06:34:57,active,,,,Stanley,Menthe,
9258485638,Quencher H2.O tumbler,30.0,1782545246,2026-07-02 07:07:49,2026-07-04 06:34:57,active,,,,Stanley,Menthe,
9261392982,Stanley Barbie quencher h20 tumbler,60.0,1782545245,2026-07-02 07:07:49,2026-07-04 06:34:57,active,,,,Stanley,Noir,
9258501531,Quencher H2.O tumbler pink,30.0,1782545252,2026-07-02 07:07:49,2026-07-04 06:34:57,active,,,,Stanley,Fuchsia,
9257792321,Stanley Cup Quencher H2.0 Flowstate,40.0,1782545252,2026-07-02 07:07:49,2026-07-04 06:34:57,active,,,,Stanley,Violet,
9261135141,Stanley x The Post Malone Flowstate Quencher 40oz Tumbler,90.0,1782545253,2026-07-02 07:07:49,2026-07-04 06:34:57,active,,,,Stanley,Kaki,40oz green
9255944086,Stanley tumbler,36.0,1782458854,2026-07-02 07:07:49,2026-07-04 06:34:57,active,,,,Stanley,Rose,
9255532654,Stanley Quencher Tumbler,40.0,1782458855,2026-07-02 07:07:49,2026-07-04 06:34:57,active,,,,Stanley,Gris,
9258530660,Stanley Cup,40.0,1782545340,2026-07-02 07:07:49,2026-07-04 06:34:57,active,,,,Stanley,Bleu,
9256644576,Stanley Quencher H2.0 Flowstate Tumbler thermosfles 1.18 L,37.99,1782458936,2026-07-02 07:07:49,2026-07-04 06:34:57,active,,,,Stanley,Crème,1.18l cream
9257905017,Stanley ProTour Flip Straw rosa Glitzer,37.0,1782545335,2026-07-02 07:07:49,2026-07-02 16:53:29,disappeared,2026-07-03 12:20:39,148.9,29.2,Stanley,Rose,
9256650601,Stanley Quencher H2.0 Flowstate Tumbler thermosfles 1.18 L,37.99,1782458934,2026-07-02 07:07:49,2026-07-04 06:34:57,active,,,,Stanley,Rose,1.18l pink
9271383819,Borsa zaino originale Oakley nuova e impermeabile,80.0,1782718133,2026-07-02 07:07:49,2026-07-02 07:07:49,disappeared,2026-07-02 08:36:01,73.1,1.5,Oakley,Noir,
9256653658,Stanley Quencher H2.0 Flowstate Tumbler thermosfles 1.18 L,37.99,1782458941,2026-07-02 07:07:49,2026-07-04 06:34:57,active,,,,Stanley,Rose,1.18l pink
9256164650,Stanley x LoveShackFancy 40oz tumbler set,58.0,1782458943,2026-07-02 07:07:49,2026-07-04 06:34:57,active,,,,Stanley,Rose,40oz pink
9252240044,Gourde stanley,45.0,1782458954,2026-07-02 07:07:49,2026-07-04 06:34:57,active,,,,Stanley,Multicolore,
9253929760,Quencher H2.0 FlowState Tumbler | 0.89L/30oz,70.0,1782458946,2026-07-02 07:07:49,2026-07-04 06:34:57,active,,,,Stanley,Lila,0.89l purple
9254423911,Gourde Stanley,43.0,1782458948,2026-07-02 07:07:49,2026-07-02 08:36:01,disappeared,2026-07-02 16:53:29,153.4,9.8,Stanley,Blanc,
9240366559,Stanley Quencher H20 Tumbler Plum Limited Edition,40.0,1782372549,2026-07-02 07:07:49,2026-07-04 06:34:57,active,,,,Stanley,Violet,
9250790592,Stanley Cup 30 OZ quencher carry-all,26.0,1782458950,2026-07-02 07:07:49,2026-07-04 06:34:57,active,,,,Stanley,Crème,30oz cream
9248701455,"Stanley Quencher H2.0 30 oz (0,89 l) Pink Starry Stripes – Original",60.0,1782372553,2026-07-02 07:07:49,2026-07-02 16:53:29,disappeared,2026-07-03 12:20:39,196.9,29.2,Stanley,Rose,30oz pink
9245783746,Stanley 30oz quencher carry-all,35.0,1782372564,2026-07-02 07:07:49,2026-07-04 06:34:57,active,,,,Stanley,Rose,30oz pink
9248779161,Vaso térmico Stanley Quencher Frigo,32.0,1782372624,2026-07-02 07:07:49,2026-07-04 06:34:57,active,,,,Stanley,Fuchsia,
9226719883,Stanley Quencher H2.0 40oz,32.0,,2026-07-02 07:07:49,2026-07-02 07:07:49,disappeared,2026-07-02 08:36:01,,1.5,Stanley,,
9252862753,Stanley borraccia,38.0,1782459024,2026-07-02 07:07:49,2026-07-04 06:34:57,active,,,,Stanley,Bleu clair,
9240459355,Stanley Quencher H2.0,35.0,1782372624,2026-07-02 07:07:49,2026-07-04 06:34:57,active,,,,Stanley,Lila,
9242579636,Stanley Quencher H2.0 FlowState Tumbler 40oz,32.99,1782372630,2026-07-02 07:07:49,2026-07-04 06:34:57,active,,,,Stanley,Beige,40oz cream
9250288543,Stanley Becher,38.0,1782372629,2026-07-02 07:07:49,2026-07-04 06:34:57,active,,,,Stanley,Crème,
9221367662,"Thermobecher Stanley Cup Quencher Schwarz ca. 1,18l",29.0,1782372640,2026-07-02 07:07:49,2026-07-04 06:34:57,active,,,,Stanley,Noir,1.18l black
9245436194,Stanley 1913,35.0,1782372632,2026-07-02 07:07:49,2026-07-04 06:34:57,active,,,,Stanley,Bleu clair,
9243876185,"Stanley Cup Thermobecher Quencher Pro Tour 1,18 l",45.0,1782372632,2026-07-02 07:07:49,2026-07-04 06:34:57,active,,,,Stanley,Fuchsia,1.18l pink
9231826106,Stanley Quencher,48.0,1782372638,2026-07-02 07:07:49,2026-07-04 06:34:57,active,,,,Stanley,Turquoise,
9233658516,Stanley Cup Quencher H20 30oz 0.88l Sonderedtion Calia Blau gold,55.0,1782372638,2026-07-02 07:07:49,2026-07-04 06:34:57,active,,,,Stanley,Marine,30oz blue
9235729338,Stanley Quencher H2.0 40 oz Hello Kitty Edición Limitada,40.0,1782372641,2026-07-02 07:07:49,2026-07-04 06:34:57,active,,,,Stanley,Noir,40oz black
9240534108,Stanley LoveShackFancy Tumbler,70.0,1782372639,2026-07-02 07:07:49,2026-07-04 06:34:57,active,,,,Stanley,Fuchsia,
9242333343,Stanley grote drinkbeker Lila,45.0,1782372646,2026-07-02 07:07:49,2026-07-03 12:20:39,disappeared,2026-07-04 06:34:57,215.1,47.5,Stanley,Lila,
9231167031,"Stanley Quencher H2.0 FlowState Isolierbecher mit Strohhalm, 1,2 l, kalt",29.0,1782372647,2026-07-02 07:07:49,2026-07-04 06:34:57,active,,,,Stanley,Crème,1.2l cream
9218935294,The Barbie x Stanley Icon Quencher,70.0,1782372713,2026-07-02 07:07:49,2026-07-04 06:34:57,active,,,,Stanley,Fuchsia,
9233678182,Stanley Cup Quencher H20 Tumbler Reverb 40oz 1.18l Violet NEU,65.0,1782372715,2026-07-02 07:07:49,2026-07-04 06:34:57,active,,,,Stanley,Fuchsia,40oz pink
9204445772,"Stanley Quencher H2.0 Tumbler 40 oz 1,18 L Rosa pastel",32.0,1782372714,2026-07-02 07:07:49,2026-07-04 06:34:57,active,,,,Stanley,Rose,40oz pink
9239835304,Stanley Quencher H2.0 40oz 1.18L Lavender Original USA With Straw,38.0,1782372716,2026-07-02 07:07:49,2026-07-04 06:34:57,active,,,,Stanley,Lila,40oz purple
9227366197,"Stanley Quencher 40oz 1,18L – Gilded Pomegranate (Limitiert)",65.0,1782372718,2026-07-02 07:07:49,2026-07-04 06:34:57,active,,,,Stanley,Bordeaux,40oz red
9232517606,Copo Térmico Stanley Quencher H2.0 FlowState 1.18L – Chili Red (Original),50.0,1782372724,2026-07-02 07:07:49,2026-07-04 06:34:57,active,,,,Stanley,Rouge,1.18l red
9236896861,Stanley,35.0,1782372725,2026-07-02 07:07:49,2026-07-03 12:20:39,disappeared,2026-07-04 06:34:57,215.0,47.5,Stanley,Bleu clair,
9230090410,Stanley Quencher - 40 oz - Dew Drop,40.0,1782372725,2026-07-02 07:07:49,2026-07-04 06:34:57,active,,,,Stanley,Bleu clair,40oz bleu clair
9229777557,Stanley Lunar New Year Limited Edition “white”,40.0,1782372726,2026-07-02 07:07:49,2026-07-04 06:34:57,active,,,,Stanley,,
9230084325,Stanley Quencher - 40 oz - Pistachio,35.0,1782372729,2026-07-02 07:07:49,2026-07-04 06:34:57,active,,,,Stanley,Menthe,40oz green
9217515583,Stanley Quencher H2.0 FlowState Trinkbecher,40.0,1782372733,2026-07-02 07:07:49,2026-07-04 06:34:57,active,,,,Stanley,Bleu,
9236287858,💜 Stanley Thermobecher / Trinkflasche,35.0,1782372734,2026-07-02 07:07:49,2026-07-04 06:34:57,active,,,,Stanley,Lila,
9231865869,"Stanley Quencher H2.0 FlowState Tumbler 40 oz (1,18 L) Schwarz – Neu",40.0,1782372735,2026-07-02 07:07:49,2026-07-04 06:34:57,active,,,,Stanley,Noir,40oz black
9205922455,New! Stanley Quencher H2.0 Tumbler 1.18L (Midnight pearlescent),37.5,1782372735,2026-07-02 07:07:49,2026-07-03 12:20:39,disappeared,2026-07-04 06:34:57,215.0,47.5,Stanley,Vert foncé,1.18l vert foncé
9211173151,Stanley -The Flowstate Quencher - LoveShackFancy,72.0,1782372813,2026-07-02 07:07:49,2026-07-04 06:34:57,active,,,,Stanley,Rose,
9227898062,Stanley Labubu Limited Edition Tumbler The Monsters Quencher,36.0,1782372807,2026-07-02 07:07:49,2026-07-04 06:34:57,active,,,,Stanley,,
9216735205,"Original Stanley Orchid Glimmer Flip tumbler 40 OZ 1,18 L",50.0,1782372805,2026-07-02 07:07:49,2026-07-02 08:36:01,disappeared,2026-07-02 16:53:29,177.3,9.8,Stanley,Lila,40oz purple
9214956966,Stanley drinkfles,38.0,1782372805,2026-07-02 07:07:49,2026-07-04 06:34:57,active,,,,Stanley,Violet,
9215432629,Nueva con etiqueta - Stanley 40oz Quencher - Edición Limitada Purple,70.0,1782372806,2026-07-02 07:07:49,2026-07-04 06:34:57,active,,,,Stanley,Lila,40oz purple
9215160861,Stanley Quencher® ProTour Flip Straw Tumbler | 0.59L × 1,55.0,1782372813,2026-07-02 07:07:49,2026-07-04 06:34:57,active,,,,Stanley,Marron,0.59l brown
9210854272,Stanley Quencher® H2.0 FlowState Tumbler,40.0,1782372814,2026-07-02 07:07:49,2026-07-04 06:34:57,active,,,,Stanley,Fuchsia,
9212715008,Stanley 1913,38.0,1782372816,2026-07-02 07:07:49,2026-07-04 06:34:57,active,,,,Stanley,Lila,
9206653612,Stanley 1913 Trinkflasche - Schwarz,40.0,1782372816,2026-07-02 07:07:49,2026-07-04 06:34:57,active,,,,Stanley,Noir,
9212409210,Stanley Quencher Tumbler h2.O rose - neuf dans son emballage,40.0,1782372821,2026-07-02 07:07:49,2026-07-04 06:34:57,active,,,,Stanley,Rose,
9164407636,Gobelet Stanley Quencher H2.0 FlowState Tumbler 40oz 1.18L – Rose,34.0,1781768033,2026-07-02 07:07:49,2026-07-04 06:34:57,active,,,,Stanley,Rose,40oz pink
9215460019,Nuevo con etiqueta - 🥰 Stanley Quencher Tumble - 40oz Original,70.0,1782372823,2026-07-02 07:07:49,2026-07-04 06:34:57,active,,,,Stanley,Corail,40oz coral
9207982458,"Gobelet isotherme texturé blanc et gris Stanley Quencher 40 oz, de luxe, neuf sa",89.0,1782372824,2026-07-02 07:07:49,2026-07-04 06:34:57,active,,,,Stanley,Blanc,40oz white
9207173027,Stanley Quencher H2.0 Tumbler rose 1.18L,49.0,1782372827,2026-07-02 07:07:49,2026-07-04 06:34:57,active,,,,Stanley,Rose,1.18l pink
9211298290,Stanley Hydra Quencher,30.0,1782372893,2026-07-02 07:07:49,2026-07-04 06:34:57,active,,,,Stanley,Bleu clair,
9201615774,Stanley Quencher H2.0 FlowState 30oz Tumbler – Light Blue – Like New,40.0,1782372898,2026-07-02 07:07:49,2026-07-04 06:34:57,active,,,,Stanley,Bleu clair,30oz bleu clair
9227403815,Vaso termo XXL,19.0,1782372898,2026-07-02 07:07:49,2026-07-04 06:34:57,active,,,,UTILITY,Rose,
9178810000,Stanley drinkbeker,50.0,1781768095,2026-07-02 07:07:49,2026-07-04 06:34:57,active,,,,Stanley,Turquoise,
9210564920,5x Glasstrohhalme 31 cm für Stanley Quencher mit Bürste,4.3,1782372895,2026-07-02 07:07:49,2026-07-04 06:34:57,active,,,,,Transparence,
9174875284,Stanley Cup,40.0,1781768112,2026-07-02 07:07:49,2026-07-03 12:20:39,disappeared,2026-07-04 06:34:57,383.0,47.5,Stanley,Corail,
9153533703,Borraccia termica Stanley,23.0,1781768112,2026-07-02 07:07:49,2026-07-02 07:07:49,disappeared,2026-07-02 08:36:01,337.0,1.5,Stanley,Fuchsia,
9166548848,"Stanley Thermobecher 0,6L",45.0,1781768119,2026-07-02 07:07:49,2026-07-04 06:34:57,active,,,,Stanley,Bleu clair,0.6l bleu clair
9166549448,"Stanley Thermobecher 1,2L",60.0,1781768111,2026-07-02 07:07:49,2026-07-04 06:34:57,active,,,,Stanley,Bleu clair,1.2l bleu clair
9166553424,"Stanley Thermobecher 1,2L",60.0,1781768111,2026-07-02 07:07:49,2026-07-03 12:20:39,disappeared,2026-07-04 06:34:57,383.0,47.5,Stanley,Blanc,1.2l white
9113583023,"Gobelet Isotherme Stanley Quencher H2.0 FlowState  – 1,18 L  40 oz – Dune",34.0,1781163319,2026-07-02 07:07:49,2026-07-04 06:34:57,active,,,,Stanley,Beige,1.18l cream
9100757528,Botella Stanley,35.0,1781163321,2026-07-02 07:07:49,2026-07-02 16:53:29,disappeared,2026-07-03 12:20:39,532.8,29.2,Stanley,Lila,
9092206505,Stanley 40oz Lindo color coral 🪸 especial edition color,70.0,1781163320,2026-07-02 07:07:49,2026-07-03 12:20:39,disappeared,2026-07-04 06:34:57,551.0,47.5,Stanley,Corail,40oz coral
8983612380,"Stanley Quencher H2.0 Fluted Tumbler 30oz / 0,88L in Petrolblau metallic",40.0,1779953721,2026-07-02 07:07:49,2026-07-04 06:34:57,active,,,,Stanley,Bleu,30oz blue
8983613476,Stanley Quencher H2.0 Fluted Tumbler lila metallic,40.0,1779953727,2026-07-02 07:07:49,2026-07-04 06:34:57,active,,,,Stanley,Violet,
8996075639,Stainley,40.0,1779953727,2026-07-02 07:07:49,2026-07-04 06:34:57,active,,,,Stanley,Abricot,
8849195574,Stanley Quencher H2.0 Tumbler,50.0,1778744129,2026-07-02 07:07:49,2026-07-04 06:34:57,active,,,,Stanley,Rose,
9003374643,Stanley Cup- deckel unbenutzt,23.0,1779953730,2026-07-02 07:07:49,2026-07-03 12:20:39,disappeared,2026-07-04 06:34:57,887.0,47.5,Stanley,Lila,
8969830756,Stanley wasserflasche,35.0,1779348930,2026-07-02 07:07:49,2026-07-02 16:53:29,disappeared,2026-07-03 12:20:39,1036.8,29.2,Stanley,Turquoise,
8968423101,Original Stanley Pro Tours Azur Blau,42.99,1779348999,2026-07-02 07:07:49,2026-07-04 06:34:57,active,,,,Stanley,Bleu,
8928936309,Stanley Barbie,65.0,1779349007,2026-07-02 07:07:49,2026-07-03 12:20:39,disappeared,2026-07-04 06:34:57,1055.0,47.5,Stanley,Fuchsia,
8938014281,Vaso Stanley,48.0,1779349004,2026-07-02 07:07:49,2026-07-04 06:34:57,active,,,,Stanley,Abricot,
8868484687,Stanley limitededition,85.0,1778744200,2026-07-02 07:07:49,2026-07-04 06:34:57,active,,,,Stanley,Lila,
8868468120,Stanley,40.0,1778744203,2026-07-02 07:07:49,2026-07-02 08:36:01,disappeared,2026-07-02 16:53:29,1185.3,9.8,Stanley,Menthe,
8853072316,Stanley Cup mit Glasröhrchen von Influencer,35.0,1778744208,2026-07-02 07:07:49,2026-07-03 12:20:39,disappeared,2026-07-04 06:34:57,1223.0,47.5,Stanley,Lila,
8681801995,Nieuw stanley Quencher beker,25.0,1777793810,2026-07-02 07:07:49,2026-07-04 06:34:57,active,,,,Stanley,Bleu clair,
8808133489,Stanley Cup,50.0,1778139420,2026-07-02 07:07:49,2026-07-02 16:53:29,disappeared,2026-07-03 12:20:39,1372.7,29.2,Stanley,Jaune,
8764247526,Grüne Stanley Flasche,35.0,1777793812,2026-07-02 07:07:49,2026-07-04 06:34:57,active,,,,Stanley,Vert,
8771145121,Bottiglia Stanley azzurra,35.0,1777793815,2026-07-02 07:07:49,2026-07-03 12:20:39,disappeared,2026-07-04 06:34:57,1487.0,47.5,Stanley,Bleu clair,
8693626761,Staley Cup neu schwarz matt 1.18L,48.0,1777793817,2026-07-02 07:07:49,2026-07-03 12:20:39,disappeared,2026-07-04 06:34:57,1487.0,47.5,Stanley,Noir,1.18l black
8579201326,Quencher ProTour Flip Straw Tumbler | 1.18L | Cream Rose Gold,29.0,1777793818,2026-07-02 07:07:49,2026-07-04 06:34:57,active,,,,Stanley,Beige,1.18l cream
8606947616,Stanley Flip Straw- Ash Color,50.0,1777793821,2026-07-02 07:07:49,2026-07-02 07:07:49,disappeared,2026-07-02 08:36:01,1441.0,1.5,Stanley,Gris,
8542413945,Stanley Quencher H2.0 Flowstate Tumbler Orange,40.0,1775201833,2026-07-02 07:07:49,2026-07-04 06:34:57,active,,,,Stanley,Orange,
8637276771,Stanley Cup pink,45.0,1777793890,2026-07-02 07:07:49,2026-07-02 16:53:29,disappeared,2026-07-03 12:20:39,1468.7,29.2,Stanley,Fuchsia,
8638005775,Stanley Cup,65.0,1777793891,2026-07-02 07:07:49,2026-07-03 12:20:39,disappeared,2026-07-04 06:34:57,1486.9,47.5,Stanley,Rose,
8629106722,"Stanley Becher 1,18L - wie neu",50.0,1777793895,2026-07-02 07:07:49,2026-07-02 07:07:49,disappeared,2026-07-02 08:36:01,1441.0,1.5,Stanley,Gris,1.18l grey
8548611767,Stanley quencher beige 1.18L/40oz,40.0,1777793895,2026-07-02 07:07:49,2026-07-04 06:34:57,active,,,,Stanley,Crème,1.18l cream
8424058236,Stanley Quencher H2.0 FlowState Tumbler 1.2L,30.0,1775201892,2026-07-02 07:07:49,2026-07-04 06:34:57,active,,,,Stanley,Crème,1.2l cream
8426995240,Stanley pink,45.0,1775201898,2026-07-02 07:07:49,2026-07-04 06:34:57,active,,,,Stanley,Rose,
8494286385,Stanly Quencher H2.0 Flowstate Tumbler Valentinstag,100.0,1775201900,2026-07-02 07:07:49,2026-07-04 06:34:57,active,,,,Stanley,Fuchsia,
8374083469,Stanley Quencher H2.0 FlowState Tumbler 1.2L,30.0,1775201902,2026-07-02 07:07:49,2026-07-04 06:34:57,active,,,,Stanley,Noir,1.2l black
8398825292,Stanley Cup,37.0,1775201903,2026-07-02 07:07:49,2026-07-03 12:20:39,disappeared,2026-07-04 06:34:57,2206.9,47.5,Stanley,Lila,
8373883369,Stanley Quencher H2.0 FlowState Tumbler 1.2L,30.0,1775201904,2026-07-02 07:07:49,2026-07-04 06:34:57,active,,,,Stanley,Crème,1.2l cream
8339488528,Stanley Cup,35.0,1775201907,2026-07-02 07:07:49,2026-07-03 12:20:39,disappeared,2026-07-04 06:34:57,2206.9,47.5,Stanley,Vert,
8272856870,Stanley 10-10824-003 Quencher H2.0 FlowState,35.0,1772614766,2026-07-02 07:07:49,2026-07-04 06:34:57,active,,,,Stanley,Rose,
8197164419,Botella Stanley 1.18,35.0,1772713609,2026-07-02 07:07:49,2026-07-03 12:20:39,disappeared,2026-07-04 06:34:57,2898.1,47.5,Stanley,Rose,
8099570416,Stanley Quencher Tumbler 1.2 l Espresso,105.0,1772614768,2026-07-02 07:07:49,2026-07-04 06:34:57,active,,,,Stanley,Marron,1.2l brown
7403445734,Stanley Adventure Quencher Travel Tumbler  - Ocean Blue Tie Dye,50.0,1762246769,2026-07-02 07:07:49,2026-07-04 06:34:57,active,,,,Stanley,Bleu,
8174981076,Stanley cup,50.0,1772614770,2026-07-02 07:07:49,2026-07-04 06:34:57,active,,,,Stanley,Menthe,
8146747630,Stanley gourde isotherme,47.0,1772643830,2026-07-02 07:07:49,2026-07-02 16:53:29,disappeared,2026-07-03 12:20:39,2899.3,29.2,Stanley,Bleu,
8055740833,NEU Stanley Trinkflasche The flow state rose,40.0,,2026-07-02 07:07:49,2026-07-02 07:07:49,disappeared,2026-07-02 08:36:01,,1.5,Stanley,Rose,
7890959594,"0,9 Liter Stanley Cup",37.0,1770121675,2026-07-02 07:07:49,2026-07-03 12:20:39,disappeared,2026-07-04 06:34:57,3618.1,47.5,Stanley,Crème,
8003506907,Stanley 1913 x LoveShackFancy limited edition 1.18l,110.0,1770121678,2026-07-02 07:07:49,2026-07-04 06:34:57,active,,,,Stanley,Bleu clair,1.18l bleu clair
7795567524,Stanley Cup 1.18L in Pink,40.0,,2026-07-02 07:07:49,2026-07-02 08:36:01,disappeared,2026-07-02 16:53:29,,9.8,Stanley,Rose,1.18l pink
7867847147,Stanley Becher,45.0,1770022779,2026-07-02 07:07:49,2026-07-02 16:53:29,disappeared,2026-07-03 12:20:39,3627.4,29.2,Stanley,Bleu,
7801702432,Stanley Quencher FlowState H2.0 - Bicchiere termico borraccia,49.0,1767529680,2026-07-02 07:07:49,2026-07-04 06:34:57,active,,,,Stanley,Fuchsia,
7822769232,Stanley blau groß,40.0,1767459832,2026-07-02 07:07:49,2026-07-04 06:34:57,active,,,,Stanley,Bleu clair,
7870575676,Stanley Tumbler Lilac,50.0,1770121679,2026-07-02 07:07:49,2026-07-04 06:34:57,active,,,,Stanley,Lila,
7844969388,gourde Stanley X Pepe Chicken,40.0,,2026-07-02 07:07:49,2026-07-02 07:07:49,disappeared,2026-07-02 08:36:01,,1.5,Stanley,Beige,
7853455284,Termo,40.0,,2026-07-02 07:07:49,2026-07-02 07:07:49,disappeared,2026-07-02 08:36:01,,1.5,Stanley,Lila,
8584893937,Occhiali 1 classe bauli,14.99,1777794000,2026-07-02 07:07:49,2026-07-02 07:07:49,disappeared,2026-07-02 08:36:01,1440.9,1.5,1A CLASSE,Marron,
7694656778,Stanley 1.18L 40oz,39.0,1767459844,2026-07-02 07:07:49,2026-07-03 12:20:39,disappeared,2026-07-04 06:34:57,4357.5,47.5,Stanley,Kaki,1.18l green
7275852790,Stanley x Starbucks Quencher H2.0 Tumbler – 30 oz / 887 ml – Charcoal (Neuwertig,45.0,1762246854,2026-07-02 07:07:49,2026-07-02 16:53:29,disappeared,2026-07-03 12:20:39,5787.3,29.2,Stanley,Gris,30oz grey
7574087944,Stanley azul y dorado,25.0,,2026-07-02 07:07:49,2026-07-02 07:07:49,disappeared,2026-07-02 08:36:01,,1.5,Stanley,,
7598750418,Stanley,40.0,1764838855,2026-07-02 07:07:49,2026-07-04 06:34:57,active,,,,Stanley,Rose,
7603544684,Original Stanley Cup – 887 ml – Mint Grün,40.0,1765003092,2026-07-02 07:07:49,2026-07-04 06:34:57,active,,,,Stanley,Menthe,887ml green
7490842763,"Stanley cup Tumbler 0,89L",36.99,1764867840,2026-07-02 07:07:49,2026-07-04 06:34:57,active,,,,Stanley,Bleu,0.89l blue
7290703633,Stanley Thermobecher,45.0,1762345680,2026-07-02 07:07:49,2026-07-04 06:34:57,active,,,,Stanley,Lila,
7448913996,"Stanley Türkis 1,18l",38.0,1762275842,2026-07-02 07:07:49,2026-07-04 06:34:57,active,,,,Stanley,Turquoise,1.18l turquoise
6585659750,"Stanley Quencher H2.0 Flowstate tumbler Rose Quartz 1,18 lt.",35.0,1751977685,2026-07-02 07:07:49,2026-07-04 06:34:57,active,,,,Stanley,Rose,
7372488919,Stanley borraccia,60.0,1762345687,2026-07-02 07:07:49,2026-07-03 12:20:39,disappeared,2026-07-04 06:34:57,5778.1,47.5,Stanley,Beige,
8246268355,"Stanley Quencher,tumbler termico(Claire 's)",4.0,1772643850,2026-07-02 07:07:49,2026-07-04 06:34:57,active,,,,Claire,Bleu clair,
7111681388,Stanley original come up with stickers,40.0,,2026-07-02 07:07:49,2026-07-02 07:07:49,disappeared,2026-07-02 08:36:01,,1.5,Stanley,Beige,
7016098901,Stanley IceFlow Tumbler 30 oz,70.0,,2026-07-02 07:07:49,2026-07-02 07:07:49,disappeared,2026-07-02 08:36:01,,1.5,Stanley,Menthe,30oz green
6497958621,Stanley x P.E Nation Limited Australian Collaboration 40oz,75.0,1751878866,2026-07-02 07:07:49,2026-07-02 08:36:01,disappeared,2026-07-02 16:53:29,8647.9,9.8,Stanley,Doré,40oz doré
8276223020,Oakley Line Miner L Sage Kotsenburg signature series,140.0,1772713688,2026-07-02 07:07:49,2026-07-03 12:20:39,disappeared,2026-07-04 06:34:57,2898.1,47.5,Oakley,Vert,
8247495289,Maschera oakley o frame vintage,160.0,1772713689,2026-07-02 07:07:49,2026-07-03 12:20:39,disappeared,2026-07-04 06:34:57,2898.1,47.5,Oakley,Rouge,
8118456954,Ijsblokjesvorm voor Stanley,5.0,1772713688,2026-07-02 07:07:49,2026-07-04 06:34:57,active,,,,Normal,Rose,
8148547584,Oakley Eyepatch Todd Francis Limited Edition,215.0,,2026-07-02 07:07:49,2026-07-02 07:07:49,disappeared,2026-07-02 08:36:01,,1.5,Oakley,Noir,
8110297421,Poster originale Oakley,60.0,,2026-07-02 07:07:49,2026-07-02 07:07:49,disappeared,2026-07-02 08:36:01,,1.5,Oakley,Multicolore,
7046532776,Oakley wind jacket 2.0,70.0,1759753694,2026-07-02 07:07:49,2026-07-03 12:20:39,disappeared,2026-07-04 06:34:57,6498.1,47.5,Oakley,Noir,
2171901239,Schwarzes T- Shirt ,4.0,,2026-07-02 07:07:49,2026-07-02 07:07:49,disappeared,2026-07-02 08:36:01,,1.5,Stanley,Noir,
6923968181,Pub oakley,10.0,,2026-07-02 07:07:49,2026-07-02 07:07:49,disappeared,2026-07-02 08:36:01,,1.5,Oakley,Multicolore,
7213744294,occhiali oakley frogskins Polarized,70.0,1759819094,2026-07-02 07:07:49,2026-07-04 06:34:57,active,,,,Oakley,Vert,
7289317417,Oakley Hydra F Olive Ink Prizm Trail Torch occhiali da sole,100.0,,2026-07-02 07:07:49,2026-07-02 07:07:49,disappeared,2026-07-02 08:36:01,,1.5,Oakley,Vert foncé,
6875976852,Bandshirt Dicht & Ergreifend,9.0,,2026-07-02 07:07:49,2026-07-02 07:07:49,disappeared,2026-07-02 08:36:01,,1.5,Stanley/Stella,Bleu clair,
6117879215,Zaino Oakley Roll top 23 mimetico,55.0,,2026-07-02 07:07:49,2026-07-02 07:07:49,disappeared,2026-07-02 08:36:01,,1.5,Oakley,Marron,
1734105830,Occhiali da sole Oakley ,80.0,,2026-07-02 07:07:49,2026-07-02 07:07:49,disappeared,2026-07-02 08:36:01,,1.5,Oakley,Jaune,
1484273851,Occhiali da sole oakley,50.0,,2026-07-02 07:07:49,2026-07-03 12:20:39,disappeared,2026-07-04 06:34:57,,47.5,Oakley,Noir,
9301293267,Stanley 40oz – rose – un bon plan,30.0,1782981071,2026-07-02 08:36:01,2026-07-02 16:53:29,disappeared,2026-07-03 12:20:39,27.8,27.7,Stanley,,40oz pink
9301276271,The Barbie x Stanley Icon Quencher,65.0,1782983055,2026-07-02 08:36:01,2026-07-04 06:34:57,active,,,,Stanley,Noir,
9301287212,The Barbie x Stanley Icon Quencher,65.0,1782983134,2026-07-02 08:36:01,2026-07-04 06:34:57,active,,,,Stanley,Noir,
9301238728,The Barbie x Stanley Icon Quencher,65.0,,2026-07-02 08:36:01,2026-07-02 08:36:01,disappeared,2026-07-02 16:53:29,,8.3,Stanley,Fuchsia,
9301179947,"Stanley 1913 Quencher H2.0 FlowState Trinkbecher 1,18 l - Ash",45.0,1782979351,2026-07-02 08:36:01,2026-07-04 06:34:57,active,,,,Stanley,Gris,1.18l grey
9301061442,"Borraccia Stanley Quencher H2.0 FlowState - Rose 1,18L",25.0,,2026-07-02 08:36:01,2026-07-02 08:36:01,disappeared,2026-07-02 16:53:29,,8.3,Stanley,,1.18l pink
9300937602,Stanley Quencher,25.0,1782995296,2026-07-02 08:36:01,2026-07-04 06:34:57,active,,,,Stanley,Crème,
9297767663,Stanley Cup Cream,34.6,1782925346,2026-07-02 08:36:01,2026-07-02 08:36:01,disappeared,2026-07-02 16:53:29,23.9,8.3,Stanley,Crème,
9297785322,stanley cup,60.0,1782995295,2026-07-02 08:36:01,2026-07-03 12:20:39,disappeared,2026-07-04 06:34:57,42.1,46.0,Stanley,Orange,
9296621305,Stanley flip straw 30 oz NIEUW,35.0,1782918159,2026-07-02 08:36:01,2026-07-02 08:36:01,disappeared,2026-07-02 16:53:29,25.8,8.3,Stanley,Fuchsia,30oz pink
9290413746,Stanley gourde,37.0,1782887896,2026-07-02 08:36:01,2026-07-04 06:34:57,active,,,,Stanley,Crème,
9271063639,borraccia oakley,15.0,1782723760,2026-07-02 08:36:01,2026-07-04 06:34:57,active,,,,Oakley,Noir,
9215443470,Nuevo con etiqueta - Taza térmica Stanley rosa 30oz,55.0,1782378162,2026-07-02 08:36:01,2026-07-04 06:34:57,active,,,,Stanley,Rose,30oz pink
9213624280,"Stanley Quencher H2.0 FlowState Tumbler 1,18 L , Hellblau",41.0,1782378170,2026-07-02 08:36:01,2026-07-04 06:34:57,active,,,,Stanley,Turquoise,1.18l turquoise
9214975042,Stanley drinkfles,39.0,1782476963,2026-07-02 08:36:01,2026-07-04 06:34:57,active,,,,Stanley,Bleu clair,
9179430214,Botella Lila Stanley,45.0,1781773371,2026-07-02 08:36:01,2026-07-04 06:34:57,active,,,,Stanley,Lila,
9138869230,Stanley nueva,35.0,1781168570,2026-07-02 08:36:01,2026-07-04 06:34:57,active,,,,Stanley,Turquoise,
9096967454,Termo Stanley,32.0,1780727898,2026-07-02 08:36:01,2026-07-04 06:34:57,active,,,,Stanley,Noir,
9025710811,Nueva con etiqueta - perfectas condiciones - Taza térmica Stanley 20oz,55.0,1780563847,2026-07-02 08:36:01,2026-07-04 06:34:57,active,,,,Stanley,Rose,20oz pink
9111475659,Oakley  sunglasses soft case in cordura,75.0,,2026-07-02 08:36:01,2026-07-02 08:36:01,disappeared,2026-07-02 16:53:29,,8.3,Oakley,Noir,
9087279790,Trinkflasche,7.0,,2026-07-02 08:36:01,2026-07-02 08:36:01,disappeared,2026-07-02 16:53:29,,8.3,,Lila,
9051709687,Bruckner Merch Hoodie,12.0,,2026-07-02 08:36:01,2026-07-02 08:36:01,disappeared,2026-07-02 16:53:29,,8.3,Stanley/Stella,Gris,
8890370329,Stanley Cup,35.0,1778749453,2026-07-02 08:36:01,2026-07-03 12:20:39,disappeared,2026-07-04 06:34:57,1221.5,46.0,Stanley,Lila,
8532105019,Stanley Tour Pro Flip Straw Tumbler 20oz,32.0,,2026-07-02 08:36:01,2026-07-02 08:36:01,disappeared,2026-07-02 16:53:29,,8.3,Stanley,Violet,20oz purple
8696811649,gourde stanley lila,40.0,1777827941,2026-07-02 08:36:01,2026-07-02 16:53:29,disappeared,2026-07-03 12:20:39,1459.2,27.7,Stanley,Lila,
8671806482,Stanley Cup neu,40.0,,2026-07-02 08:36:01,2026-07-02 16:53:29,disappeared,2026-07-03 12:20:39,,27.7,Stanley,Noir,
8639295474,Stanley Cup - USA - 30oz - 887ml,25.0,1777897765,2026-07-02 08:36:01,2026-07-04 06:34:57,active,,,,Stanley,Turquoise,30oz turquoise
8620157235,Stanley Cup ProTour Tumbler,55.0,,2026-07-02 08:36:01,2026-07-02 16:53:29,disappeared,2026-07-03 12:20:39,,27.7,Stanley,Rouge,
8567209989,Termo Stanley,50.0,1777897766,2026-07-02 08:36:01,2026-07-03 12:20:39,disappeared,2026-07-04 06:34:57,1458.1,46.0,Stanley,Menthe,
7558999202,Stanley Cup,40.0,1764839068,2026-07-02 08:36:01,2026-07-04 06:34:57,active,,,,Stanley,,
5399367913,Stanley x Starbucks edición limitada,150.0,1782981269,2026-07-02 08:36:01,2026-07-02 08:36:01,disappeared,2026-07-02 16:53:29,8.3,8.3,Stanley,Rouge,
4069603802,Borraccia termica,65.0,,2026-07-02 08:36:01,2026-07-03 12:20:39,disappeared,2026-07-04 06:34:57,,46.0,Stanley,Rose,
6917889526,Stanley cup travel cup water bottle,35.0,1757064089,2026-07-02 08:36:01,2026-07-02 08:36:01,disappeared,2026-07-02 16:53:29,7207.5,8.3,Stanley,Marine,
6826448405,"Originale Stanley verde lime da 1,2 litri 40 Oz",42.0,1757064090,2026-07-02 08:36:01,2026-07-04 06:34:57,active,,,,Stanley,,40oz green
8378676313,Strandpullover,4.0,1775208088,2026-07-02 08:36:01,2026-07-02 08:36:01,disappeared,2026-07-02 16:53:29,2167.5,8.3,Stanley/Stella,Corail,
6000627659,Oakley 9013 Frogskins colore 24-343,70.0,,2026-07-02 08:36:01,2026-07-02 08:36:01,disappeared,2026-07-02 16:53:29,,8.3,Oakley,Marron,
5075309955,Cappello vintage oakley,25.0,1782982294,2026-07-02 08:36:01,2026-07-02 08:36:01,disappeared,2026-07-02 16:53:29,8.0,8.3,Oakley,Kaki,
9305390609,Stanley Quencher H2.0 Tumbler,35.0,,2026-07-02 16:53:29,2026-07-02 16:53:29,disappeared,2026-07-03 12:20:39,,19.5,Stanley,Rose,
9305378864,Stanley Quencher H2.0 Tumbler,35.0,1783010698,2026-07-02 16:53:29,2026-07-02 16:53:29,disappeared,2026-07-03 12:20:39,19.6,19.5,Stanley,Noir,
9305345912,Stanley Quencher H2.0 Tumbler 30oz – Cream White,28.5,1783010442,2026-07-02 16:53:29,2026-07-03 12:20:39,disappeared,2026-07-04 06:34:57,37.9,37.7,Stanley,Crème,30oz cream
9305311405,"Stanley The Quencher H2.0 FlowState Tumbler 1,18L Cream / Beige Neuf",34.0,1783010230,2026-07-02 16:53:29,2026-07-02 16:53:29,disappeared,2026-07-03 12:20:39,19.7,19.5,Stanley,Beige,1.18l cream
9305290699,"Stanley Quencher H2.0 FlowState 1,18L Rose 🌸 Neuf avec boîte",34.0,1783010085,2026-07-02 16:53:29,2026-07-04 06:34:57,active,,,,Stanley,Rose,1.18l pink
9305190471,Vaso Stanley Quencher,30.0,1783009767,2026-07-02 16:53:29,2026-07-04 06:34:57,active,,,,Stanley,Turquoise,
9305171102,Stanley Quencher H2.0 Tumbler,36.0,1783009772,2026-07-02 16:53:29,2026-07-04 06:34:57,active,,,,Stanley,Noir,
9305009428,"Isolierte Trinkflasche pink The Flowstate Quencher H2.0 Tumbler, Barbie von Stan",55.0,1783009773,2026-07-02 16:53:29,2026-07-03 12:20:39,disappeared,2026-07-04 06:34:57,38.1,37.7,Stanley,Fuchsia,
9304991119,"Trinkflasche The Flowstate Quencher H2.0 Tumbler, Barbie von Stanley, pink",55.0,1783009774,2026-07-02 16:53:29,2026-07-03 12:20:39,disappeared,2026-07-04 06:34:57,38.1,37.7,Stanley,Fuchsia,
9304916128,Stanley quencher 30ml cup,25.0,1783008436,2026-07-02 16:53:29,2026-07-04 06:34:57,active,,,,Stanley,Noir,30ml black
9304823251,"Isolierte Stanley Trinkflasche The Flowstate Quencher H2.0 Tumbler, rose",55.0,1783009774,2026-07-02 16:53:29,2026-07-03 12:20:39,disappeared,2026-07-04 06:34:57,38.1,37.7,Stanley,Rose,
9304883877,Botella Stanley Quencher H2.0,25.0,1783009776,2026-07-02 16:53:29,2026-07-03 12:20:39,disappeared,2026-07-04 06:34:57,38.1,37.7,Stanley,Blanc,
9304638058,Stanley Cup 1.18l Lila,35.0,1783008457,2026-07-02 16:53:29,2026-07-02 16:53:29,disappeared,2026-07-03 12:20:39,20.2,19.5,Stanley,Lila,1.18l purple
9304510870,Gourde Stanley,40.0,1783008457,2026-07-02 16:53:29,2026-07-04 06:34:57,active,,,,Stanley,Crème,
9304485737,Botella Morada Stanley Quencher 2.0,30.0,1783004855,2026-07-02 16:53:29,2026-07-02 16:53:29,disappeared,2026-07-03 12:20:39,21.2,19.5,Stanley,Lila,
9304484870,Originaler Stanley,27.0,1783004862,2026-07-02 16:53:29,2026-07-02 16:53:29,disappeared,2026-07-03 12:20:39,21.2,19.5,Stanley,Menthe,
9304307777,"Original Stanley Quencher 1,18l (40 oz) | Hellrosa",30.0,1783004866,2026-07-02 16:53:29,2026-07-03 12:20:39,disappeared,2026-07-04 06:34:57,39.5,37.7,Stanley,Rose,1.18l pink
9300635422,Gourde Stanley Quencher H2.0 Tumbler,28.0,,2026-07-02 16:53:29,2026-07-02 16:53:29,disappeared,2026-07-03 12:20:39,,19.5,Stanley,Lila,
9303643207,"Stanley Quencher H2.0 FlowState Tumbler, schwarz",25.0,1783001276,2026-07-02 16:53:29,2026-07-04 06:34:57,active,,,,Stanley,Noir,
9302921789,Stanley LoveShackFancy limited collab 20oz insulated tumbler full gift box,48.0,1783060699,2026-07-02 16:53:29,2026-07-04 06:34:57,active,,,,Stanley,Rose,20oz pink
9303497659,Stanley Cup rosa,55.0,1783001352,2026-07-02 16:53:29,2026-07-02 16:53:29,disappeared,2026-07-03 12:20:39,22.2,19.5,Stanley,Rose,
9302783170,Stanley Quencher-1.18L,25.0,,2026-07-02 16:53:29,2026-07-02 16:53:29,disappeared,2026-07-03 12:20:39,,19.5,Stanley,Rose,1.18l pink
9302810341,Stanley Quencher-1.18L,25.0,1782995381,2026-07-02 16:53:29,2026-07-03 12:20:39,disappeared,2026-07-04 06:34:57,42.1,37.7,Stanley,Blanc,1.18l white
9297175945,"Stanley Quencher H2.0 FlowState 0,9L Blanche Neuve",27.0,,2026-07-02 16:53:29,2026-07-02 16:53:29,disappeared,2026-07-03 12:20:39,,19.5,Stanley,Blanc,0.9l white
9302303725,Stanley quencher,23.0,1782990557,2026-07-02 16:53:29,2026-07-02 16:53:29,disappeared,2026-07-03 12:20:39,25.2,19.5,Stanley,Crème,
9302679685,Stanley,23.0,1782995383,2026-07-02 16:53:29,2026-07-04 06:34:57,active,,,,Stanley,Gris,
9301863723,Stanley Cup,60.0,1782986960,2026-07-02 16:53:29,2026-07-04 06:34:57,active,,,,Stanley,Crème,
9301728375,🎀 Stanley Cup x LoveShackFancy – Floral Bleu 💙🌸,70.0,,2026-07-02 16:53:29,2026-07-02 16:53:29,disappeared,2026-07-03 12:20:39,,19.5,Stanley,Bleu clair,
9301559675,"Mug isotherme Stanley Quencher H2.0 de 1,18 L",35.0,1782986972,2026-07-02 16:53:29,2026-07-03 12:20:39,disappeared,2026-07-04 06:34:57,44.4,37.7,Stanley,Gris,1.18l grey
9301581807,Sac pour mug Stanley Quencher 1.18 L All-Day Quencher Carry-All,30.0,1782986968,2026-07-02 16:53:29,2026-07-02 16:53:29,disappeared,2026-07-03 12:20:39,26.2,19.5,Stanley,Noir,1.18l black
9301593359,Sac pour mug Stanley Quencher 1.18 L All-Day Quencher Carry-All,30.0,1782986977,2026-07-02 16:53:29,2026-07-04 06:34:57,active,,,,Stanley,Crème,1.18l cream
9300916407,Gourde stanley,36.0,1782979770,2026-07-02 16:53:29,2026-07-04 06:34:57,active,,,,Stanley,Crème,
9302349051,Stanley Quencher H2.0 Tumbler .88L,36.0,1782990577,2026-07-02 16:53:29,2026-07-04 06:34:57,active,,,,Stanley,Orange,88l orange
9259264514,Stanley ProTour 30 oz - Sunrise Spiral,55.0,1782563383,2026-07-02 16:53:29,2026-07-03 12:20:39,disappeared,2026-07-04 06:34:57,162.1,37.7,Stanley,Multicolore,30oz multicolore
9274927022,Forest in afternoon sky,30.0,,2026-07-02 16:53:29,2026-07-02 16:53:29,disappeared,2026-07-03 12:20:39,,19.5,Selfmade,Multicolore,
9239595962,Stanley Cup unbenutzt Trinkbecher Trinkflasche,35.0,1782476982,2026-07-02 16:53:29,2026-07-03 12:20:39,disappeared,2026-07-04 06:34:57,186.1,37.7,Stanley,Multicolore,
9207217337,gourde stanley rose quencher,26.0,1782407452,2026-07-02 16:53:29,2026-07-04 06:34:57,active,,,,Stanley,Rose,
9223160260,Borraccia Stanley,70.0,,2026-07-02 16:53:29,2026-07-02 16:53:29,disappeared,2026-07-03 12:20:39,,19.5,Stanley,Turquoise,
9199484565,Hellgrüner Stanley Cup,46.0,1781802666,2026-07-02 16:53:29,2026-07-03 12:20:39,disappeared,2026-07-04 06:34:57,373.4,37.7,Stanley,Menthe,
9071862076,Stanley Quencher H2.0 40oz,32.0,,2026-07-02 16:53:29,2026-07-02 16:53:29,disappeared,2026-07-03 12:20:39,,19.5,Stanley,Marron,40oz brown
9035829750,Gourde,35.9,1780662649,2026-07-02 16:53:29,2026-07-04 06:34:57,active,,,,Stanley,Rose,
9082153764,Borraccia termica Stanley,35.0,1780662653,2026-07-02 16:53:29,2026-07-04 06:34:57,active,,,,Stanley,Vert,
9025615588,Nueva con perfectas condiciones - Taza térmica Stanley negra mate 20oz,55.0,1780662653,2026-07-02 16:53:29,2026-07-04 06:34:57,active,,,,Stanley,Noir,20oz black
8945746458,Stanley Cup Pink,30.0,,2026-07-02 16:53:29,2026-07-02 16:53:29,disappeared,2026-07-03 12:20:39,,19.5,Stanley,,
8931448770,Stanley Cup Pastell lila,43.0,1779453051,2026-07-02 16:53:29,2026-07-04 06:34:57,active,,,,Stanley,Bleu clair,
8760849657,Mochila Portaherramientas Stanley STST1-72335,35.9,1777828307,2026-07-02 16:53:29,2026-07-02 16:53:29,disappeared,2026-07-03 12:20:39,1459.1,19.5,Stanley,Jaune,
8963383959,Gretas Freunde Buch Our Tiny Camping Club,10.0,1779383507,2026-07-02 16:53:29,2026-07-02 16:53:29,disappeared,2026-07-03 12:20:39,1027.1,19.5,,,
8869631245,oakley gafas OO9479,85.9,1778778713,2026-07-02 16:53:29,2026-07-02 16:53:29,disappeared,2026-07-03 12:20:39,1195.1,19.5,Oakley,Noir,
8431938434,Stanley Cup 0.89l Cherry Blossom komplett neu,36.0,1775305851,2026-07-02 16:53:29,2026-07-04 06:34:57,active,,,,Stanley,Lila,0.89l purple
8724055256,Oakley flight deck M PRIZM - ski / snowboard brille - neu,90.0,1777828309,2026-07-02 16:53:29,2026-07-02 16:53:29,disappeared,2026-07-03 12:20:39,1459.1,19.5,Oakley,Kaki,
8685169610,Gafas Hawkers para luz azul TheGrefg,50.0,1777828330,2026-07-02 16:53:29,2026-07-02 16:53:29,disappeared,2026-07-03 12:20:39,1459.1,19.5,Hawkers,Multicolore,
7930405555,Stanley Becher in Lila,40.0,1770052319,2026-07-02 16:53:29,2026-07-02 16:53:29,disappeared,2026-07-03 12:20:39,3619.1,19.5,Stanley,Lila,
7745993484,Termo Stanley 1.2L,40.0,1767529858,2026-07-02 16:53:29,2026-07-03 12:20:39,disappeared,2026-07-04 06:34:57,4338.1,37.7,Stanley,Noir,1.2l black
7546998390,Stanley Cup,40.0,1764868328,2026-07-02 16:53:29,2026-07-03 12:20:39,disappeared,2026-07-04 06:34:57,5077.4,37.7,Stanley,Menthe,
7480852348,Botella color rosa clarito,35.0,1764868325,2026-07-02 16:53:29,2026-07-02 16:53:29,disappeared,2026-07-03 12:20:39,5059.1,19.5,Stanley,Rose,
7165223848,Stanley cup,35.0,,2026-07-02 16:53:29,2026-07-02 16:53:29,disappeared,2026-07-03 12:20:39,,19.5,Stanley,Bleu,
6703133351,Baby blue stanley,35.0,1754500343,2026-07-02 16:53:29,2026-07-02 16:53:29,disappeared,2026-07-03 12:20:39,7939.1,19.5,Stanley,,
8379598170,Gafas Oakley Fall Line,127.0,1775236338,2026-07-02 16:53:29,2026-07-02 16:53:29,disappeared,2026-07-03 12:20:39,2179.1,19.5,Oakley,Vert,
8309915306,Oakley ski mask,129.0,1775236341,2026-07-02 16:53:29,2026-07-02 16:53:29,disappeared,2026-07-03 12:20:39,2179.1,19.5,Oakley,Kaki,
8297502152,Oakley ski mask,129.0,,2026-07-02 16:53:29,2026-07-02 16:53:29,disappeared,2026-07-03 12:20:39,,19.5,Oakley,Vert,
5253374999,Sweat Stanley.  marine avec capuche neuf.molletonné.,7.0,1783010625,2026-07-02 16:53:29,2026-07-02 16:53:29,disappeared,2026-07-03 12:20:39,19.6,19.5,Stanley,Marine,
8064511936,Adesivo vintage Oakley Premium Dealer triangolare – Store sticker anni 2000,39.9,1770052422,2026-07-02 16:53:29,2026-07-02 16:53:29,disappeared,2026-07-03 12:20:39,3619.1,19.5,Oakley,Jaune,
7949169579,Oakley maschera da Sci,85.0,1770052421,2026-07-02 16:53:29,2026-07-02 16:53:29,disappeared,2026-07-03 12:20:39,3619.1,19.5,Oakley,Rose,
8066489071,Oakley vintage originali,60.0,1770121863,2026-07-02 16:53:29,2026-07-03 12:20:39,disappeared,2026-07-04 06:34:57,3618.1,37.7,Oakley,Noir,
8036347179,Oakley Flight Tracker L,115.0,1770052426,2026-07-02 16:53:29,2026-07-02 16:53:29,disappeared,2026-07-03 12:20:39,3619.1,19.5,Oakley,Vert,
7908168567,Chaveiro Oakley Standard Lanyard Red/Line Original.,27.5,,2026-07-02 16:53:29,2026-07-02 16:53:29,disappeared,2026-07-03 12:20:39,,19.5,Oakley,Rouge,
7739680183,Maschera sci oakley flight path,100.0,1767460442,2026-07-02 16:53:29,2026-07-02 16:53:29,disappeared,2026-07-03 12:20:39,4339.1,19.5,Oakley,Multicolore,
7151178355,Óculos Oakley Beckon Lilás (New Old Stock),40.0,,2026-07-02 16:53:29,2026-07-02 16:53:29,disappeared,2026-07-03 12:20:39,,19.5,Oakley,Violet,
7731830859,Ski Brille Oakley NEU,58.0,1767460435,2026-07-02 16:53:29,2026-07-02 16:53:29,disappeared,2026-07-03 12:20:39,4339.1,19.5,Oakley,Noir,
7062846142,Oakley Spindriff Prizm,75.0,,2026-07-02 16:53:29,2026-07-02 16:53:29,disappeared,2026-07-03 12:20:39,,19.5,Oakley,Noir,
7146433912,Zaino urbano,40.0,1759684452,2026-07-02 16:53:29,2026-07-03 12:20:39,disappeared,2026-07-04 06:34:57,6517.3,37.7,Oakley,Noir,
7161076752,Sudadera Grimey naranja – Hoodie streetwear original,27.0,1759684449,2026-07-02 16:53:29,2026-07-02 16:53:29,disappeared,2026-07-03 12:20:39,6499.1,19.5,Grimey,Orange,
5106512770,Sweat capuche Verte rare,30.0,1783010648,2026-07-02 16:53:29,2026-07-02 16:53:29,disappeared,2026-07-03 12:20:39,19.6,19.5,,Vert foncé,
4553273587,Paire de Oakley,110.0,,2026-07-02 16:53:29,2026-07-02 16:53:29,disappeared,2026-07-03 12:20:39,,19.5,Oakley,Noir,
3995979175,Oakley holbrook custom nuovo,130.0,,2026-07-02 16:53:29,2026-07-02 16:53:29,disappeared,2026-07-03 12:20:39,,19.5,Oakley,Noir,
3399588466,Étui 6 lunettes oakley,50.0,,2026-07-02 16:53:29,2026-07-02 16:53:29,disappeared,2026-07-03 12:20:39,,19.5,Oakley,Noir,
2430255300,Occhiali Oakley ,40.0,,2026-07-02 16:53:29,2026-07-02 16:53:29,disappeared,2026-07-03 12:20:39,,19.5,Oakley,Jaune,
9310472241,"Isolierte Stanley Trinkflasche The Flowstate Quencher H2.0 Tumbler, aprikot-flow",40.0,1783080599,2026-07-03 12:20:39,2026-07-03 12:20:39,disappeared,2026-07-04 06:34:57,18.4,18.2,Stanley,Abricot,
9310366284,"Isolierte Stanley Trinkflasche The Flowstate Quencher H2.0 Tumbler, neongelb",52.0,1783079807,2026-07-03 12:20:39,2026-07-03 12:20:39,disappeared,2026-07-04 06:34:57,18.6,18.2,Stanley,Jaune,
9308740025,Stanley x LoveShackFancy 20oz floral quencher tumbler pink bow limited full box ,54.21,1783067464,2026-07-03 12:20:39,2026-07-04 06:34:57,active,,,,Stanley,Rose,20oz pink
9309883149,"Stanley The Quencher H2.0 FlowState Tumbler 1,18L Cream / Beige Neuf",34.0,1783078266,2026-07-03 12:20:39,2026-07-04 06:34:57,active,,,,Stanley,Crème,1.18l cream
9309556828,"Stanley The Quencher H2.0 – 1,2 L – Grün",32.0,1783074667,2026-07-03 12:20:39,2026-07-03 12:20:39,disappeared,2026-07-04 06:34:57,20.1,18.2,Stanley,Menthe,1.2l green
9309419397,"Stanley Quencher H2.0 Tumbler 1,18 L – Beige/Cream 🤍 Neu!",28.0,1783074669,2026-07-03 12:20:39,2026-07-03 12:20:39,disappeared,2026-07-04 06:34:57,20.1,18.2,Stanley,Crème,1.18l cream
9308837404,Stanley Quencher H2.0 Tumbler,35.0,1783067471,2026-07-03 12:20:39,2026-07-04 06:34:57,active,,,,Stanley,Rose,
9308286150,Stanley Quencher H2.0 1.18L,25.0,1783060338,2026-07-03 12:20:39,2026-07-04 06:34:57,active,,,,Stanley,Rose,1.18l pink
9308330744,Stanley Cup,35.0,1783063939,2026-07-03 12:20:39,2026-07-04 06:34:57,active,,,,Stanley,Violet,
9308195874,Stanley tumbler,25.0,1783060342,2026-07-03 12:20:39,2026-07-03 12:20:39,disappeared,2026-07-04 06:34:57,24.0,18.2,Stanley,Jaune,
9307822574,Stanley Quencher H2.0 FlowState Vaso Térmico 1.18L (40 oz) con Asa y Pajita – Az,65.0,1783035139,2026-07-03 12:20:39,2026-07-04 06:34:57,active,,,,Stanley,Bleu clair,1.18l bleu clair
9308183102,Stanley Quencher ProTour Flip Straw Tumbler,35.0,1783060342,2026-07-03 12:20:39,2026-07-04 06:34:57,active,,,,Stanley,Bleu,
9307520477,Stanley Olivia Rodrigo,74.99,1783027946,2026-07-03 12:20:39,2026-07-04 06:34:57,active,,,,Stanley,Lila,
9306768021,Stanley Quencher protour tumbler,38.0,1783020747,2026-07-03 12:20:39,2026-07-04 06:34:57,active,,,,Stanley,Crème,
9306801037,Stanley Protour Tumbler,38.0,1783020748,2026-07-03 12:20:39,2026-07-03 12:20:39,disappeared,2026-07-04 06:34:57,35.0,18.2,Stanley,Noir,
9306612659,Stanley,35.0,1783020750,2026-07-03 12:20:39,2026-07-03 12:20:39,disappeared,2026-07-04 06:34:57,35.0,18.2,Stanley,Beige,
9306310785,Stanley quencher tumbler,30.0,1783017152,2026-07-03 12:20:39,2026-07-03 12:20:39,disappeared,2026-07-04 06:34:57,36.0,18.2,Stanley,Lila,
9305882500,"Stanley 1913 x Love Shack Fancy Quencher H2.O Flow StateTumbler 1,18 l Limited E",85.0,1783017155,2026-07-03 12:20:39,2026-07-03 12:20:39,disappeared,2026-07-04 06:34:57,36.0,18.2,Stanley,Blanc,1.18l white
9305616931,Borraccia Stanley,40.0,1783013556,2026-07-03 12:20:39,2026-07-04 06:34:57,active,,,,Stanley,Vert foncé,
9304680870,Stanley Becher neu mit Etikett,37.0,1783006356,2026-07-03 12:20:39,2026-07-03 12:20:39,disappeared,2026-07-04 06:34:57,39.0,18.2,Stanley,Lila,
9304695019,Stanley Becher neu mit Etikett,37.0,1783006358,2026-07-03 12:20:39,2026-07-03 12:20:39,disappeared,2026-07-04 06:34:57,39.0,18.2,Stanley,Crème,
9307844231,"Stanley Quencher Hydrangea 1,18 l",35.0,1783035225,2026-07-03 12:20:39,2026-07-04 06:34:57,active,,,,Stanley,Bleu clair,1.18l bleu clair
9301790992,Borraccia stanley rosa,40.0,1782995627,2026-07-03 12:20:39,2026-07-03 12:20:39,disappeared,2026-07-04 06:34:57,42.0,18.2,Stanley,Rose,
9300577334,Stanley Cup neu lila,36.0,1782995626,2026-07-03 12:20:39,2026-07-03 12:20:39,disappeared,2026-07-04 06:34:57,42.0,18.2,Stanley,Lila,
9287455058,Stanley Cup NEU,59.0,1782822830,2026-07-03 12:20:39,2026-07-03 12:20:39,disappeared,2026-07-04 06:34:57,90.0,18.2,Stanley,Rose,
9280727128,Stanley Cup,45.0,1782822830,2026-07-03 12:20:39,2026-07-04 06:34:57,active,,,,Stanley,Crème,
9251919553,Stanley Water bottle,20.0,1782477234,2026-07-03 12:20:39,2026-07-03 12:20:39,disappeared,2026-07-04 06:34:57,186.0,18.2,Stanley,Lila,
9243035510,Barbie x Stanley FlowState Quencher H2.0 – Ken Edition 🌵,93.0,1782477235,2026-07-03 12:20:39,2026-07-04 06:34:57,active,,,,Stanley,Noir,
9101426898,"Tazza termica con manico 1,2L",30.0,1781267635,2026-07-03 12:20:39,2026-07-03 12:20:39,disappeared,2026-07-04 06:34:57,522.0,18.2,Stanley,Lila,1.2l purple
9181050863,Schilderij oog,250.0,1781872439,2026-07-03 12:20:39,2026-07-04 06:34:57,active,,,,Myself,Multicolore,
9103173117,IceFlow Flip Straw 2.0 Tumbler 0.89L,45.0,1781267640,2026-07-03 12:20:39,2026-07-04 06:34:57,active,,,,Stanley,Menthe,0.89l green
9145912976,Oakley Sonnenbrille Frogskins *neu*,140.0,1781267645,2026-07-03 12:20:39,2026-07-03 12:20:39,disappeared,2026-07-04 06:34:57,522.0,18.2,Oakley,Noir,
9095109829,Heidelbeeren,25.0,1781267648,2026-07-03 12:20:39,2026-07-03 12:20:39,disappeared,2026-07-04 06:34:57,522.0,18.2,Selfmade,Marine,
8859713264,Zaino Stanley,50.0,1778848447,2026-07-03 12:20:39,2026-07-03 12:20:39,disappeared,2026-07-04 06:34:57,1194.0,18.2,Stanley,Noir,
8836497389,Stanley Cup Neu und komplett unbenutzt Spezial Edition,50.0,1778243648,2026-07-03 12:20:39,2026-07-03 12:20:39,disappeared,2026-07-04 06:34:57,1362.0,18.2,Stanley,Noir,
8316154656,"Gourde Stanley neuve 1,18l",35.0,1775306116,2026-07-03 12:20:39,2026-07-03 12:20:39,disappeared,2026-07-04 06:34:57,2178.0,18.2,Stanley,Bleu clair,1.18l bleu clair
8158411393,Stanley Classic Water Bottle Mug Flasche Navy Blue Blau NEU,59.0,1772714117,2026-07-03 12:20:39,2026-07-03 12:20:39,disappeared,2026-07-04 06:34:57,2898.0,18.2,Stanley,Marine,
8462687481,Oakley Line Miner L com oferta de Bolsa Oakley,80.0,1775306118,2026-07-03 12:20:39,2026-07-03 12:20:39,disappeared,2026-07-04 06:34:57,2178.0,18.2,Oakley,Noir,
8395382547,Vendo lente di ricambio per Oakley Flight Deck,40.0,1775306121,2026-07-03 12:20:39,2026-07-03 12:20:39,disappeared,2026-07-04 06:34:57,2178.0,18.2,Oakley,Turquoise,
8247549196,Maschera oakley vintage,150.0,1772714120,2026-07-03 12:20:39,2026-07-03 12:20:39,disappeared,2026-07-04 06:34:57,2898.0,18.2,Oakley,Orange,
7703389218,Gafas de sol Oakley mujer casual,84.0,1767530124,2026-07-03 12:20:39,2026-07-03 12:20:39,disappeared,2026-07-04 06:34:57,4338.0,18.2,Oakley,Noir,
7370426229,Occhiali  okkia,25.0,1762346126,2026-07-03 12:20:39,2026-07-03 12:20:39,disappeared,2026-07-04 06:34:57,5778.0,18.2,Oakley,Marron,
7096940489,Porta Lattine Oakley,10.0,1759754126,2026-07-03 12:20:39,2026-07-03 12:20:39,disappeared,2026-07-04 06:34:57,6498.0,18.2,Oakley,Noir,
7005142763,Quaderni a quadri piccoli e grandi,10.0,1759754129,2026-07-03 12:20:39,2026-07-03 12:20:39,disappeared,2026-07-04 06:34:57,6498.0,18.2,,,
7001237387,Poesie di Eugenio Montale,6.0,1759754128,2026-07-03 12:20:39,2026-07-03 12:20:39,disappeared,2026-07-04 06:34:57,6498.0,18.2,,,
5879809677,Loewe Magazine,45.0,,2026-07-03 12:20:39,2026-07-03 12:20:39,disappeared,2026-07-04 06:34:57,,18.2,Loewe,Orange,
6342456929,Eugenio Montale Poesie,5.0,,2026-07-03 12:20:39,2026-07-03 12:20:39,disappeared,2026-07-04 06:34:57,,18.2,,,
5830339858,Magazine Conde' Nast Traveller Maggio 2014  - Edizione speciale 200th Issue - Li,6.0,,2026-07-03 12:20:39,2026-07-03 12:20:39,disappeared,2026-07-04 06:34:57,,18.2,,,
3903116100,Gafas deportivas,60.0,,2026-07-03 12:20:39,2026-07-03 12:20:39,disappeared,2026-07-04 06:34:57,,18.2,Oakley,Noir,
9312141926,"Gourde Stanley Quencher H2.0, crème 1.18L",31.0,1783093100,2026-07-04 06:34:57,2026-07-04 06:34:57,active,,,,Stanley,Beige,1.18l cream
9314423437,Originele Stanley,35.0,1783114703,2026-07-04 06:34:57,2026-07-04 06:34:57,active,,,,Stanley,Bleu clair,
9314752553,"Stanley The Quencher H2.0 – 1,2 L – Grün 💚",32.49,1783118304,2026-07-04 06:34:57,2026-07-04 06:34:57,active,,,,Stanley,Menthe,1.2l green
9314621139,Bottle Stanley,45.0,1783114778,2026-07-04 06:34:57,2026-07-04 06:34:57,active,,,,Stanley,Crème,
9314293010,Stanley Quencher H2.0 - Edición Especial Mundial de Fútbol 2026,70.0,1783114775,2026-07-04 06:34:57,2026-07-04 06:34:57,active,,,,Stanley,Vert foncé,
9313808413,Stanley quencher h2.0 tumbler,33.0,1783107581,2026-07-04 06:34:57,2026-07-04 06:34:57,active,,,,Stanley,Vert foncé,
9313790959,Stanley quencher,25.0,1783107582,2026-07-04 06:34:57,2026-07-04 06:34:57,active,,,,Stanley,Crème,
9314324111,Stanley Quencher H2.0 - Edición Coleccionista Lionel Messi 10,75.0,1783111184,2026-07-04 06:34:57,2026-07-04 06:34:57,active,,,,Stanley,Bleu,
9313905575,termo stanley cr7,55.0,1783107584,2026-07-04 06:34:57,2026-07-04 06:34:57,active,,,,Stanley,Rouge,
9313320799,Stanley The Quencher H2.0,40.0,1783103987,2026-07-04 06:34:57,2026-07-04 06:34:57,active,,,,Stanley,Beige,
9313040276,"Stanley Quencher ProTour Flip Straw Tumbler mit 1,18 l Fassungsvermögen.",49.99,1783100389,2026-07-04 06:34:57,2026-07-04 06:34:57,active,,,,Stanley,Bleu clair,1.18l bleu clair
9313029929,"Stanley Quencher ProTour Flip Straw Tumbler mit 1,18 l Fassungsvermögen.",49.99,1783100392,2026-07-04 06:34:57,2026-07-04 06:34:57,active,,,,Stanley,Rose,1.18l pink
9313184982,Termo Stanley Quencher,20.0,1783103993,2026-07-04 06:34:57,2026-07-04 06:34:57,active,,,,Stanley,Crème,
9312817270,"Stanley Quencher ProTour Tumbler 30 oz / 0,88 L",43.0,1783100393,2026-07-04 06:34:57,2026-07-04 06:34:57,active,,,,Stanley,Orange,30oz orange
9312851605,Gourde Stanley Quencher Protour 30 oz,43.0,1783100396,2026-07-04 06:34:57,2026-07-04 06:34:57,active,,,,Stanley,Corail,30oz coral
9312999228,"Stanley cup x loveshackfancy beker , 1.18 L | 40 oz",54.2,1783100405,2026-07-04 06:34:57,2026-07-04 06:34:57,active,,,,Stanley,Rose,1.18l pink
9312683536,Stanley Quencher 40oz Tumbler – Pale Pink,20.0,1783096875,2026-07-04 06:34:57,2026-07-04 06:34:57,active,,,,Stanley,Rose,40oz pink
9312447649,Stanley cup  the quencher h2.0 fluted tumbler 40 Oz/ 1.18L,40.0,1783096873,2026-07-04 06:34:57,2026-07-04 06:34:57,active,,,,Stanley,Vert foncé,40oz vert foncé
9312263529,Stanley quencher tumbler 1.18l,25.0,1783096881,2026-07-04 06:34:57,2026-07-04 06:34:57,active,,,,Stanley,Lila,1.18l purple
9312215225,Stanley Tumbler H2.0 Quencher,40.0,1783096881,2026-07-04 06:34:57,2026-07-04 06:34:57,active,,,,Stanley,Rose,
9311918668,New! Stanley Quencher H2.0 Tumbler 1.18L (Midnight pearlescent),35.0,1783093279,2026-07-04 06:34:57,2026-07-04 06:34:57,active,,,,Stanley,Vert foncé,1.18l vert foncé
9311867121,"Stanley Quencher H2.0 40oz (1,18L) LoveShackFancy",58.0,1783093284,2026-07-04 06:34:57,2026-07-04 06:34:57,active,,,,Stanley,Fuchsia,40oz pink
9311532530,"Stanley Quencher H2.0 FlowState Tumbler 0,89L - nieuw drink beker",40.0,1783089684,2026-07-04 06:34:57,2026-07-04 06:34:57,active,,,,Stanley,Turquoise,0.89l turquoise
9310830470,Stanley Quencher H2.0 FlowState Tumbler 1.2L,34.99,1783086088,2026-07-04 06:34:57,2026-07-04 06:34:57,active,,,,Stanley,Crème,1.2l cream
9310859426,Stanley Barbie and rockers limited edition cup quencher h2.0 tumbler 40 is,45.0,1783086089,2026-07-04 06:34:57,2026-07-04 06:34:57,active,,,,Stanley,Multicolore,
9313045249,"Stanley Quencher ProTour Flip Straw Tumbler mit 1,18 l Fassungsvermögen.",49.99,1783100490,2026-07-04 06:34:57,2026-07-04 06:34:57,active,,,,Stanley,Rose,1.18l pink
9312175322,Stanley Quencher H2.0 Tumbler 30oz Cream White,28.5,1783093292,2026-07-04 06:34:57,2026-07-04 06:34:57,active,,,,Stanley,Crème,30oz cream
9313035287,"Stanley Quencher ProTour Flip Straw Tumbler mit 1,18 l Fassungsvermögen.",49.99,1783100493,2026-07-04 06:34:57,2026-07-04 06:34:57,active,,,,Stanley,Noir,1.18l black
9312022192,"Stanley Quencher H2.0 Tumbler 1,18 L – Beige/Cream 🤍 Neu!",28.0,1783093297,2026-07-04 06:34:57,2026-07-04 06:34:57,active,,,,Stanley,Crème,1.18l cream
9311933641,"Stanley 1913 Isolierte Trinkflasche 1,18L",36.0,1783093364,2026-07-04 06:34:57,2026-07-04 06:34:57,active,,,,Stanley,Beige,1.18l cream
9305019137,Stanley Becher,39.0,1783060964,2026-07-04 06:34:57,2026-07-04 06:34:57,active,,,,Stanley,Bleu clair,
9301575415,Lenti occhiali oakley,40.0,1783060965,2026-07-04 06:34:57,2026-07-04 06:34:57,active,,,,Oakley,Multicolore,
9257928682,Termo Stanley Yellow,22.0,1782542565,2026-07-04 06:34:57,2026-07-04 06:34:57,active,,,,Stanley,,
9200252119,"Termo Stanley Quencher H2.0 FlowState Tumbler (40oz / 1,18L) - Negro",25.0,1781937769,2026-07-04 06:34:57,2026-07-04 06:34:57,active,,,,Stanley,Noir,40oz black
8673037370,Tumbler color Coral a estrenar Stanley,45.0,1777963371,2026-07-04 06:34:57,2026-07-04 06:34:57,active,,,,Stanley,Corail,
8866923088,Speaker bottle,10.0,1778913772,2026-07-04 06:34:57,2026-07-04 06:34:57,active,,,,Manna,Vert,
8834338888,Casco Oakley MOD1 Youth S (49-53 cm) NUOVO,70.0,1778308973,2026-07-04 06:34:57,2026-07-04 06:34:57,active,,,,Oakley,Noir,
8446998717,NEU Stanley Cup | Cream,50.0,1775371374,2026-07-04 06:34:57,2026-07-04 06:34:57,active,,,,Stanley,Beige,
7429644249,Stanley Rosa,30.0,1762411377,2026-07-04 06:34:57,2026-07-04 06:34:57,active,,,,Stanley,Rose,
8565709822,Handmade with love,300.0,1777963379,2026-07-04 06:34:57,2026-07-04 06:34:57,active,,,,Selfmade,Bleu,
8446435404,Occhiali da sole Oakley Frogskins XL,120.0,1775371381,2026-07-04 06:34:57,2026-07-04 06:34:57,active,,,,Oakley,Marron,
6935721918,gourde stanley,40.0,1757227383,2026-07-04 06:34:57,2026-07-04 06:34:57,active,,,,Stanley,Beige,
8051174299,Boîte coach sportif,4.0,1770187384,2026-07-04 06:34:57,2026-07-04 06:34:57,active,,,,Coach,Fuchsia,
5591424790,Starbucks x Stanley 2024,79.99,,2026-07-04 06:34:57,2026-07-04 06:34:57,active,,,,Stanley,,
4682912991,Stanley/ Stella hoodie navy S Kapuzenpullover Sweatshirt S Kapuze Herren unisex,19.0,,2026-07-04 06:34:57,2026-07-04 06:34:57,active,,,,Stanley,Marine,
2762665769,Maglietta ,5.0,,2026-07-04 06:34:57,2026-07-04 06:34:57,active,,,,Stanley,Noir,
8004036132,Oakley Brille mit Etui inklusive,70.0,1770187455,2026-07-04 06:34:57,2026-07-04 06:34:57,active,,,,Oakley,Orange,
8022547225,Coach Rexy Bag Charm Dinosauro in Pelle – Originale (Buone Condizioni),35.0,1770187453,2026-07-04 06:34:57,2026-07-04 06:34:57,active,,,,Coach,Bleu,
7912170575,Coach Sonnenbrille,80.0,1770187458,2026-07-04 06:34:57,2026-07-04 06:34:57,active,,,,Coach,Noir,
1016428798,Grau bedruckter Ehrenfeld-Pullover ,40.0,,2026-07-04 06:34:57,2026-07-04 06:34:57,active,,,,Stanley,Gris,
7522582087,Unisex Sweatshirt mit Stehkragen,45.0,1765003461,2026-07-04 06:34:57,2026-07-04 06:34:57,active,,,,Stanley/Stella,Gris,
7537382713,Maschera Oakley,150.0,1765003461,2026-07-04 06:34:57,2026-07-04 06:34:57,active,,,,Oakley,Noir,
6867588028,Occhiali da sole oakley,150.0,1757227464,2026-07-04 06:34:57,2026-07-04 06:34:57,active,,,,Oakley,Orange,
3965501132,Oakley softbag,26.0,,2026-07-04 06:34:57,2026-07-04 06:34:57,active,,,,Oakley,Multicolore,
6060231295,Notebook gemaakt naar keuze,22.0,,2026-07-04 06:34:57,2026-07-04 06:34:57,active,,,,,Rose,
4895340741,Handgemaakte set,15.0,1783145669,2026-07-04 06:34:57,2026-07-04 06:34:57,active,,,,Set,Fuchsia,
4353733174,"Cooles Sweatshirt oversized,Biobaumwolle",25.0,,2026-07-04 06:34:57,2026-07-04 06:34:57,active,,,,Stanley/Stella,Crème,
3840922196,Lunette oakley reflet rouge et bleu ,90.0,,2026-07-04 06:34:57,2026-07-04 06:34:57,active,,,,Oakley,Rouge,
4188748571,Coach spring boho bag NWT drawstring purse,220.0,,2026-07-04 06:34:57,2026-07-04 06:34:57,active,,,,Coach,Orange,
1576694760,Cappellino oakley,35.0,,2026-07-04 06:34:57,2026-07-04 06:34:57,active,,,,Oakley,Rouge,
